customer_id,customer_name,gender,age,city,join_date,tenure_months,plan_type,monthly_charges,total_charges,contract_type,payment_method,support_tickets,satisfaction_score,churn
1,Udant Bal,Male,61,Jaipur,2024-08-03,41,Basic,679,27839,Monthly,UPI,7,1.6,Yes
2,Yoshita Pai,Male,53,Chennai,2025-05-16,38,Standard,715,27170,Monthly,Wallet,7,3.0,No
3,Sara Dar,Male,62,Kolkata,2024-01-25,27,Basic,601,16227,Monthly,Debit Card,0,4.0,No
4,Nimrat Mannan,Female,40,Lucknow,2022-05-02,18,Basic,690,12420,Monthly,Debit Card,2,2.5,No
5,Aayush Bala,Female,58,Lucknow,2025-03-22,52,Basic,535,27820,Yearly,Debit Card,12,1.3,Yes
6,Shravya Bhagat,Male,32,Mumbai,2025-08-23,37,Basic,335,12395,Monthly,Net Banking,7,4.1,Yes
7,Sathvik Krishnamurthy,Female,62,Mumbai,2023-04-28,18,Standard,1127,20286,Monthly,Wallet,11,2.4,Yes
8,Fariq Upadhyay,Male,61,Pune,2023-08-02,41,Basic,673,27593,Monthly,UPI,14,2.5,No
9,Triveni Srivastava,Female,31,Ahmedabad,2025-10-13,15,Premium,1846,27690,Monthly,Net Banking,2,1.8,No
10,Kritika Tella,Female,65,Lucknow,2026-01-29,57,Premium,2139,121923,Monthly,Net Banking,4,2.0,No
11,Jeet Baral,Male,21,Mumbai,2026-02-01,58,Standard,885,51330,Monthly,Credit Card,4,3.0,Yes
12,Nikita Sule,Female,51,Hyderabad,2026-03-29,41,Basic,648,26568,Monthly,Wallet,2,2.5,No
13,Daniel Ganesan,Female,25,Hyderabad,2026-06-07,56,Premium,1434,80304,Yearly,Net Banking,8,4.1,No
14,Mitesh Dhaliwal,Male,50,Mumbai,2022-02-28,11,Standard,1188,13068,Yearly,Debit Card,8,4.9,No
15,Aadhya Krishna,Male,56,Pune,2024-10-29,54,Standard,1011,54594,Monthly,Net Banking,11,4.1,Yes
16,Arya Bahri,Male,54,Mumbai,2024-10-29,2,Basic,485,970,Two Year,UPI,9,2.0,Yes
17,Chandresh Palla,Female,53,Bangalore,2024-05-02,47,Standard,735,34545,Two Year,Debit Card,4,1.5,No
18,Anirudh Narula,Female,60,Pune,2021-12-31,34,Premium,2066,70244,Two Year,Net Banking,6,3.9,No
19,Xavier Kapur,Male,55,Chennai,2025-05-04,58,Standard,761,44138,Monthly,UPI,2,2.4,Yes
20,Robert Sibal,Male,50,Chennai,2024-01-21,5,Standard,730,3650,Monthly,Debit Card,1,4.4,Yes
21,Jason Comar,Female,44,Chennai,2024-03-19,43,Standard,976,41968,Monthly,UPI,15,2.0,Yes
22,Rushil Rao,Male,61,Mumbai,2025-01-04,7,Standard,881,6167,Monthly,UPI,14,4.5,Yes
23,Henry Tank,Female,26,Kolkata,2023-09-27,26,Standard,1109,28834,Two Year,Credit Card,7,1.8,Yes
24,Onkar Bhatt,Male,21,Jaipur,2023-09-22,18,Standard,1147,20646,Two Year,UPI,14,4.2,No
25,Pallavi Bora,Female,21,Bangalore,2026-01-28,6,Premium,1684,10104,Monthly,Net Banking,15,2.9,Yes
26,Eesha Gour,Female,27,Chennai,2021-09-09,1,Premium,1743,1743,Two Year,Debit Card,14,2.1,No
27,Dominic Babu,Male,21,Lucknow,2023-06-14,14,Premium,2386,33404,Yearly,Net Banking,1,4.0,No
28,Jai Apte,Male,56,Mumbai,2023-12-13,33,Premium,2287,75471,Monthly,Credit Card,2,4.4,No
29,Unni Oommen,Female,60,Lucknow,2024-08-07,26,Basic,591,15366,Monthly,Wallet,1,3.5,No
30,Qabil Badal,Female,26,Hyderabad,2022-07-24,34,Basic,433,14722,Monthly,Net Banking,10,2.0,Yes
31,Ladli Kota,Male,50,Hyderabad,2025-12-05,21,Premium,1348,28308,Monthly,Credit Card,3,1.3,No
32,Nicholas Kala,Female,52,Hyderabad,2025-05-23,60,Basic,335,20100,Two Year,Wallet,11,2.1,Yes
33,Falguni Prasad,Male,26,Hyderabad,2025-07-28,52,Standard,704,36608,Yearly,UPI,9,4.7,Yes
34,Wriddhish Sibal,Female,31,Hyderabad,2021-09-04,57,Basic,583,33231,Monthly,Wallet,9,3.4,No
35,William Mukhopadhyay,Male,18,Pune,2022-12-12,32,Basic,326,10432,Monthly,Credit Card,13,4.3,No
36,Viraj Patla,Male,22,Bangalore,2024-05-30,41,Premium,1530,62730,Yearly,Wallet,13,3.2,No
37,Bhavya Mane,Female,41,Delhi,2025-01-31,3,Premium,2392,7176,Yearly,Debit Card,13,1.5,Yes
38,Atharv Goyal,Male,33,Bangalore,2024-03-02,14,Standard,1041,14574,Monthly,Credit Card,13,4.9,Yes
39,Neha Nair,Female,60,Chennai,2023-12-19,57,Standard,791,45087,Yearly,Debit Card,10,4.1,No
40,Sachi Khalsa,Male,30,Ahmedabad,2021-12-07,11,Standard,755,8305,Monthly,Debit Card,1,4.4,No
41,Advay Chanda,Female,22,Hyderabad,2026-03-09,20,Premium,1666,33320,Monthly,Debit Card,6,2.6,Yes
42,Yoshita Bassi,Male,34,Bangalore,2021-10-09,42,Standard,1047,43974,Two Year,Wallet,10,4.8,No
43,Tanish Keer,Male,42,Lucknow,2024-03-12,17,Basic,605,10285,Monthly,Credit Card,10,2.7,Yes
44,Azaan Thaker,Male,60,Pune,2026-04-24,17,Basic,523,8891,Monthly,Wallet,6,2.5,No
45,Tanmayi Rout,Female,38,Kolkata,2024-10-24,21,Standard,763,16023,Yearly,Debit Card,9,3.0,No
46,Ikshita Nigam,Male,57,Lucknow,2025-09-01,36,Basic,515,18540,Yearly,Debit Card,12,3.7,No
47,Hemal Apte,Female,47,Ahmedabad,2025-10-15,26,Standard,700,18200,Monthly,Net Banking,6,2.7,Yes
48,Turvi Kamdar,Female,50,Lucknow,2025-10-28,44,Basic,542,23848,Yearly,Debit Card,5,3.6,No
49,Vincent Ahluwalia,Male,19,Delhi,2026-05-28,6,Premium,1681,10086,Yearly,Credit Card,7,4.2,No
50,Warinder Rajagopalan,Male,63,Kolkata,2022-09-05,31,Standard,1093,33883,Monthly,Net Banking,13,4.5,Yes
51,Zayyan Sundaram,Male,29,Jaipur,2026-02-20,26,Basic,635,16510,Yearly,Net Banking,3,4.1,No
52,Arya Golla,Female,60,Jaipur,2025-12-17,4,Standard,1169,4676,Two Year,Wallet,14,1.5,No
53,Shaurya Gaba,Female,28,Ahmedabad,2026-06-06,39,Basic,686,26754,Two Year,Net Banking,13,4.3,No
54,Veer Narayan,Female,46,Mumbai,2024-01-03,17,Standard,1130,19210,Yearly,Debit Card,15,3.5,No
55,Panini Sankar,Male,42,Bangalore,2024-11-03,16,Basic,463,7408,Two Year,Credit Card,2,1.6,No
56,Reyansh Chaudhary,Female,42,Lucknow,2021-11-19,5,Standard,869,4345,Yearly,UPI,13,1.2,No
57,Alexander Borra,Female,42,Kolkata,2024-11-17,55,Premium,2379,130845,Monthly,Wallet,0,4.8,Yes
58,Tanveer Chhabra,Female,45,Ahmedabad,2025-08-25,48,Standard,1109,53232,Yearly,UPI,7,3.0,No
59,Veer Yogi,Male,57,Jaipur,2025-11-05,25,Basic,647,16175,Yearly,UPI,5,4.4,No
60,Oscar Hayer,Male,47,Bangalore,2024-11-22,59,Basic,588,34692,Yearly,UPI,2,3.6,No
61,Widisha Bala,Female,35,Kolkata,2022-12-02,17,Basic,408,6936,Monthly,Debit Card,10,4.0,Yes
62,Falak Mukhopadhyay,Female,32,Mumbai,2021-12-28,54,Basic,309,16686,Yearly,UPI,1,5.0,No
63,Yahvi Balakrishnan,Male,26,Ahmedabad,2023-03-22,49,Basic,426,20874,Monthly,UPI,0,3.5,No
64,Aarini Bal,Male,28,Hyderabad,2023-04-25,37,Premium,2152,79624,Yearly,UPI,11,1.7,Yes
65,Idika Mittal,Male,22,Lucknow,2023-05-09,38,Basic,459,17442,Yearly,Credit Card,12,2.6,Yes
66,Ekapad Venkatesh,Male,40,Jaipur,2021-06-28,7,Standard,854,5978,Two Year,Net Banking,3,4.2,No
67,Vritti Raval,Female,24,Kolkata,2025-08-22,43,Basic,559,24037,Yearly,Debit Card,0,4.4,No
68,Udarsh Sane,Female,57,Jaipur,2022-03-25,41,Premium,2141,87781,Yearly,Net Banking,13,1.7,No
69,Tanveer Shere,Male,35,Ahmedabad,2026-04-07,30,Standard,1074,32220,Yearly,Credit Card,10,4.4,Yes
70,Balvan Garg,Female,29,Ahmedabad,2023-05-05,49,Standard,1012,49588,Yearly,Credit Card,10,1.1,No
71,Lohit Goswami,Male,23,Chennai,2025-05-09,23,Standard,874,20102,Monthly,Net Banking,8,3.2,No
72,Tristan Randhawa,Male,23,Hyderabad,2024-09-25,32,Standard,823,26336,Yearly,Credit Card,15,2.8,Yes
73,Ikbal Gera,Female,45,Jaipur,2021-12-06,26,Standard,856,22256,Yearly,Debit Card,11,2.9,Yes
74,Madhavi Wali,Male,38,Mumbai,2025-04-08,23,Standard,838,19274,Monthly,Wallet,7,1.5,No
75,Qushi Deep,Female,24,Chennai,2025-01-09,49,Standard,798,39102,Monthly,Debit Card,15,2.1,Yes
76,Henry Datta,Male,53,Hyderabad,2024-04-04,15,Basic,454,6810,Monthly,Credit Card,4,2.1,No
77,Qabil Chaudhary,Female,48,Ahmedabad,2023-06-21,41,Premium,2205,90405,Monthly,Debit Card,0,3.3,No
78,Yash Bera,Male,43,Ahmedabad,2021-12-26,12,Premium,1717,20604,Two Year,UPI,15,1.5,Yes
79,Raghav Mishra,Male,25,Jaipur,2021-12-24,37,Standard,727,26899,Monthly,Net Banking,9,1.3,Yes
80,Udarsh Chad,Female,37,Lucknow,2024-10-11,39,Standard,1016,39624,Monthly,Net Banking,12,2.8,Yes
81,Ekta Chahal,Male,58,Chennai,2024-12-28,20,Standard,730,14600,Yearly,Debit Card,3,4.8,No
82,Sathvik Jain,Female,46,Lucknow,2025-05-20,43,Basic,422,18146,Monthly,Net Banking,2,1.6,No
83,Urvi Agrawal,Male,34,Lucknow,2025-06-01,19,Basic,447,8493,Yearly,Credit Card,14,1.3,Yes
84,Ridhi Amble,Male,21,Bangalore,2024-05-12,28,Basic,415,11620,Yearly,Debit Card,8,4.3,No
85,Vamakshi Badami,Female,62,Kolkata,2025-01-09,39,Standard,991,38649,Two Year,Debit Card,14,1.5,Yes
86,Arunima Sekhon,Female,56,Hyderabad,2024-12-24,33,Standard,924,30492,Monthly,UPI,1,4.6,No
87,Onveer Divan,Female,54,Delhi,2022-11-06,6,Basic,645,3870,Two Year,Credit Card,0,5.0,No
88,Utkarsh Sheth,Female,58,Ahmedabad,2023-06-21,31,Standard,926,28706,Two Year,UPI,5,5.0,No
89,Gauri Hari,Female,44,Ahmedabad,2025-12-28,31,Basic,470,14570,Monthly,Debit Card,3,4.4,No
90,Xiti Nigam,Female,25,Kolkata,2025-07-14,43,Premium,2326,100018,Monthly,Wallet,2,2.3,Yes
91,Lakshmi Atwal,Female,57,Ahmedabad,2025-10-24,53,Premium,2311,122483,Monthly,Net Banking,1,1.8,Yes
92,Nicholas Madan,Female,25,Delhi,2023-03-06,49,Basic,436,21364,Yearly,Wallet,9,2.8,No
93,Sneha Hegde,Male,32,Mumbai,2022-08-18,52,Basic,381,19812,Monthly,Net Banking,0,3.2,No
94,Lopa Sahni,Female,44,Ahmedabad,2021-10-26,8,Standard,778,6224,Monthly,Net Banking,9,3.0,Yes
95,Pranit Kaul,Female,44,Pune,2023-10-06,16,Standard,774,12384,Monthly,Wallet,4,4.5,No
96,Anamika Bakshi,Female,52,Ahmedabad,2023-09-01,18,Premium,1779,32022,Yearly,Debit Card,15,4.5,No
97,Ekta Mangat,Male,54,Kolkata,2022-04-01,22,Standard,978,21516,Monthly,Credit Card,10,4.5,No
98,Darsh Dhar,Female,42,Bangalore,2021-12-11,55,Standard,722,39710,Monthly,Net Banking,15,3.8,Yes
99,Vrinda Narayan,Female,24,Jaipur,2025-10-22,3,Basic,602,1806,Monthly,Net Banking,3,4.5,Yes
100,Chaaya Yogi,Female,39,Lucknow,2024-08-25,1,Standard,909,909,Two Year,Net Banking,4,1.3,Yes
101,Yadavi Misra,Female,52,Delhi,2022-05-30,42,Basic,468,19656,Two Year,Wallet,12,4.8,Yes
102,Oni Sane,Female,24,Mumbai,2024-03-21,5,Basic,650,3250,Two Year,Net Banking,7,4.0,No
103,Upasna Randhawa,Female,40,Pune,2023-08-09,11,Standard,1162,12782,Monthly,Net Banking,10,4.2,Yes
104,Samarth Kar,Male,57,Kolkata,2022-12-01,10,Basic,510,5100,Yearly,Wallet,5,1.7,No
105,Sarthak Bhatia,Female,34,Delhi,2024-12-27,44,Basic,598,26312,Monthly,Net Banking,14,3.6,No
106,Reyansh Kaul,Female,58,Kolkata,2022-12-10,58,Basic,579,33582,Monthly,Debit Card,14,4.8,Yes
107,Yachana Sur,Female,54,Pune,2022-11-11,30,Premium,1607,48210,Two Year,Wallet,15,1.4,Yes
108,Qasim Mukhopadhyay,Male,56,Ahmedabad,2024-08-19,19,Premium,1804,34276,Monthly,Debit Card,12,2.1,Yes
109,Leena Tara,Female,61,Bangalore,2023-06-01,50,Standard,1010,50500,Two Year,UPI,7,3.5,No
110,Ubika Bawa,Female,64,Bangalore,2024-09-13,58,Standard,720,41760,Monthly,UPI,14,1.1,Yes
111,Falak Saxena,Female,51,Jaipur,2024-09-09,59,Basic,682,40238,Monthly,Debit Card,6,1.5,Yes
112,Sanya Parikh,Female,25,Ahmedabad,2024-11-26,54,Basic,546,29484,Two Year,UPI,9,4.0,Yes
113,Samarth Verma,Female,23,Kolkata,2024-06-29,10,Standard,815,8150,Two Year,UPI,12,4.9,No
114,Ranveer Rao,Female,24,Chennai,2022-07-20,17,Standard,932,15844,Monthly,Net Banking,8,3.3,No
115,Urvashi Verma,Female,62,Hyderabad,2022-01-31,2,Standard,1182,2364,Yearly,Net Banking,7,3.6,No
116,Joshua Randhawa,Male,52,Bangalore,2023-10-04,8,Basic,319,2552,Monthly,Net Banking,15,1.5,No
117,Jagvi Bains,Male,44,Mumbai,2024-07-22,30,Basic,680,20400,Yearly,Net Banking,13,3.3,No
118,Jyoti Nath,Female,33,Pune,2026-02-19,40,Standard,1187,47480,Monthly,UPI,11,1.9,Yes
119,Orinder Uppal,Male,47,Mumbai,2022-01-24,44,Basic,630,27720,Monthly,Credit Card,12,2.1,No
120,Upkaar Sharaf,Male,54,Chennai,2026-01-30,42,Standard,1197,50274,Monthly,UPI,10,2.0,Yes
121,Chandran Kalla,Male,56,Delhi,2023-03-12,54,Standard,806,43524,Yearly,Debit Card,7,2.3,No
122,Aashi Konda,Male,26,Delhi,2022-03-21,55,Premium,1466,80630,Yearly,Debit Card,5,1.4,No
123,Chaaya Roy,Male,65,Kolkata,2025-03-17,51,Standard,1001,51051,Monthly,Wallet,5,2.1,Yes
124,Ekani Kashyap,Male,46,Jaipur,2024-06-29,8,Standard,943,7544,Monthly,Credit Card,11,3.1,Yes
125,Anmol Doctor,Male,21,Ahmedabad,2022-10-10,40,Basic,637,25480,Yearly,Net Banking,14,3.6,Yes
126,Yash Sarna,Male,38,Lucknow,2023-01-29,28,Standard,951,26628,Yearly,Credit Card,14,1.3,Yes
127,Peter Joshi,Female,47,Jaipur,2023-01-01,5,Basic,619,3095,Yearly,Wallet,10,2.5,No
128,Irya Sura,Male,44,Pune,2025-03-05,28,Basic,659,18452,Monthly,Net Banking,6,2.7,No
129,Chandresh Pillay,Female,27,Ahmedabad,2021-12-08,26,Standard,748,19448,Monthly,UPI,10,3.7,Yes
130,Udyati Raghavan,Male,55,Jaipur,2026-05-02,6,Premium,1390,8340,Monthly,Wallet,11,4.2,Yes
131,Tara Das,Male,36,Lucknow,2025-07-04,22,Standard,910,20020,Monthly,Debit Card,13,4.5,Yes
132,Yashoda Saran,Male,40,Jaipur,2022-05-10,23,Basic,559,12857,Monthly,Debit Card,15,1.9,Yes
133,Peter Krishna,Male,56,Hyderabad,2025-02-09,8,Standard,993,7944,Monthly,UPI,13,4.4,Yes
134,Sneha Khurana,Male,27,Lucknow,2024-08-18,12,Basic,690,8280,Monthly,Net Banking,10,2.4,Yes
135,Nathaniel Dash,Male,42,Kolkata,2022-01-13,5,Basic,624,3120,Two Year,Net Banking,2,4.0,No
136,Praneel Bhandari,Male,28,Lucknow,2023-02-12,22,Basic,459,10098,Yearly,UPI,2,4.5,No
137,Lekha Gulati,Female,35,Chennai,2025-01-06,44,Basic,526,23144,Yearly,Wallet,15,3.4,No
138,Jhalak Oommen,Female,20,Chennai,2023-06-19,8,Basic,356,2848,Monthly,Net Banking,15,3.1,No
139,Xavier Wali,Female,36,Pune,2023-10-01,39,Basic,404,15756,Monthly,UPI,6,4.1,No
140,Aashi Shere,Male,50,Jaipur,2024-05-19,1,Standard,920,920,Monthly,Debit Card,12,3.1,No
141,Bhavya Kannan,Male,38,Lucknow,2023-11-05,5,Basic,679,3395,Monthly,Net Banking,0,2.8,No
142,Mugdha Narayan,Female,28,Lucknow,2022-10-30,37,Standard,1027,37999,Monthly,Net Banking,3,2.6,Yes
143,Jeevika Patil,Female,51,Mumbai,2026-05-18,54,Standard,885,47790,Monthly,Net Banking,3,2.0,Yes
144,Robert Devan,Male,51,Jaipur,2025-03-13,56,Basic,473,26488,Monthly,Credit Card,5,1.3,Yes
145,Lohit Ram,Male,34,Chennai,2023-10-17,58,Standard,879,50982,Yearly,Credit Card,4,1.9,Yes
146,Ekapad Mukhopadhyay,Female,47,Lucknow,2021-07-20,39,Basic,688,26832,Yearly,Wallet,5,4.8,No
147,Hemani Kulkarni,Female,27,Ahmedabad,2021-07-12,29,Standard,1151,33379,Yearly,UPI,10,4.5,No
148,Janaki Issac,Male,37,Ahmedabad,2024-02-18,31,Standard,855,26505,Yearly,Net Banking,1,2.4,No
149,Gopal Sekhon,Female,47,Lucknow,2024-12-09,3,Basic,446,1338,Monthly,Wallet,2,3.5,Yes
150,Varsha Dass,Female,50,Bangalore,2025-12-23,51,Standard,721,36771,Monthly,UPI,6,2.3,Yes
151,Pranit Sodhi,Male,20,Chennai,2022-01-03,29,Basic,475,13775,Two Year,Net Banking,2,3.0,No
152,Mitesh Muni,Female,44,Pune,2022-08-01,29,Standard,1012,29348,Monthly,Wallet,11,4.7,Yes
153,Yug Nanda,Female,36,Hyderabad,2025-01-22,4,Standard,1031,4124,Monthly,Wallet,10,1.4,Yes
154,Eta Dutt,Female,59,Kolkata,2022-12-14,56,Basic,341,19096,Yearly,Credit Card,4,4.7,No
155,Rachit Bath,Female,26,Jaipur,2024-11-01,39,Standard,743,28977,Monthly,UPI,12,3.6,No
156,Advaith Bhasin,Male,39,Ahmedabad,2025-09-21,42,Standard,960,40320,Monthly,Credit Card,11,2.2,Yes
157,Dhriti Badami,Male,60,Pune,2025-05-15,15,Premium,1517,22755,Monthly,Wallet,3,3.0,No
158,Zehaan Bajaj,Male,44,Pune,2025-02-09,9,Standard,778,7002,Monthly,Credit Card,5,3.9,No
159,Harsh Mangal,Male,37,Ahmedabad,2022-11-30,29,Standard,1085,31465,Yearly,Credit Card,14,1.9,Yes
160,Januja Madan,Female,50,Jaipur,2021-07-17,24,Standard,992,23808,Two Year,Net Banking,14,4.1,No
161,Mekhala Dora,Female,41,Jaipur,2026-02-07,11,Premium,2438,26818,Monthly,UPI,8,1.2,Yes
162,Aarav Mannan,Male,45,Mumbai,2023-01-06,46,Premium,1455,66930,Monthly,Credit Card,5,2.1,No
163,Girik Dada,Female,33,Kolkata,2025-07-18,53,Standard,878,46534,Two Year,UPI,13,1.2,No
164,Aarini Sangha,Male,20,Hyderabad,2025-12-29,24,Basic,463,11112,Two Year,Net Banking,10,4.2,No
165,Rayaan Oak,Male,34,Chennai,2022-04-10,45,Premium,2160,97200,Monthly,Credit Card,0,4.6,Yes
166,Sanaya Dhingra,Male,37,Mumbai,2025-03-03,36,Premium,2446,88056,Yearly,UPI,3,4.1,No
167,Tanish Singh,Female,56,Jaipur,2025-09-16,16,Standard,1106,17696,Yearly,UPI,2,1.4,No
168,Jagrati Krishnan,Female,33,Lucknow,2023-07-25,41,Standard,823,33743,Yearly,Net Banking,9,2.7,Yes
169,Manan Deep,Male,42,Ahmedabad,2025-12-09,12,Standard,743,8916,Yearly,UPI,11,1.3,Yes
170,Madhav Sengupta,Male,40,Chennai,2026-02-21,41,Basic,491,20131,Monthly,UPI,0,2.4,No
171,Brijesh Dutt,Female,59,Bangalore,2026-05-06,50,Standard,1087,54350,Monthly,Net Banking,1,2.4,No
172,Dayamai Mitra,Female,20,Hyderabad,2026-02-28,45,Standard,793,35685,Two Year,Credit Card,2,3.9,No
173,Gautam Kari,Female,34,Delhi,2025-04-19,3,Standard,1153,3459,Monthly,Credit Card,9,3.1,Yes
174,Warinder Sankar,Female,45,Kolkata,2024-10-27,19,Basic,699,13281,Monthly,Net Banking,10,2.1,Yes
175,Abha Parmar,Female,51,Hyderabad,2023-07-16,58,Premium,1894,109852,Two Year,UPI,15,3.8,No
176,Rachana Date,Female,24,Mumbai,2023-08-24,47,Standard,920,43240,Yearly,Debit Card,5,3.2,No
177,Hemani Sachdev,Female,40,Ahmedabad,2025-08-12,43,Basic,528,22704,Yearly,UPI,13,1.7,No
178,Teerth Sachdev,Male,22,Kolkata,2025-04-28,47,Premium,1922,90334,Yearly,Debit Card,13,2.1,Yes
179,Forum Jhaveri,Female,20,Bangalore,2022-08-12,33,Premium,1527,50391,Two Year,UPI,4,4.4,No
180,Kashvi Palan,Female,41,Pune,2025-11-11,16,Standard,887,14192,Monthly,Net Banking,1,3.4,Yes
181,Kamya Patil,Female,33,Mumbai,2025-01-19,49,Basic,370,18130,Yearly,UPI,12,2.3,Yes
182,Chakradev Ratti,Female,63,Ahmedabad,2023-05-24,48,Basic,565,27120,Monthly,Credit Card,3,2.0,Yes
183,Leela Krishnan,Female,29,Ahmedabad,2026-03-22,40,Basic,551,22040,Monthly,UPI,4,4.4,No
184,Bhavika Grewal,Female,37,Bangalore,2026-06-19,52,Standard,1132,58864,Two Year,Credit Card,11,3.8,No
185,Vrinda Sridhar,Male,49,Delhi,2023-06-13,51,Basic,414,21114,Monthly,Debit Card,6,4.2,No
186,Bhavna Manda,Male,22,Hyderabad,2024-12-09,36,Standard,939,33804,Two Year,Net Banking,4,3.4,No
187,Theodore Bhattacharyya,Male,26,Pune,2024-11-01,46,Standard,969,44574,Monthly,UPI,13,4.3,No
188,Karan Ramaswamy,Male,45,Jaipur,2023-06-08,29,Standard,964,27956,Monthly,UPI,5,4.1,No
189,Devika Palla,Male,40,Jaipur,2025-09-02,54,Basic,378,20412,Monthly,Debit Card,5,2.3,Yes
190,Ishita Solanki,Female,57,Jaipur,2024-10-02,55,Basic,400,22000,Yearly,UPI,8,1.5,Yes
191,Theodore Kamdar,Female,54,Delhi,2023-09-24,33,Standard,1003,33099,Two Year,UPI,4,1.7,Yes
192,Lajita Oak,Female,57,Delhi,2022-11-03,6,Basic,628,3768,Yearly,Net Banking,8,3.6,No
193,Pallavi Shroff,Female,37,Ahmedabad,2024-02-04,57,Standard,848,48336,Yearly,UPI,9,2.9,No
194,Kala Sarkar,Male,38,Pune,2024-10-20,45,Basic,525,23625,Monthly,Debit Card,14,1.8,Yes
195,Widisha Basu,Female,25,Hyderabad,2025-07-14,26,Basic,489,12714,Yearly,Net Banking,3,2.3,No
196,Peter Ganesan,Female,33,Bangalore,2025-11-11,16,Basic,325,5200,Monthly,Debit Card,12,4.5,Yes
197,Kritika Issac,Female,49,Hyderabad,2023-04-06,60,Standard,860,51600,Monthly,Net Banking,5,3.0,No
198,Andrew Ratta,Female,21,Delhi,2026-03-21,2,Basic,501,1002,Yearly,Debit Card,7,1.9,No
199,Tanay Sankaran,Male,24,Kolkata,2024-05-03,32,Standard,1131,36192,Yearly,Credit Card,15,2.1,No
200,Teerth Palla,Male,54,Jaipur,2025-07-05,57,Basic,487,27759,Yearly,Credit Card,11,1.2,No
201,Kritika Keer,Female,57,Lucknow,2024-07-08,24,Standard,737,17688,Monthly,UPI,14,4.1,No
202,Yachana Dayal,Female,27,Chennai,2023-11-30,9,Premium,2006,18054,Monthly,Wallet,10,3.2,Yes
203,Sanaya Dora,Female,51,Ahmedabad,2021-08-21,33,Standard,720,23760,Monthly,Credit Card,4,3.9,Yes
204,Devika Peri,Female,55,Pune,2021-09-28,39,Premium,1486,57954,Monthly,Wallet,10,1.7,No
205,Chatresh Patla,Male,41,Pune,2023-01-26,54,Standard,950,51300,Yearly,UPI,9,2.9,No
206,Kabir Kannan,Female,59,Lucknow,2025-12-21,27,Standard,1107,29889,Two Year,Wallet,0,3.4,No
207,Lakshmi Hayer,Male,20,Lucknow,2024-01-29,15,Standard,998,14970,Monthly,UPI,12,1.6,Yes
208,Lakshmi Uppal,Female,50,Lucknow,2024-10-27,13,Basic,460,5980,Monthly,Net Banking,13,3.8,No
209,Wyatt Sen,Female,51,Kolkata,2022-06-30,56,Premium,1327,74312,Yearly,Debit Card,6,3.2,No
210,Arya Mann,Female,57,Ahmedabad,2025-06-25,12,Standard,972,11664,Monthly,Credit Card,11,3.7,Yes
211,Yahvi Dalal,Male,62,Ahmedabad,2022-11-12,16,Basic,452,7232,Monthly,Debit Card,9,4.1,No
212,Benjamin Seshadri,Female,43,Pune,2024-11-25,31,Basic,669,20739,Monthly,Credit Card,3,3.3,No
213,Suhani Bhatti,Female,31,Chennai,2022-06-24,19,Basic,665,12635,Monthly,Wallet,14,3.6,No
214,Nirja Venkatesh,Male,58,Chennai,2024-01-14,18,Premium,1756,31608,Monthly,UPI,7,2.0,Yes
215,Qushi Misra,Male,44,Ahmedabad,2022-04-19,7,Standard,1067,7469,Monthly,Net Banking,4,1.0,No
216,Logan Dar,Male,59,Lucknow,2022-10-18,42,Basic,447,18774,Monthly,Credit Card,1,4.6,Yes
217,Falguni Bansal,Male,20,Kolkata,2023-04-18,35,Standard,1135,39725,Two Year,Net Banking,5,2.7,No
218,Falguni Nadig,Male,39,Hyderabad,2023-10-01,12,Premium,1792,21504,Two Year,Net Banking,0,2.2,No
219,Urvi Hora,Female,35,Chennai,2021-12-31,42,Standard,952,39984,Two Year,UPI,4,4.4,No
220,Neel Chawla,Female,36,Lucknow,2026-06-03,22,Basic,534,11748,Yearly,Credit Card,5,1.1,No
221,Balvan Vaidya,Male,43,Mumbai,2026-05-29,12,Standard,1027,12324,Two Year,Credit Card,13,3.1,No
222,Lopa Behl,Female,35,Pune,2024-09-20,9,Standard,1179,10611,Monthly,Debit Card,8,2.5,Yes
223,Aarush Batta,Male,60,Mumbai,2025-04-15,38,Standard,705,26790,Monthly,Net Banking,11,3.8,Yes
224,Zehaan Kunda,Female,41,Lucknow,2024-05-18,20,Basic,651,13020,Yearly,Credit Card,9,3.8,No
225,Gaurangi Gandhi,Female,52,Chennai,2025-06-20,15,Premium,2179,32685,Monthly,Credit Card,11,2.7,Yes
226,Yasti Bains,Female,22,Lucknow,2026-05-22,44,Standard,1147,50468,Yearly,UPI,14,3.1,Yes
227,Pushti Misra,Female,25,Chennai,2024-09-24,4,Premium,2235,8940,Monthly,Wallet,4,1.7,No
228,Brijesh Saini,Female,47,Lucknow,2023-12-12,32,Basic,561,17952,Monthly,UPI,1,2.8,Yes
229,Harrison Bhasin,Male,65,Chennai,2023-12-28,36,Standard,1113,40068,Monthly,Wallet,0,2.6,No
230,Riya Pal,Male,48,Delhi,2022-09-18,5,Basic,476,2380,Yearly,Debit Card,1,4.7,No
231,Bachittar Bassi,Female,46,Kolkata,2022-12-26,27,Basic,369,9963,Yearly,Net Banking,13,2.5,No
232,Charvi Walia,Female,25,Bangalore,2022-04-17,6,Standard,1038,6228,Two Year,Wallet,4,3.6,No
233,Yashica Saha,Female,47,Jaipur,2025-03-11,26,Standard,1072,27872,Two Year,Net Banking,0,4.0,No
234,Andrew Keer,Male,64,Mumbai,2025-06-10,35,Basic,417,14595,Monthly,UPI,11,1.6,Yes
235,Kamala Ranganathan,Male,24,Lucknow,2022-06-13,52,Standard,1014,52728,Yearly,UPI,0,2.0,Yes
236,Brijesh Sant,Female,46,Chennai,2021-11-03,29,Standard,1060,30740,Two Year,Wallet,7,4.0,No
237,Veer Grover,Female,54,Lucknow,2024-05-05,14,Standard,1097,15358,Monthly,Debit Card,9,1.9,Yes
238,Manya Venkataraman,Female,21,Jaipur,2025-08-12,16,Basic,373,5968,Two Year,Wallet,7,2.7,Yes
239,Ekansh Sura,Male,40,Kolkata,2025-03-12,57,Standard,789,44973,Yearly,Wallet,13,3.2,No
240,Eiravati Sabharwal,Female,33,Chennai,2026-01-03,21,Standard,909,19089,Monthly,Debit Card,12,1.7,Yes
241,Mitali Dass,Female,53,Jaipur,2025-07-20,55,Standard,1112,61160,Monthly,Credit Card,1,3.2,No
242,Rishi Madan,Female,23,Jaipur,2024-08-14,25,Basic,404,10100,Monthly,Credit Card,2,4.7,No
243,Aadhya Uppal,Male,55,Jaipur,2021-12-30,4,Basic,644,2576,Yearly,Credit Card,1,4.5,No
244,Chandran Nigam,Male,65,Mumbai,2025-08-24,31,Basic,470,14570,Monthly,Net Banking,0,1.8,Yes
245,Niharika Mahal,Female,36,Kolkata,2026-03-24,59,Basic,609,35931,Yearly,Net Banking,12,4.7,Yes
246,Bhavya Mallick,Female,38,Chennai,2022-10-03,35,Standard,857,29995,Monthly,Debit Card,15,2.9,No
247,Madhavi Viswanathan,Female,36,Bangalore,2026-01-28,21,Standard,988,20748,Two Year,Credit Card,4,1.1,No
248,Upasna Chokshi,Female,34,Ahmedabad,2023-11-10,22,Basic,591,13002,Two Year,Net Banking,15,3.2,No
249,Jasmit Dhar,Male,51,Delhi,2025-05-05,30,Basic,480,14400,Monthly,UPI,15,1.7,No
250,Bimala Chopra,Male,22,Bangalore,2021-12-08,53,Standard,1091,57823,Monthly,UPI,4,4.4,No
251,Dhriti Parmar,Male,18,Jaipur,2022-09-15,14,Standard,891,12474,Monthly,Wallet,15,3.6,Yes
252,Isaac Thaman,Female,29,Mumbai,2023-03-22,27,Basic,571,15417,Yearly,UPI,9,1.1,Yes
253,Sai Mannan,Female,43,Mumbai,2021-09-23,34,Basic,398,13532,Yearly,Debit Card,8,4.3,No
254,Yug Kulkarni,Male,59,Delhi,2022-04-01,26,Standard,824,21424,Two Year,UPI,7,2.2,No
255,Advik Rout,Male,49,Kolkata,2026-01-07,26,Basic,582,15132,Monthly,Debit Card,0,3.8,Yes
256,Bhavya Menon,Female,35,Delhi,2022-04-13,37,Premium,1395,51615,Two Year,UPI,1,1.9,No
257,Arjun Sheth,Female,19,Chennai,2022-02-03,44,Premium,2312,101728,Yearly,Wallet,1,1.7,No
258,Chandani Mitter,Male,54,Kolkata,2023-12-14,10,Standard,1064,10640,Two Year,Wallet,2,2.2,No
259,Pranit Jayaraman,Female,21,Mumbai,2024-04-03,22,Basic,678,14916,Monthly,Net Banking,2,3.0,No
260,Panini Vasa,Female,19,Hyderabad,2022-09-21,15,Premium,1897,28455,Yearly,Net Banking,12,4.9,Yes
261,Charita Lata,Female,23,Lucknow,2022-10-08,32,Basic,583,18656,Two Year,Debit Card,13,1.7,No
262,Neha Lad,Male,65,Kolkata,2023-02-03,52,Basic,337,17524,Monthly,Debit Card,4,2.5,No
263,Janaki Pingle,Female,24,Bangalore,2025-10-19,24,Basic,302,7248,Two Year,UPI,14,2.4,Yes
264,Karan Chahal,Male,40,Jaipur,2021-12-09,12,Standard,985,11820,Yearly,UPI,13,1.4,Yes
265,Shravya Bains,Female,23,Jaipur,2024-01-15,39,Standard,866,33774,Two Year,Credit Card,0,2.2,No
266,Lucky Bora,Female,49,Bangalore,2024-09-24,37,Standard,1050,38850,Monthly,UPI,4,2.1,No
267,Krishna Balan,Male,64,Ahmedabad,2022-02-16,11,Standard,915,10065,Monthly,Wallet,2,2.4,Yes
268,Niharika Gade,Female,57,Kolkata,2025-01-31,40,Basic,354,14160,Monthly,Debit Card,0,4.8,No
269,Ansh Sami,Male,48,Pune,2024-08-30,29,Basic,633,18357,Two Year,Credit Card,4,2.2,No
270,Zansi Kala,Male,38,Kolkata,2022-09-11,26,Premium,1796,46696,Yearly,Debit Card,15,4.9,No
271,Zayyan Banik,Male,61,Jaipur,2025-01-15,53,Standard,886,46958,Monthly,UPI,6,3.4,No
272,Lipika Lanka,Male,44,Ahmedabad,2022-09-02,47,Standard,1062,49914,Monthly,Credit Card,9,4.3,No
273,Praneel Vasa,Male,46,Lucknow,2026-06-06,41,Basic,429,17589,Yearly,Net Banking,13,4.2,No
274,Sai Badami,Female,62,Jaipur,2021-09-21,38,Standard,959,36442,Two Year,Wallet,13,3.2,No
275,Abhiram Mallick,Male,54,Kolkata,2026-01-23,41,Premium,1423,58343,Yearly,Debit Card,11,1.7,Yes
276,Chaman Natt,Male,46,Pune,2024-06-16,51,Standard,705,35955,Monthly,Net Banking,7,3.0,No
277,Logan Ram,Male,48,Mumbai,2022-01-18,30,Standard,1001,30030,Yearly,Debit Card,4,2.4,No
278,Nicholas Lal,Female,47,Chennai,2024-05-18,27,Premium,1375,37125,Monthly,Wallet,4,2.4,No
279,Anthony Patla,Female,20,Mumbai,2025-01-17,31,Basic,349,10819,Monthly,UPI,14,2.3,Yes
280,Zayan Parmer,Male,51,Bangalore,2025-06-06,55,Basic,355,19525,Yearly,Wallet,5,4.7,No
281,Ekbal Tank,Male,29,Kolkata,2025-01-15,11,Basic,518,5698,Two Year,Net Banking,7,4.2,No
282,Dayita Toor,Male,31,Hyderabad,2024-09-17,2,Standard,1152,2304,Monthly,UPI,13,2.6,Yes
283,Urishilla Sawhney,Male,34,Ahmedabad,2024-01-15,37,Basic,574,21238,Monthly,Wallet,10,1.8,Yes
284,Arunima Garg,Female,57,Bangalore,2026-01-30,41,Basic,498,20418,Yearly,Debit Card,3,2.4,Yes
285,Timothy Shukla,Female,25,Bangalore,2022-03-26,59,Standard,743,43837,Yearly,Debit Card,10,1.5,No
286,Hemang Thakkar,Female,29,Ahmedabad,2022-05-10,45,Basic,498,22410,Monthly,Wallet,4,3.3,Yes
287,Agastya Balan,Male,38,Ahmedabad,2024-06-26,45,Premium,1554,69930,Yearly,Wallet,15,2.2,Yes
288,Aryan Gola,Female,44,Ahmedabad,2021-09-11,4,Premium,1219,4876,Monthly,Net Banking,6,4.3,No
289,Maanav Dugal,Male,36,Delhi,2021-09-03,46,Premium,2200,101200,Monthly,Debit Card,0,4.2,No
290,Karan Mutti,Male,54,Mumbai,2025-10-11,15,Standard,786,11790,Yearly,Debit Card,15,3.2,No
291,Sneha Gour,Female,52,Chennai,2025-03-29,50,Standard,887,44350,Yearly,Net Banking,1,4.0,No
292,Lekha Krishnan,Male,46,Hyderabad,2026-02-19,7,Standard,1034,7238,Yearly,Debit Card,9,4.5,Yes
293,Jai Modi,Male,31,Lucknow,2021-11-26,56,Premium,2099,117544,Two Year,Debit Card,3,4.1,No
294,Ayush Pant,Male,21,Lucknow,2025-08-07,56,Standard,1023,57288,Monthly,Debit Card,4,4.1,No
295,Udyati Modi,Female,50,Mumbai,2023-03-19,35,Basic,575,20125,Monthly,Credit Card,9,2.2,Yes
296,Edhitha Suresh,Male,62,Bangalore,2022-02-22,49,Standard,1170,57330,Monthly,Credit Card,8,4.5,No
297,Chandani Zacharia,Female,58,Kolkata,2025-08-12,10,Standard,1124,11240,Monthly,Net Banking,12,3.0,No
298,Vaishnavi Dar,Female,47,Ahmedabad,2021-11-03,29,Basic,693,20097,Monthly,Debit Card,8,3.8,Yes
299,Lavanya Patil,Female,58,Pune,2025-01-16,38,Basic,696,26448,Two Year,UPI,2,3.9,No
300,Hemani Sinha,Female,36,Pune,2022-03-01,51,Standard,811,41361,Two Year,Wallet,6,3.0,No
301,Wriddhish Memon,Female,19,Mumbai,2025-08-04,37,Basic,548,20276,Yearly,Credit Card,1,1.2,Yes
302,Rudra Balay,Female,28,Hyderabad,2024-06-15,29,Standard,1190,34510,Monthly,UPI,4,4.5,No
303,Warhi Badal,Female,64,Chennai,2022-12-22,42,Basic,342,14364,Monthly,Net Banking,5,1.2,Yes
304,Girik Bahri,Male,51,Ahmedabad,2026-04-17,42,Basic,348,14616,Monthly,UPI,15,1.3,Yes
305,Gagan Kamdar,Female,22,Chennai,2023-06-20,1,Standard,1118,1118,Monthly,Net Banking,13,3.8,No
306,Jagrati Apte,Male,42,Bangalore,2025-10-04,6,Standard,752,4512,Monthly,Credit Card,11,4.5,No
307,Devika Cheema,Male,58,Bangalore,2024-05-31,5,Standard,704,3520,Yearly,Net Banking,5,2.8,No
308,Chandani Swaminathan,Male,55,Kolkata,2026-03-05,40,Standard,1140,45600,Monthly,Debit Card,3,1.6,Yes
309,Dayamai Dhillon,Female,62,Delhi,2023-08-11,28,Basic,371,10388,Monthly,Debit Card,2,2.0,No
310,Azad Murthy,Male,33,Ahmedabad,2024-12-08,14,Standard,960,13440,Monthly,Net Banking,12,2.2,Yes
311,Balendra Chadha,Female,26,Kolkata,2022-05-07,8,Basic,626,5008,Yearly,Wallet,0,4.9,No
312,Ishaan Menon,Male,19,Lucknow,2021-12-13,27,Basic,649,17523,Monthly,UPI,15,4.8,Yes
313,Omisha Dash,Female,45,Kolkata,2023-01-06,1,Basic,320,320,Two Year,UPI,12,3.0,Yes
314,Sathvik More,Male,27,Jaipur,2024-12-05,41,Standard,1015,41615,Monthly,Debit Card,2,2.2,No
315,Nikita Madan,Female,64,Chennai,2023-04-28,26,Standard,1090,28340,Two Year,UPI,2,2.2,No
316,Kamya Chandra,Male,25,Delhi,2022-07-04,16,Basic,522,8352,Monthly,Credit Card,1,2.2,No
317,Gautam Bhardwaj,Male,65,Hyderabad,2022-08-25,45,Basic,554,24930,Two Year,UPI,8,1.7,No
318,Ishita Bali,Female,63,Lucknow,2025-02-24,50,Premium,1886,94300,Two Year,UPI,8,3.1,No
319,Chaitaly Bora,Female,24,Lucknow,2026-04-12,32,Standard,884,28288,Monthly,UPI,5,2.5,Yes
320,Nathan Ray,Female,41,Kolkata,2022-03-23,15,Standard,701,10515,Monthly,Credit Card,0,2.0,Yes
321,Ranveer Ghosh,Male,44,Pune,2025-06-24,12,Premium,1272,15264,Yearly,Debit Card,13,1.9,Yes
322,Mohammed Goel,Male,43,Mumbai,2023-02-05,53,Basic,490,25970,Monthly,Net Banking,1,1.7,No
323,Amrita Mutti,Male,36,Lucknow,2025-02-02,56,Basic,459,25704,Monthly,Debit Card,14,1.0,Yes
324,Isha Luthra,Male,64,Jaipur,2025-12-12,48,Standard,937,44976,Monthly,Credit Card,15,5.0,Yes
325,Panini Banerjee,Male,39,Delhi,2021-12-07,10,Basic,509,5090,Monthly,Net Banking,11,3.5,No
326,Zaid Patla,Male,27,Hyderabad,2024-07-19,55,Standard,857,47135,Monthly,UPI,7,2.7,No
327,Azad Gandhi,Male,55,Mumbai,2025-05-15,3,Premium,2264,6792,Monthly,Wallet,11,2.8,Yes
328,Wakeeta Virk,Male,33,Hyderabad,2023-08-26,9,Standard,901,8109,Monthly,Debit Card,1,2.7,Yes
329,Banjeet Agate,Female,32,Mumbai,2026-02-05,55,Basic,501,27555,Yearly,Credit Card,10,2.3,Yes
330,Lakshmi Mukherjee,Female,38,Kolkata,2025-05-27,9,Standard,999,8991,Monthly,UPI,3,1.7,Yes
331,Adya Shukla,Male,23,Bangalore,2023-02-15,35,Basic,694,24290,Monthly,Debit Card,9,2.9,Yes
332,Nilima Deshmukh,Male,40,Kolkata,2022-07-07,53,Standard,1008,53424,Monthly,Wallet,10,1.6,Yes
333,Dalbir Biswas,Female,46,Jaipur,2023-12-27,4,Standard,833,3332,Two Year,Wallet,5,1.1,Yes
334,Warda Hans,Male,32,Bangalore,2022-04-23,16,Basic,352,5632,Two Year,Credit Card,4,1.5,Yes
335,Yamini Gokhale,Female,22,Delhi,2024-01-07,53,Standard,1051,55703,Yearly,UPI,2,3.3,No
336,Thomas Shetty,Female,25,Delhi,2022-04-30,13,Premium,2108,27404,Two Year,Net Banking,2,4.6,No
337,Kashvi Krishna,Female,61,Kolkata,2022-12-05,4,Basic,593,2372,Monthly,Credit Card,12,3.0,No
338,Aarush Kashyap,Male,57,Lucknow,2025-12-04,23,Basic,395,9085,Monthly,Wallet,14,4.5,No
339,Yug Radhakrishnan,Female,42,Bangalore,2024-10-20,16,Standard,955,15280,Monthly,Net Banking,15,1.2,Yes
340,Xiti Sarkar,Female,48,Jaipur,2022-07-03,13,Standard,1108,14404,Yearly,Net Banking,0,5.0,No
341,Ranveer Pillai,Female,56,Chennai,2025-10-15,23,Premium,2228,51244,Monthly,UPI,8,1.7,Yes
342,Bhavya Krishna,Male,28,Mumbai,2024-05-12,58,Premium,1775,102950,Monthly,Credit Card,15,3.1,Yes
343,Indira Sathe,Male,54,Kolkata,2022-03-11,43,Basic,573,24639,Two Year,Debit Card,1,4.1,No
344,Wyatt Buch,Female,55,Delhi,2023-04-22,60,Premium,1555,93300,Monthly,Debit Card,10,4.2,Yes
345,Madhav Minhas,Male,49,Delhi,2025-09-30,37,Standard,988,36556,Two Year,UPI,15,3.2,No
346,Triveni Kurian,Male,26,Pune,2025-01-11,4,Basic,412,1648,Monthly,Credit Card,15,1.0,Yes
347,Jagrati Boase,Male,25,Jaipur,2026-03-18,59,Premium,1862,109858,Monthly,Debit Card,4,3.3,No
348,Tanish Bahl,Female,26,Bangalore,2026-04-18,5,Basic,639,3195,Monthly,Net Banking,3,2.3,Yes
349,Veer Ahuja,Female,32,Lucknow,2025-12-04,51,Standard,949,48399,Yearly,Credit Card,5,3.8,No
350,Bhavna Sharma,Female,54,Delhi,2024-02-24,25,Basic,652,16300,Monthly,Credit Card,5,3.9,No
351,Hema Roy,Male,39,Mumbai,2023-04-16,39,Basic,613,23907,Monthly,Credit Card,3,4.7,No
352,Aditya Mohan,Female,46,Delhi,2023-09-28,23,Premium,1543,35489,Yearly,Debit Card,2,4.3,No
353,Baljiwan Cherian,Male,42,Ahmedabad,2024-08-07,14,Basic,334,4676,Monthly,Net Banking,3,3.9,No
354,Harshil Sawhney,Male,48,Lucknow,2021-08-09,11,Premium,2209,24299,Two Year,Credit Card,11,3.2,Yes
355,Aditya Rao,Female,24,Mumbai,2022-07-22,11,Standard,1109,12199,Two Year,Debit Card,9,1.1,Yes
356,Bhavani Kannan,Female,63,Delhi,2025-08-26,11,Premium,1529,16819,Yearly,Net Banking,2,2.4,No
357,Samarth Bhatnagar,Male,44,Jaipur,2024-07-20,42,Basic,522,21924,Monthly,Wallet,3,2.3,Yes
358,Wyatt Viswanathan,Female,27,Delhi,2024-01-08,17,Standard,852,14484,Monthly,Debit Card,1,2.6,No
359,Ekta Sundaram,Male,31,Bangalore,2026-02-21,1,Standard,850,850,Two Year,Debit Card,15,1.8,No
360,Aarini Mammen,Female,23,Jaipur,2023-04-17,6,Standard,759,4554,Monthly,Net Banking,12,2.9,Yes
361,Anita Parekh,Female,47,Hyderabad,2025-07-17,12,Basic,495,5940,Monthly,Credit Card,14,1.2,Yes
362,Megha Savant,Female,52,Kolkata,2024-01-25,54,Basic,331,17874,Monthly,Wallet,3,1.3,No
363,Forum Raghavan,Female,54,Chennai,2022-01-06,15,Standard,1130,16950,Monthly,Net Banking,13,4.9,Yes
364,Nachiket Lal,Female,29,Bangalore,2021-09-09,20,Basic,665,13300,Monthly,Credit Card,4,1.5,Yes
365,Michael Bakshi,Male,56,Hyderabad,2021-11-18,52,Basic,321,16692,Monthly,Debit Card,13,1.8,No
366,Agastya Kala,Female,35,Jaipur,2025-10-05,59,Standard,1113,65667,Monthly,Net Banking,12,3.2,Yes
367,Alka Dasgupta,Male,27,Lucknow,2025-09-07,59,Premium,2476,146084,Yearly,Wallet,13,1.5,No
368,Jacob Bhasin,Male,36,Jaipur,2023-10-22,38,Standard,1181,44878,Monthly,Debit Card,3,3.3,No
369,Aradhana Narasimhan,Female,43,Bangalore,2025-07-01,57,Standard,896,51072,Yearly,Wallet,15,1.1,Yes
370,Peter Mahal,Male,65,Ahmedabad,2024-05-27,39,Standard,905,35295,Monthly,Debit Card,10,3.8,Yes
371,Deepa Shankar,Female,62,Mumbai,2025-03-22,58,Basic,472,27376,Two Year,Credit Card,9,2.2,Yes
372,Advika Naidu,Female,56,Mumbai,2024-11-06,9,Basic,680,6120,Monthly,Credit Card,10,2.1,Yes
373,Hemang Varughese,Male,22,Hyderabad,2021-12-30,29,Basic,508,14732,Yearly,Wallet,11,4.3,Yes
374,Raksha Loke,Male,21,Chennai,2026-03-06,26,Basic,568,14768,Two Year,UPI,0,1.7,No
375,Bimala Baria,Female,50,Kolkata,2023-12-05,30,Basic,484,14520,Yearly,UPI,8,2.5,Yes
376,Jagvi Madan,Female,55,Jaipur,2024-09-19,44,Basic,490,21560,Monthly,Debit Card,14,1.7,Yes
377,Unnati Krishnan,Female,21,Bangalore,2026-06-03,23,Basic,432,9936,Yearly,Wallet,2,2.1,No
378,Ayushman Kuruvilla,Female,50,Delhi,2022-08-24,50,Premium,1653,82650,Yearly,UPI,6,2.1,Yes
379,Guneet Mand,Female,63,Hyderabad,2026-05-16,31,Premium,1554,48174,Yearly,Net Banking,0,1.9,No
380,Urishilla Sami,Female,55,Mumbai,2022-04-23,58,Basic,478,27724,Monthly,UPI,6,2.9,Yes
381,Ubika Baral,Male,48,Mumbai,2024-08-06,33,Premium,1966,64878,Yearly,Debit Card,9,2.2,Yes
382,Ekapad Madan,Male,21,Lucknow,2024-11-06,18,Standard,1141,20538,Monthly,Net Banking,9,1.8,Yes
383,Aahana Ravel,Female,44,Kolkata,2022-03-04,43,Basic,371,15953,Yearly,Net Banking,15,5.0,No
384,Siddharth Sarkar,Male,61,Jaipur,2022-05-15,48,Basic,662,31776,Two Year,Net Banking,6,2.4,No
385,Onkar Atwal,Male,36,Mumbai,2023-06-19,59,Premium,1934,114106,Yearly,Net Banking,5,4.4,No
386,Charita Sarma,Female,59,Mumbai,2021-09-12,9,Standard,1071,9639,Two Year,Credit Card,5,4.8,No
387,Amara Memon,Female,47,Mumbai,2023-04-07,23,Basic,457,10511,Monthly,Net Banking,10,2.5,Yes
388,Daniel Kothari,Male,50,Mumbai,2023-04-05,4,Premium,2395,9580,Yearly,Net Banking,2,2.9,Yes
389,Udant Narang,Male,39,Kolkata,2022-02-11,34,Basic,327,11118,Two Year,Wallet,4,1.5,No
390,Owen Dube,Female,39,Bangalore,2023-09-29,58,Premium,2137,123946,Monthly,Debit Card,5,4.1,No
391,Turvi Choudhury,Male,49,Mumbai,2025-07-17,41,Basic,531,21771,Monthly,Credit Card,5,3.3,No
392,Jatin Golla,Male,52,Chennai,2025-09-28,40,Standard,919,36760,Monthly,Debit Card,15,2.5,Yes
393,Oscar Rana,Male,32,Pune,2022-06-17,1,Premium,2287,2287,Monthly,Debit Card,0,3.5,Yes
394,Ubika Lal,Male,37,Hyderabad,2026-01-25,9,Basic,557,5013,Yearly,Net Banking,5,1.3,No
395,Jagrati Lad,Female,40,Chennai,2024-08-15,47,Standard,968,45496,Monthly,Credit Card,4,2.4,Yes
396,Yadavi Ben,Male,31,Delhi,2025-06-26,59,Premium,2026,119534,Monthly,Wallet,7,3.9,No
397,Ishaan Kuruvilla,Female,52,Lucknow,2023-04-08,33,Basic,487,16071,Yearly,UPI,1,2.5,No
398,Meghana Talwar,Male,44,Ahmedabad,2021-07-08,39,Premium,1421,55419,Yearly,Net Banking,0,1.2,No
399,Upasna Tripathi,Male,37,Kolkata,2023-03-03,8,Standard,942,7536,Yearly,UPI,6,3.8,No
400,Ekiya Jaggi,Male,50,Lucknow,2022-03-21,43,Standard,1018,43774,Yearly,UPI,4,2.7,No
401,Wridesh Iyer,Male,40,Kolkata,2025-03-12,19,Basic,354,6726,Monthly,Debit Card,6,4.1,Yes
402,Faris Lal,Male,18,Mumbai,2026-01-02,11,Basic,554,6094,Two Year,UPI,15,2.3,No
403,Arin Khurana,Male,64,Mumbai,2024-01-16,54,Standard,952,51408,Monthly,Debit Card,2,4.1,No
404,Ekapad Venkataraman,Male,20,Hyderabad,2024-08-05,42,Basic,451,18942,Monthly,Debit Card,1,1.4,No
405,Yoshita Naidu,Male,18,Bangalore,2021-07-05,52,Standard,918,47736,Yearly,Credit Card,3,4.4,No
406,Anya Biswas,Male,41,Pune,2024-01-21,22,Basic,524,11528,Two Year,Credit Card,8,4.5,No
407,Lucky Deshpande,Female,44,Bangalore,2022-04-14,8,Standard,1192,9536,Monthly,UPI,12,3.8,Yes
408,Ijaya Bhatti,Female,54,Ahmedabad,2025-07-04,9,Standard,730,6570,Two Year,Credit Card,5,1.4,Yes
409,Hiral Ranganathan,Female,25,Kolkata,2024-10-31,40,Basic,483,19320,Yearly,Net Banking,4,2.9,No
410,Nidhi Loyal,Female,51,Jaipur,2023-07-12,3,Basic,635,1905,Monthly,Wallet,7,4.9,Yes
411,Gagan Dhillon,Female,27,Jaipur,2021-12-15,7,Standard,1072,7504,Monthly,Wallet,11,3.7,Yes
412,Lopa Kade,Male,22,Ahmedabad,2021-10-18,4,Basic,380,1520,Yearly,Debit Card,15,4.4,No
413,Baghyawati Sanghvi,Female,43,Chennai,2023-04-29,16,Basic,442,7072,Monthly,UPI,7,3.2,No
414,Niharika Dhar,Male,49,Delhi,2024-09-11,30,Standard,993,29790,Monthly,UPI,15,2.8,Yes
415,Yug Soman,Female,50,Jaipur,2024-01-17,26,Standard,985,25610,Yearly,Credit Card,2,4.2,No
416,Jeevika Bail,Female,39,Jaipur,2025-04-05,42,Standard,1186,49812,Monthly,Wallet,1,4.3,No
417,Ekalinga Sankaran,Male,18,Pune,2025-06-24,39,Standard,1036,40404,Monthly,Debit Card,14,1.5,Yes
418,Janani Sanghvi,Male,28,Ahmedabad,2024-07-10,54,Standard,1109,59886,Monthly,Credit Card,11,3.8,Yes
419,Devika Mall,Male,25,Kolkata,2022-01-18,53,Standard,1069,56657,Monthly,Credit Card,8,3.4,No
420,Odika Mane,Male,58,Lucknow,2025-08-27,30,Premium,1590,47700,Yearly,UPI,3,4.0,No
421,Dhruv Brar,Male,51,Delhi,2022-11-09,50,Premium,2136,106800,Yearly,Wallet,4,4.9,No
422,Caleb Roy,Male,64,Bangalore,2024-11-30,60,Standard,999,59940,Monthly,UPI,5,3.8,No
423,Faqid Oak,Male,35,Kolkata,2026-01-09,25,Standard,1010,25250,Two Year,Debit Card,12,2.7,Yes
424,Ekta Vasa,Female,63,Jaipur,2024-03-19,19,Standard,768,14592,Monthly,Credit Card,9,4.4,Yes
425,Mohini Menon,Male,63,Bangalore,2026-04-11,13,Basic,665,8645,Monthly,Wallet,11,4.7,Yes
426,Ansh Chad,Female,61,Jaipur,2025-08-10,35,Standard,865,30275,Yearly,Debit Card,11,3.2,No
427,Nilima Chaudhry,Male,60,Delhi,2023-08-20,57,Premium,1226,69882,Yearly,Credit Card,0,2.5,No
428,Yug Chopra,Male,62,Hyderabad,2022-11-05,18,Standard,782,14076,Two Year,Credit Card,8,1.6,No
429,Lohit Agarwal,Male,65,Jaipur,2025-05-17,49,Standard,883,43267,Two Year,Net Banking,3,3.5,No
430,Falak Bajwa,Male,42,Kolkata,2023-04-18,16,Standard,1107,17712,Yearly,Net Banking,9,3.8,Yes
431,Wyatt Arya,Female,30,Lucknow,2024-01-31,51,Premium,1840,93840,Two Year,Net Banking,1,1.1,Yes
432,Saksham Mital,Male,64,Chennai,2026-03-05,54,Basic,624,33696,Yearly,Debit Card,11,4.0,No
433,Banjeet Minhas,Male,42,Delhi,2025-09-19,29,Basic,649,18821,Monthly,Net Banking,5,3.9,No
434,Faqid Rai,Female,63,Bangalore,2026-03-12,18,Standard,766,13788,Monthly,UPI,8,1.0,Yes
435,Isaiah Prashad,Female,22,Pune,2023-08-08,10,Premium,2422,24220,Monthly,Wallet,9,3.0,Yes
436,Noah Kumar,Female,23,Pune,2022-04-20,15,Premium,2266,33990,Monthly,Credit Card,5,2.7,No
437,Faris Karan,Female,53,Delhi,2021-11-01,57,Basic,469,26733,Monthly,UPI,9,1.9,Yes
438,Lavanya Kata,Female,42,Mumbai,2025-01-20,43,Basic,423,18189,Two Year,Net Banking,7,4.8,No
439,Chameli Mitra,Female,49,Delhi,2024-05-03,17,Standard,844,14348,Monthly,Debit Card,11,3.1,No
440,Rishi Korpal,Male,58,Mumbai,2025-08-26,58,Standard,864,50112,Yearly,Credit Card,3,1.7,Yes
441,Aadi Peri,Male,52,Kolkata,2022-07-09,43,Standard,809,34787,Two Year,UPI,13,4.3,Yes
442,Reyansh Issac,Male,21,Bangalore,2025-05-30,48,Standard,712,34176,Monthly,Debit Card,10,1.2,No
443,Ekaja Gara,Female,45,Pune,2025-08-13,36,Basic,416,14976,Two Year,UPI,13,2.6,Yes
444,Pooja Chopra,Male,62,Mumbai,2023-01-09,25,Standard,973,24325,Monthly,Debit Card,2,4.0,No
445,Jairaj Halder,Female,46,Kolkata,2023-07-29,60,Standard,848,50880,Yearly,Net Banking,9,3.4,No
446,Oliver Pal,Female,52,Hyderabad,2022-08-20,53,Standard,942,49926,Monthly,Credit Card,7,1.5,No
447,Utkarsh Thakkar,Male,53,Jaipur,2024-05-12,20,Standard,1168,23360,Two Year,Credit Card,11,4.8,No
448,Ekaja Dasgupta,Female,31,Kolkata,2022-12-03,8,Basic,593,4744,Yearly,Wallet,2,2.2,No
449,Baghyawati Krish,Male,60,Lucknow,2025-04-19,10,Basic,413,4130,Yearly,UPI,8,1.8,Yes
450,Urvi Savant,Male,34,Mumbai,2022-07-11,55,Standard,981,53955,Monthly,Credit Card,2,2.2,Yes
451,Zansi Viswanathan,Male,24,Hyderabad,2023-01-04,47,Standard,1187,55789,Monthly,Wallet,4,3.7,No
452,Jeremiah Sidhu,Female,62,Lucknow,2023-12-06,5,Premium,1850,9250,Monthly,Credit Card,10,3.5,Yes
453,Amaira Kadakia,Female,33,Chennai,2026-02-19,37,Standard,1113,41181,Monthly,Net Banking,13,1.7,Yes
454,Nihal Tak,Female,46,Pune,2026-01-16,18,Premium,1475,26550,Yearly,Debit Card,10,4.5,No
455,Onkar Mishra,Male,52,Chennai,2024-04-23,32,Standard,789,25248,Yearly,Debit Card,2,4.4,No
456,Upkaar Buch,Male,55,Lucknow,2024-11-30,47,Premium,1356,63732,Yearly,Net Banking,0,4.4,No
457,Ronith Shenoy,Female,59,Bangalore,2023-04-10,50,Standard,1164,58200,Monthly,Debit Card,8,3.2,Yes
458,Ekiya Narayan,Male,43,Pune,2022-06-27,26,Basic,695,18070,Yearly,Wallet,9,1.5,Yes
459,Shivansh Kara,Male,46,Bangalore,2024-09-08,1,Standard,1134,1134,Two Year,Credit Card,5,4.0,Yes
460,Vasatika Shroff,Male,32,Ahmedabad,2021-11-24,37,Premium,1499,55463,Yearly,Credit Card,15,4.8,Yes
461,Warinder Chana,Female,42,Ahmedabad,2024-05-22,5,Basic,419,2095,Monthly,Net Banking,6,3.1,Yes
462,Frederick Jain,Female,55,Jaipur,2024-06-29,57,Basic,632,36024,Monthly,Wallet,8,4.3,No
463,Michael Sem,Female,32,Jaipur,2022-09-10,12,Basic,493,5916,Monthly,Net Banking,2,3.1,No
464,Qasim Bhasin,Male,50,Bangalore,2025-09-06,23,Premium,1906,43838,Monthly,Net Banking,15,4.5,No
465,Brinda Lalla,Male,41,Lucknow,2025-06-01,11,Basic,563,6193,Yearly,UPI,6,1.6,No
466,Wazir Kala,Female,31,Lucknow,2023-01-19,43,Basic,469,20167,Yearly,Credit Card,15,3.7,No
467,Gautam Bala,Male,26,Jaipur,2026-03-07,42,Premium,1245,52290,Monthly,UPI,4,3.3,No
468,Sai Sarna,Female,56,Lucknow,2022-12-14,58,Standard,728,42224,Monthly,UPI,5,3.1,No
469,Yauvani Natarajan,Female,48,Bangalore,2025-04-16,57,Standard,1038,59166,Two Year,Credit Card,2,1.9,Yes
470,Alka Ranganathan,Female,28,Pune,2025-05-01,54,Standard,773,41742,Yearly,Net Banking,5,3.5,No
471,Upkaar Dube,Male,51,Jaipur,2025-02-21,39,Standard,817,31863,Monthly,Net Banking,4,1.4,Yes
472,Zansi Dass,Male,23,Ahmedabad,2026-04-25,53,Basic,349,18497,Monthly,Credit Card,1,4.5,No
473,Aditya Sidhu,Female,20,Jaipur,2023-02-16,58,Standard,1123,65134,Monthly,Net Banking,13,3.1,Yes
474,Vasatika Rana,Male,45,Bangalore,2025-03-07,15,Premium,2187,32805,Yearly,Debit Card,12,2.4,No
475,Chaman Nagar,Female,34,Chennai,2025-08-12,31,Standard,1165,36115,Two Year,UPI,9,3.4,No
476,Nimrat Sani,Female,59,Chennai,2021-07-08,46,Standard,703,32338,Yearly,Debit Card,3,3.1,No
477,Tarak Kaur,Female,54,Pune,2025-01-13,27,Basic,379,10233,Monthly,Wallet,8,2.0,Yes
478,Lopa Gour,Female,29,Pune,2022-01-21,18,Premium,2013,36234,Yearly,Wallet,13,3.2,No
479,Henry Sabharwal,Male,65,Chennai,2022-03-12,36,Standard,857,30852,Yearly,Net Banking,12,3.9,No
480,Sachi Lad,Male,28,Kolkata,2025-03-12,51,Standard,782,39882,Monthly,UPI,12,4.1,No
481,Oscar Arora,Female,32,Pune,2023-08-08,52,Basic,374,19448,Monthly,UPI,13,1.4,Yes
482,Ayushman Mandal,Female,63,Lucknow,2022-02-10,39,Basic,496,19344,Two Year,UPI,12,3.5,No
483,Yashica Mukherjee,Female,30,Delhi,2024-05-31,50,Premium,2212,110600,Monthly,Wallet,6,4.4,No
484,Raagini Mani,Male,28,Mumbai,2021-09-21,33,Standard,818,26994,Yearly,Debit Card,1,2.4,No
485,Harita Bakshi,Male,23,Jaipur,2023-06-17,50,Basic,642,32100,Monthly,Debit Card,6,3.1,No
486,Aditya Srinivas,Male,47,Kolkata,2024-02-17,47,Premium,2393,112471,Monthly,Wallet,8,1.9,No
487,Advik Shah,Female,25,Jaipur,2026-06-17,1,Basic,508,508,Yearly,Debit Card,2,3.0,Yes
488,Watika Mitter,Female,33,Pune,2021-12-06,57,Standard,1106,63042,Yearly,Net Banking,14,4.9,No
489,Azad Dhaliwal,Male,42,Chennai,2026-02-26,44,Standard,1000,44000,Two Year,Credit Card,15,1.5,No
490,Riya Thaker,Female,33,Hyderabad,2025-12-11,52,Basic,480,24960,Yearly,UPI,0,3.8,No
491,Yatan Yohannan,Female,31,Lucknow,2022-09-14,26,Standard,1120,29120,Monthly,Debit Card,5,2.9,Yes
492,Pavani Golla,Male,34,Chennai,2022-11-26,12,Premium,1589,19068,Monthly,Credit Card,6,1.9,No
493,Mahika Datta,Male,61,Ahmedabad,2023-10-07,13,Premium,2466,32058,Monthly,Wallet,3,1.5,Yes
494,Aarnav Narayan,Female,49,Lucknow,2025-06-04,1,Standard,977,977,Two Year,Debit Card,15,2.5,Yes
495,Tanvi Sarkar,Male,21,Jaipur,2024-07-26,32,Basic,691,22112,Two Year,Net Banking,8,2.6,No
496,Abeer Bansal,Male,47,Mumbai,2026-01-07,31,Premium,1266,39246,Yearly,Wallet,12,4.4,No
497,Manbir Sura,Male,38,Pune,2026-04-08,30,Basic,304,9120,Monthly,Wallet,6,2.5,No
498,Charan Oak,Female,41,Bangalore,2022-05-10,56,Basic,580,32480,Monthly,Net Banking,8,2.9,Yes
499,Chaaya Pandit,Female,46,Bangalore,2025-01-06,28,Basic,658,18424,Yearly,Wallet,11,4.4,No
500,Chakrika Modi,Female,42,Chennai,2025-04-05,9,Premium,1668,15012,Two Year,Credit Card,8,4.2,No
501,Wazir Seshadri,Female,26,Jaipur,2024-01-07,52,Premium,1506,78312,Monthly,Wallet,0,1.7,No
502,Lakshmi Borde,Male,21,Chennai,2026-04-24,47,Basic,549,25803,Monthly,Debit Card,1,2.6,Yes
503,Alexander Chaudhari,Female,53,Jaipur,2022-02-07,31,Premium,1397,43307,Monthly,Debit Card,10,2.0,Yes
504,Ikshita Dhaliwal,Male,36,Pune,2024-01-11,23,Basic,362,8326,Monthly,Debit Card,6,3.3,No
505,Ojas Vyas,Female,47,Bangalore,2023-07-29,44,Standard,1096,48224,Yearly,Credit Card,2,2.5,No
506,Jagrati Shere,Male,23,Bangalore,2024-09-10,41,Premium,1890,77490,Monthly,Debit Card,12,4.4,Yes
507,Eiravati Rattan,Female,35,Ahmedabad,2023-08-18,15,Basic,634,9510,Monthly,Debit Card,8,3.4,No
508,Yashoda Kashyap,Male,26,Chennai,2023-10-27,48,Standard,1194,57312,Monthly,Debit Card,5,1.7,No
509,Vedika Som,Male,48,Jaipur,2023-07-07,48,Standard,740,35520,Monthly,UPI,12,1.4,No
510,Champak Muni,Male,23,Kolkata,2025-10-19,2,Standard,968,1936,Yearly,Debit Card,2,1.4,No
511,Saksham Tripathi,Male,19,Delhi,2025-01-03,15,Basic,445,6675,Monthly,Debit Card,4,1.5,No
512,Mekhala Divan,Male,62,Jaipur,2024-03-15,56,Premium,2175,121800,Monthly,Credit Card,8,3.2,No
513,Jason Palan,Female,40,Ahmedabad,2026-02-02,38,Standard,1023,38874,Yearly,Wallet,13,3.1,No
514,Naveen Vaidya,Female,18,Delhi,2021-10-01,15,Premium,2104,31560,Monthly,Wallet,13,2.0,No
515,Abhimanyu Bhattacharyya,Female,48,Hyderabad,2021-07-08,53,Standard,769,40757,Monthly,UPI,15,3.1,Yes
516,Tanay Bail,Male,44,Jaipur,2023-10-13,50,Standard,849,42450,Yearly,Net Banking,0,3.2,No
517,Tarak Narain,Male,34,Mumbai,2024-09-19,26,Basic,666,17316,Yearly,Net Banking,12,4.3,No
518,Arunima Mani,Female,44,Chennai,2021-08-24,41,Basic,691,28331,Yearly,UPI,8,2.1,No
519,Yuvraj Sethi,Female,30,Pune,2022-12-22,12,Basic,356,4272,Yearly,UPI,14,2.1,No
520,Daksha Kapadia,Male,63,Ahmedabad,2025-02-26,10,Basic,573,5730,Monthly,UPI,3,2.1,Yes
521,Faraj Chaudhari,Female,41,Ahmedabad,2024-11-20,15,Basic,307,4605,Monthly,UPI,10,2.7,Yes
522,Yuvraj D’Alia,Female,22,Jaipur,2026-01-26,22,Basic,684,15048,Two Year,Net Banking,1,2.1,No
523,Advay Jhaveri,Male,42,Ahmedabad,2021-11-05,12,Basic,428,5136,Two Year,Credit Card,0,1.5,No
524,Viraj Karan,Male,48,Kolkata,2022-05-11,48,Premium,1607,77136,Monthly,Debit Card,3,3.1,No
525,Ganga Khanna,Female,30,Pune,2024-04-21,60,Basic,622,37320,Yearly,UPI,3,2.0,No
526,Balvan Raman,Male,35,Lucknow,2025-02-19,56,Standard,1198,67088,Monthly,UPI,13,2.3,Yes
527,Sai Hayre,Male,41,Mumbai,2022-11-05,26,Standard,704,18304,Two Year,Credit Card,15,3.8,No
528,Yoshita Mand,Male,62,Jaipur,2024-04-20,11,Standard,1051,11561,Yearly,UPI,1,1.2,Yes
529,Madhavi Aurora,Female,64,Chennai,2025-06-10,9,Standard,862,7758,Two Year,UPI,11,4.2,Yes
530,Indali Ahluwalia,Female,53,Hyderabad,2023-06-07,45,Basic,670,30150,Monthly,Wallet,1,2.9,No
531,Samuel Saxena,Female,35,Lucknow,2022-06-24,45,Standard,990,44550,Monthly,Wallet,11,2.3,No
532,Champak Garde,Female,18,Jaipur,2024-10-23,11,Basic,379,4169,Monthly,Net Banking,8,3.2,No
533,Ekaraj Doshi,Male,38,Mumbai,2023-09-26,47,Basic,309,14523,Yearly,Wallet,11,4.1,No
534,Oni Lanka,Female,44,Pune,2023-02-17,53,Basic,568,30104,Yearly,UPI,4,3.5,No
535,Lekha Gulati,Male,30,Mumbai,2022-07-12,7,Standard,734,5138,Monthly,Net Banking,4,1.7,No
536,Varenya Tripathi,Female,21,Pune,2024-04-08,13,Basic,592,7696,Yearly,Credit Card,12,3.6,No
537,Pooja Tiwari,Male,47,Delhi,2023-01-29,39,Standard,706,27534,Two Year,Debit Card,6,3.6,No
538,Tristan Kalita,Male,57,Hyderabad,2022-10-13,36,Standard,1155,41580,Monthly,Wallet,11,4.2,Yes
539,Chanakya Tara,Male,24,Chennai,2023-05-06,3,Standard,1127,3381,Monthly,Wallet,6,4.8,No
540,Vamakshi Sarraf,Female,65,Mumbai,2023-09-18,25,Basic,569,14225,Yearly,Wallet,5,3.2,No
541,Wakeeta Pathak,Male,53,Kolkata,2025-10-04,23,Standard,1059,24357,Yearly,Wallet,3,1.7,No
542,Arya Yohannan,Female,53,Pune,2023-03-07,22,Standard,973,21406,Two Year,Debit Card,14,4.7,No
543,Yadavi Prabhu,Male,42,Jaipur,2024-10-06,27,Standard,920,24840,Two Year,Debit Card,10,3.4,Yes
544,Praneel Dar,Female,56,Delhi,2024-03-01,24,Premium,2116,50784,Two Year,Wallet,0,3.9,No
545,William Sampath,Female,19,Hyderabad,2025-12-26,9,Premium,1818,16362,Monthly,Wallet,7,1.9,Yes
546,Leena Gour,Female,27,Bangalore,2024-09-28,33,Standard,1174,38742,Yearly,Debit Card,3,1.2,No
547,Joshua Sharaf,Female,54,Chennai,2023-05-21,24,Premium,1711,41064,Monthly,UPI,9,1.4,Yes
548,Zayyan Chacko,Female,20,Lucknow,2026-04-19,47,Basic,547,25709,Monthly,Net Banking,3,3.4,No
549,Rajata Sathe,Female,44,Mumbai,2023-02-02,6,Standard,1171,7026,Yearly,Credit Card,11,4.5,No
550,Sachi Mangal,Male,38,Jaipur,2021-07-15,48,Standard,1008,48384,Two Year,Wallet,12,1.2,No
551,Pushti Gara,Female,46,Lucknow,2023-07-11,10,Basic,657,6570,Monthly,Wallet,1,3.7,No
552,Xavier Manne,Female,23,Ahmedabad,2025-06-29,33,Basic,521,17193,Monthly,Wallet,12,1.6,No
553,Ekaja Sehgal,Male,26,Ahmedabad,2024-03-21,48,Basic,504,24192,Monthly,Wallet,12,3.0,No
554,Warda Mandal,Female,45,Pune,2023-10-21,13,Standard,1033,13429,Yearly,Wallet,7,2.0,No
555,Amaira Kade,Female,56,Delhi,2022-05-16,6,Basic,511,3066,Monthly,Debit Card,11,1.8,No
556,Anika Vala,Female,20,Chennai,2025-03-19,11,Premium,2462,27082,Two Year,Credit Card,14,3.5,No
557,Shravya Puri,Male,33,Lucknow,2025-09-12,44,Basic,687,30228,Yearly,Credit Card,2,1.4,Yes
558,Jacob Munshi,Female,19,Pune,2023-03-09,56,Premium,1789,100184,Monthly,Credit Card,3,2.2,Yes
559,Utkarsh Raja,Male,62,Delhi,2023-07-15,48,Standard,804,38592,Yearly,Net Banking,8,3.2,No
560,Samarth Comar,Male,62,Lucknow,2023-02-03,38,Premium,2278,86564,Monthly,Debit Card,5,1.2,No
561,Damyanti Rattan,Female,24,Delhi,2023-12-13,4,Standard,1183,4732,Monthly,Debit Card,12,3.6,No
562,Ekaraj Sahni,Male,38,Ahmedabad,2023-05-28,56,Premium,1991,111496,Monthly,Wallet,12,3.0,Yes
563,Wazir Suresh,Male,20,Chennai,2022-04-10,35,Basic,401,14035,Yearly,Wallet,14,3.2,Yes
564,Prisha Batra,Female,40,Hyderabad,2026-06-17,20,Basic,501,10020,Yearly,Credit Card,0,2.4,Yes
565,Mahika Chadha,Male,53,Hyderabad,2025-10-17,33,Basic,331,10923,Yearly,Credit Card,12,4.6,No
566,Irya Bera,Male,44,Chennai,2023-05-01,10,Basic,501,5010,Yearly,Wallet,2,3.9,No
567,Bhanumati Jaggi,Male,31,Bangalore,2022-09-05,10,Standard,859,8590,Two Year,Wallet,10,2.8,Yes
568,Krishna Walia,Male,45,Bangalore,2021-10-20,35,Standard,803,28105,Two Year,Wallet,9,3.8,No
569,Omisha Chokshi,Male,64,Delhi,2025-05-09,59,Basic,334,19706,Yearly,Debit Card,3,1.7,No
570,Tanish Sachdev,Male,24,Bangalore,2025-09-22,57,Premium,2042,116394,Monthly,Credit Card,8,1.6,Yes
571,Krishna Deep,Male,61,Delhi,2023-12-07,2,Standard,1013,2026,Yearly,Debit Card,7,3.4,No
572,Anmol Nigam,Female,29,Kolkata,2025-09-12,6,Standard,944,5664,Monthly,Net Banking,15,3.8,No
573,Prisha Chopra,Male,35,Kolkata,2024-03-21,31,Basic,398,12338,Monthly,Credit Card,13,4.1,Yes
574,Vasudha Sarin,Female,57,Ahmedabad,2024-09-11,48,Standard,803,38544,Yearly,Debit Card,2,1.7,No
575,Laksh Kumer,Female,64,Pune,2023-01-10,56,Standard,826,46256,Monthly,Net Banking,1,3.4,No
576,Henry Sehgal,Female,47,Delhi,2023-08-06,40,Premium,2371,94840,Yearly,Credit Card,1,3.1,No
577,Nathan Loke,Male,30,Hyderabad,2023-03-06,34,Standard,1076,36584,Monthly,Net Banking,12,3.1,Yes
578,Aarna Ganguly,Male,62,Jaipur,2022-03-31,26,Premium,1785,46410,Monthly,Credit Card,13,2.2,No
579,Dalbir Sane,Male,43,Kolkata,2022-07-12,30,Premium,2125,63750,Monthly,Debit Card,3,1.7,Yes
580,Divya Varughese,Male,34,Pune,2026-06-02,29,Basic,532,15428,Yearly,Credit Card,6,4.5,No
581,Geetika Sunder,Male,51,Kolkata,2024-11-13,46,Standard,746,34316,Monthly,Wallet,14,3.5,Yes
582,Wazir Kalita,Female,54,Bangalore,2023-12-09,40,Premium,1975,79000,Yearly,Credit Card,1,4.1,No
583,Indali Sathe,Female,36,Bangalore,2024-10-28,56,Basic,693,38808,Yearly,UPI,13,2.2,Yes
584,Inaya Dutta,Female,49,Jaipur,2022-12-23,58,Basic,403,23374,Monthly,UPI,8,1.0,Yes
585,Maya Sha,Female,23,Lucknow,2026-02-17,39,Premium,1687,65793,Monthly,Wallet,15,2.8,Yes
586,Yashasvi Nayak,Male,21,Pune,2025-01-07,1,Basic,580,580,Monthly,UPI,6,1.2,Yes
587,Kiaan Bajwa,Male,21,Mumbai,2023-05-26,10,Premium,2383,23830,Two Year,Net Banking,9,2.3,Yes
588,Akshay Iyengar,Female,20,Mumbai,2022-07-17,12,Basic,445,5340,Yearly,Debit Card,5,4.9,No
589,Caleb Koshy,Male,36,Ahmedabad,2025-06-15,21,Basic,494,10374,Two Year,Credit Card,13,4.4,Yes
590,Gaurangi Kapur,Male,57,Delhi,2023-12-02,8,Standard,840,6720,Monthly,UPI,13,3.1,Yes
591,Nilima Yohannan,Female,45,Lucknow,2026-02-23,37,Standard,1022,37814,Yearly,Debit Card,2,2.9,Yes
592,Zinal Palan,Female,51,Ahmedabad,2023-04-07,17,Standard,1019,17323,Monthly,Net Banking,4,3.5,No
593,Om Yadav,Male,25,Delhi,2022-09-17,52,Basic,612,31824,Monthly,Net Banking,9,4.9,Yes
594,Yashawini Verma,Female,40,Jaipur,2022-04-26,41,Standard,1077,44157,Two Year,Credit Card,13,2.7,Yes
595,Omya Mani,Female,18,Mumbai,2026-02-15,1,Standard,1053,1053,Monthly,Debit Card,2,2.2,No
596,Divya Bava,Male,39,Pune,2023-12-26,22,Basic,591,13002,Yearly,Net Banking,0,4.3,No
597,Siddharth Sheth,Female,52,Pune,2024-12-09,59,Standard,718,42362,Yearly,Net Banking,15,1.6,No
598,Warda Bandi,Female,53,Jaipur,2022-12-12,51,Premium,1314,67014,Two Year,UPI,9,3.3,Yes
599,Waida Dutta,Male,35,Delhi,2024-02-03,14,Standard,869,12166,Yearly,Debit Card,11,1.3,Yes
600,Adweta Mannan,Male,37,Pune,2024-02-13,25,Standard,1131,28275,Monthly,UPI,12,1.7,Yes
601,Naveen Sachdev,Female,31,Jaipur,2026-05-25,18,Standard,954,17172,Two Year,Debit Card,11,2.8,Yes
602,Udyati Ramakrishnan,Male,48,Jaipur,2024-01-13,12,Basic,319,3828,Yearly,Credit Card,2,2.8,Yes
603,Pooja Iyer,Male,24,Jaipur,2022-03-21,13,Basic,547,7111,Yearly,Credit Card,9,4.1,Yes
604,Manya Bhattacharyya,Male,61,Lucknow,2024-06-06,14,Standard,935,13090,Monthly,UPI,3,1.0,Yes
605,Chandran Mitter,Female,58,Chennai,2022-11-06,22,Standard,723,15906,Monthly,Debit Card,9,1.1,Yes
606,Vansha Dara,Female,27,Bangalore,2024-07-10,13,Basic,441,5733,Yearly,Debit Card,14,3.7,No
607,Samarth Prashad,Female,53,Pune,2023-11-13,8,Basic,618,4944,Yearly,Debit Card,3,1.8,Yes
608,Karan Sule,Female,52,Ahmedabad,2022-07-06,10,Premium,1780,17800,Yearly,UPI,5,1.3,Yes
609,Amara Parmer,Female,43,Bangalore,2024-06-13,9,Basic,645,5805,Monthly,Wallet,12,1.2,Yes
610,Ekavir Dube,Female,39,Chennai,2021-07-05,58,Standard,1128,65424,Yearly,Wallet,14,3.5,No
611,Samar Bail,Female,24,Ahmedabad,2025-10-30,6,Premium,2153,12918,Yearly,Debit Card,2,4.3,Yes
612,Amruta Banerjee,Male,57,Hyderabad,2022-03-29,44,Standard,1092,48048,Monthly,Debit Card,7,4.8,No
613,Gabriel Kurian,Male,22,Ahmedabad,2023-08-09,26,Basic,640,16640,Monthly,UPI,10,2.8,Yes
614,Yashica Bandi,Male,50,Mumbai,2026-03-15,23,Standard,1133,26059,Monthly,Net Banking,11,3.4,Yes
615,Anay Shukla,Female,43,Lucknow,2023-08-22,53,Standard,754,39962,Monthly,Net Banking,2,4.2,No
616,Ekaja Badami,Female,31,Lucknow,2023-11-01,16,Standard,980,15680,Monthly,Net Banking,15,2.5,No
617,Harita Choudhury,Male,65,Lucknow,2025-01-27,51,Premium,2361,120411,Yearly,Net Banking,7,1.7,Yes
618,Patrick Puri,Male,37,Kolkata,2022-10-03,8,Standard,937,7496,Monthly,UPI,3,4.3,Yes
619,Azad Bhattacharyya,Male,23,Chennai,2021-11-29,39,Basic,605,23595,Yearly,Credit Card,12,2.3,No
620,Aarnav Ahluwalia,Male,46,Jaipur,2025-10-11,57,Standard,1086,61902,Yearly,Debit Card,0,4.0,No
621,Chaitaly Nigam,Female,45,Pune,2026-04-11,25,Standard,928,23200,Monthly,UPI,10,2.2,Yes
622,Ansh Barad,Male,41,Jaipur,2023-12-20,38,Basic,561,21318,Monthly,UPI,4,4.4,Yes
623,Yatin Sankaran,Male,33,Kolkata,2025-07-02,1,Standard,1120,1120,Two Year,Wallet,3,4.4,No
624,Sudiksha Tripathi,Male,60,Bangalore,2025-08-22,26,Standard,1064,27664,Monthly,Net Banking,12,2.7,Yes
625,Zaitra Swamy,Male,36,Bangalore,2022-05-08,9,Basic,496,4464,Two Year,Credit Card,11,4.4,No
626,Vyanjana Anne,Male,23,Bangalore,2024-11-08,1,Basic,308,308,Monthly,Net Banking,15,3.6,Yes
627,Maanav Prabhakar,Female,50,Kolkata,2022-02-15,56,Standard,1103,61768,Yearly,Wallet,13,3.5,No
628,Rudra Kapoor,Female,64,Chennai,2023-09-16,53,Standard,881,46693,Monthly,Wallet,13,3.4,No
629,Kritika Sura,Female,63,Pune,2026-01-04,18,Standard,979,17622,Yearly,UPI,1,4.9,No
630,Yug Pingle,Male,51,Lucknow,2022-02-27,38,Standard,1053,40014,Monthly,UPI,8,2.9,Yes
631,Gaurika Wason,Female,57,Delhi,2022-01-19,16,Standard,1079,17264,Yearly,Debit Card,2,3.7,No
632,Falak Krishna,Female,44,Pune,2025-08-26,35,Standard,940,32900,Monthly,Debit Card,15,3.3,No
633,Yahvi Rau,Female,21,Ahmedabad,2021-10-11,19,Basic,655,12445,Two Year,Wallet,9,3.9,No
634,Tanvi Kade,Male,26,Jaipur,2025-08-23,11,Standard,1036,11396,Two Year,UPI,0,2.1,No
635,Ronith Balakrishnan,Female,18,Mumbai,2024-04-05,55,Standard,829,45595,Monthly,Wallet,8,2.1,Yes
636,Max Walia,Female,62,Chennai,2023-11-09,12,Premium,1509,18108,Yearly,Net Banking,11,4.2,No
637,Darsh Verma,Male,49,Kolkata,2024-10-06,12,Standard,1141,13692,Monthly,Net Banking,2,4.9,No
638,Rehaan Rau,Female,21,Hyderabad,2021-08-24,16,Standard,1071,17136,Yearly,UPI,6,3.3,No
639,Samesh Kata,Male,42,Kolkata,2022-11-19,4,Basic,504,2016,Monthly,Net Banking,15,4.0,Yes
640,Wazir Sane,Female,51,Delhi,2023-12-23,17,Basic,522,8874,Monthly,UPI,14,2.5,Yes
641,Vrinda Deshpande,Female,39,Hyderabad,2023-02-10,59,Standard,881,51979,Two Year,Debit Card,13,3.4,Yes
642,Charita Dutta,Male,64,Lucknow,2024-10-29,52,Basic,635,33020,Yearly,Credit Card,14,4.1,No
643,Reyansh Sane,Male,22,Delhi,2022-01-14,34,Basic,653,22202,Two Year,Net Banking,10,3.2,Yes
644,Watika Bath,Female,30,Delhi,2026-06-14,7,Standard,1050,7350,Monthly,UPI,7,3.9,Yes
645,Urvi Thakkar,Male,63,Mumbai,2024-08-02,40,Basic,604,24160,Yearly,UPI,6,4.8,No
646,Aadhya Loke,Male,34,Hyderabad,2026-06-08,55,Standard,892,49060,Yearly,Net Banking,5,4.6,No
647,Ekiya Sawhney,Female,34,Bangalore,2025-03-14,43,Premium,2128,91504,Two Year,UPI,8,4.1,No
648,Abeer Chhabra,Female,29,Ahmedabad,2022-09-23,18,Standard,895,16110,Monthly,UPI,1,2.0,No
649,Christopher Gade,Male,27,Jaipur,2023-02-02,32,Premium,1610,51520,Yearly,Net Banking,5,3.6,No
650,Kamala Cheema,Male,22,Lucknow,2024-09-04,14,Standard,754,10556,Two Year,Debit Card,8,1.4,No
651,Girindra Sarma,Female,35,Bangalore,2022-06-10,50,Standard,1159,57950,Monthly,Debit Card,0,4.7,Yes
652,Sudiksha Kumer,Female,64,Mumbai,2022-02-22,58,Basic,301,17458,Yearly,Wallet,15,2.9,Yes
653,Vedika Gole,Female,39,Hyderabad,2026-06-17,15,Basic,652,9780,Two Year,Net Banking,15,1.5,No
654,Rishi Gola,Female,23,Ahmedabad,2021-06-22,4,Standard,1190,4760,Yearly,Debit Card,11,3.1,No
655,Jatin Vaidya,Female,62,Kolkata,2026-02-21,42,Basic,583,24486,Monthly,UPI,12,3.6,Yes
656,Upma Jayaraman,Male,20,Chennai,2026-01-19,41,Standard,949,38909,Monthly,UPI,14,3.9,Yes
657,Veer Amble,Female,49,Jaipur,2026-03-15,47,Premium,1688,79336,Monthly,Net Banking,2,4.2,No
658,Vasudha Patel,Male,59,Jaipur,2022-02-21,2,Basic,328,656,Monthly,Net Banking,1,2.6,Yes
659,Indali Deep,Male,65,Bangalore,2024-10-19,44,Premium,2298,101112,Monthly,Net Banking,7,4.7,No
660,Ekbal Desai,Male,37,Mumbai,2022-06-06,42,Basic,616,25872,Monthly,Net Banking,4,1.1,No
661,Tarak Oommen,Male,22,Chennai,2026-05-19,40,Basic,602,24080,Monthly,Net Banking,3,1.5,Yes
662,Janya Mukhopadhyay,Male,20,Lucknow,2024-12-15,22,Premium,2023,44506,Monthly,Credit Card,4,2.3,No
663,Rudra Puri,Female,53,Bangalore,2022-02-27,22,Basic,440,9680,Monthly,Net Banking,13,1.7,Yes
664,Kabir Nagar,Male,49,Mumbai,2023-10-29,16,Premium,1283,20528,Monthly,UPI,12,4.1,Yes
665,Luke Mallick,Female,62,Bangalore,2022-02-12,1,Basic,345,345,Yearly,Credit Card,9,2.7,Yes
666,Anjali Sekhon,Male,56,Bangalore,2022-01-01,10,Standard,967,9670,Monthly,Net Banking,7,4.8,Yes
667,Anmol Gola,Male,53,Chennai,2022-07-26,40,Premium,2484,99360,Two Year,Credit Card,9,2.4,Yes
668,Baljiwan Chahal,Male,35,Delhi,2025-11-10,8,Premium,1395,11160,Yearly,Credit Card,7,2.9,Yes
669,Balendra Basak,Male,60,Delhi,2025-05-30,8,Standard,1050,8400,Two Year,UPI,15,3.0,Yes
670,Onkar Shroff,Female,20,Mumbai,2024-09-20,42,Basic,407,17094,Monthly,UPI,10,3.5,Yes
671,Jonathan Talwar,Male,33,Ahmedabad,2024-07-16,60,Standard,780,46800,Yearly,Wallet,15,3.1,Yes
672,Faras Rajan,Male,38,Chennai,2025-05-05,38,Basic,401,15238,Yearly,UPI,10,1.9,No
673,Vedika Patla,Female,21,Kolkata,2025-02-16,16,Standard,1145,18320,Monthly,Credit Card,7,1.3,Yes
674,Xavier Varty,Male,58,Pune,2026-06-09,14,Premium,2131,29834,Monthly,Debit Card,11,1.5,Yes
675,Vrinda Pant,Male,47,Ahmedabad,2024-10-14,13,Basic,316,4108,Yearly,Net Banking,1,2.1,No
676,Aachal Taneja,Male,54,Jaipur,2022-09-17,11,Standard,812,8932,Two Year,Credit Card,5,4.2,No
677,Hritik Dora,Female,35,Delhi,2024-09-26,6,Standard,967,5802,Monthly,Net Banking,6,3.4,Yes
678,Niharika Venkatesh,Male,54,Delhi,2021-12-20,48,Premium,1707,81936,Monthly,Net Banking,7,4.6,No
679,Zarna Rajan,Female,48,Mumbai,2022-12-26,3,Basic,540,1620,Yearly,Net Banking,1,2.7,No
680,Charvi Raghavan,Male,40,Hyderabad,2025-12-16,32,Basic,585,18720,Yearly,Credit Card,13,4.8,No
681,Vedika Ganesan,Female,54,Lucknow,2023-08-05,42,Premium,1232,51744,Monthly,UPI,9,1.6,No
682,Laksh Mittal,Female,58,Ahmedabad,2022-05-28,30,Standard,770,23100,Two Year,UPI,12,1.7,Yes
683,Dominic Ramesh,Female,45,Hyderabad,2022-08-31,56,Standard,897,50232,Two Year,Wallet,10,3.1,Yes
684,Wakeeta Chana,Female,65,Delhi,2022-05-28,35,Standard,806,28210,Yearly,Wallet,2,3.5,No
685,Chandran Lata,Male,41,Pune,2022-08-19,59,Standard,1154,68086,Monthly,Credit Card,12,2.5,No
686,Inaya Ranganathan,Female,33,Jaipur,2021-08-29,42,Standard,734,30828,Yearly,UPI,6,1.6,No
687,Vidhi Mody,Male,38,Pune,2025-11-22,42,Standard,1180,49560,Yearly,Debit Card,6,4.0,No
688,Xavier Sandal,Female,50,Jaipur,2021-06-20,33,Standard,841,27753,Monthly,UPI,11,2.4,Yes
689,Imaran Mitra,Female,61,Mumbai,2022-01-17,31,Standard,1047,32457,Two Year,Credit Card,9,2.8,No
690,Waida Hari,Male,24,Bangalore,2025-11-23,58,Premium,1378,79924,Monthly,Debit Card,5,2.2,Yes
691,Nisha Mittal,Male,36,Kolkata,2024-09-16,8,Standard,954,7632,Monthly,Wallet,6,3.1,Yes
692,Vivaan Chhabra,Male,19,Chennai,2021-11-21,60,Basic,477,28620,Monthly,Wallet,0,2.2,Yes
693,Naveen Dhawan,Female,47,Hyderabad,2026-02-24,42,Basic,596,25032,Monthly,Wallet,10,2.9,Yes
694,Indali Chaudhari,Female,36,Delhi,2023-07-20,9,Premium,1827,16443,Monthly,Credit Card,8,1.9,Yes
695,Pushti Sankar,Female,29,Bangalore,2025-06-23,23,Basic,385,8855,Yearly,Credit Card,5,3.8,No
696,Arunima Pau,Female,29,Chennai,2025-08-03,11,Basic,321,3531,Two Year,Wallet,4,2.8,No
697,Tristan Mangat,Male,52,Hyderabad,2023-08-27,46,Basic,462,21252,Two Year,UPI,4,2.5,Yes
698,Chakradhar Saha,Male,18,Jaipur,2022-12-27,59,Basic,555,32745,Yearly,Wallet,14,4.7,No
699,Sneha Kumer,Male,54,Ahmedabad,2025-07-03,22,Standard,851,18722,Monthly,Debit Card,9,4.9,Yes
700,Nihal Nayar,Male,37,Delhi,2025-01-18,45,Basic,545,24525,Two Year,Net Banking,4,3.7,No
701,Bhavya Shukla,Male,55,Jaipur,2023-08-29,40,Premium,2113,84520,Monthly,Credit Card,10,1.2,Yes
702,Siya Krishnamurthy,Female,61,Mumbai,2024-07-26,51,Premium,1769,90219,Monthly,Wallet,2,3.2,Yes
703,Alka Randhawa,Female,43,Bangalore,2022-08-21,26,Basic,462,12012,Yearly,Net Banking,1,4.6,No
704,Shaurya Naik,Female,53,Mumbai,2025-05-27,24,Basic,306,7344,Monthly,Credit Card,11,2.2,Yes
705,Rushil Joshi,Female,64,Kolkata,2023-02-19,47,Premium,2051,96397,Two Year,Credit Card,9,1.7,Yes
706,Rachana Bobal,Female,22,Lucknow,2024-06-19,54,Standard,744,40176,Monthly,Net Banking,9,2.9,No
707,Parth Rajagopal,Female,63,Lucknow,2025-03-19,6,Basic,627,3762,Two Year,Credit Card,13,1.7,Yes
708,Charan Ganesh,Female,55,Hyderabad,2023-09-09,13,Basic,495,6435,Monthly,Net Banking,15,1.2,No
709,Dakshesh Sawhney,Female,58,Ahmedabad,2023-06-21,36,Standard,814,29304,Monthly,UPI,0,1.6,Yes
710,Manan Parsa,Male,19,Mumbai,2025-09-17,42,Standard,847,35574,Monthly,Debit Card,15,4.6,No
711,Jairaj Goda,Female,34,Ahmedabad,2023-09-22,32,Premium,1336,42752,Yearly,UPI,11,3.3,No
712,Lakshit Jaggi,Male,27,Pune,2023-04-22,24,Standard,994,23856,Monthly,Net Banking,8,1.7,No
713,Zaitra Bail,Female,21,Hyderabad,2022-01-08,57,Standard,882,50274,Monthly,Debit Card,8,2.4,Yes
714,Eiravati Barad,Male,52,Pune,2021-09-10,34,Standard,739,25126,Yearly,Debit Card,5,4.1,No
715,Patrick Kaur,Female,27,Delhi,2023-05-19,53,Premium,1816,96248,Monthly,Credit Card,11,1.4,Yes
716,Jairaj Keer,Male,24,Chennai,2024-11-19,34,Basic,698,23732,Monthly,Credit Card,10,4.7,No
717,Rachit Reddy,Male,25,Bangalore,2025-12-08,33,Basic,396,13068,Yearly,UPI,3,2.7,No
718,Tristan Taneja,Female,29,Hyderabad,2023-11-19,31,Basic,653,20243,Monthly,UPI,14,4.6,No
719,Tanay Salvi,Female,26,Chennai,2023-12-22,48,Premium,1655,79440,Monthly,Credit Card,4,3.8,Yes
720,Yatan Date,Female,45,Delhi,2023-08-12,6,Standard,1090,6540,Yearly,Credit Card,2,1.1,No
721,Anirudh Chakraborty,Female,20,Mumbai,2021-07-11,7,Basic,637,4459,Yearly,Debit Card,1,2.9,No
722,Krish Sule,Male,29,Pune,2024-07-02,43,Basic,349,15007,Yearly,UPI,6,3.4,No
723,Liam Krishnan,Male,50,Lucknow,2025-12-02,6,Basic,682,4092,Two Year,UPI,11,2.4,Yes
724,Teerth Bhalla,Male,52,Delhi,2023-09-21,7,Premium,1228,8596,Yearly,UPI,6,4.9,No
725,Radhika Walla,Male,46,Mumbai,2023-10-24,60,Basic,558,33480,Two Year,Credit Card,15,2.5,No
726,Advik Kari,Female,25,Ahmedabad,2023-12-15,54,Basic,494,26676,Monthly,UPI,7,2.6,No
727,Priya Vig,Male,23,Pune,2026-02-12,34,Basic,690,23460,Monthly,Net Banking,9,3.2,Yes
728,Hemani Goda,Female,32,Jaipur,2026-06-07,8,Basic,533,4264,Yearly,Net Banking,9,3.7,No
729,Rushil Shankar,Female,61,Pune,2025-04-13,19,Premium,2076,39444,Monthly,Credit Card,2,4.6,Yes
730,Omya Dalal,Male,25,Bangalore,2024-01-03,1,Premium,2206,2206,Yearly,Net Banking,12,2.8,Yes
731,Mohammed Dhillon,Male,39,Chennai,2025-10-23,26,Standard,1200,31200,Monthly,Wallet,5,1.3,Yes
732,Zaid Rajagopal,Female,63,Lucknow,2022-06-11,55,Premium,1451,79805,Monthly,Wallet,13,3.9,No
733,Meera Dhawan,Female,49,Jaipur,2025-10-10,18,Standard,1110,19980,Yearly,Debit Card,12,2.4,No
734,Kashvi Narula,Male,19,Mumbai,2024-08-20,10,Standard,755,7550,Monthly,UPI,15,3.0,Yes
735,Abdul Manda,Female,27,Hyderabad,2024-06-06,54,Basic,647,34938,Monthly,Wallet,5,2.5,Yes
736,Michael Krishna,Male,36,Ahmedabad,2024-11-28,40,Basic,339,13560,Yearly,Net Banking,15,4.2,No
737,Tanay Bhardwaj,Male,45,Mumbai,2022-04-04,33,Basic,475,15675,Two Year,Net Banking,0,4.8,No
738,Keya Reddy,Female,63,Bangalore,2022-04-15,29,Basic,492,14268,Monthly,Net Banking,1,1.1,No
739,Aashi Murthy,Female,60,Jaipur,2024-07-23,28,Basic,666,18648,Monthly,Wallet,3,3.3,No
740,Kritika Salvi,Female,55,Kolkata,2025-10-20,37,Standard,987,36519,Two Year,Wallet,1,2.6,No
741,Kashvi Munshi,Male,41,Pune,2025-08-11,44,Basic,445,19580,Monthly,Wallet,0,3.4,No
742,Xiti Ghosh,Female,44,Pune,2023-06-27,2,Standard,1020,2040,Monthly,UPI,3,2.7,Yes
743,Yagnesh Parmar,Male,37,Mumbai,2022-03-20,43,Basic,420,18060,Yearly,Debit Card,2,4.6,No
744,Forum Mukhopadhyay,Female,35,Delhi,2023-12-12,11,Basic,466,5126,Monthly,Net Banking,13,3.3,Yes
745,Timothy Babu,Male,49,Mumbai,2025-06-28,38,Basic,462,17556,Monthly,Credit Card,12,2.3,Yes
746,Veer Sule,Female,41,Kolkata,2021-11-28,22,Standard,1115,24530,Yearly,Credit Card,10,1.7,No
747,Advik Shenoy,Male,37,Lucknow,2021-11-14,32,Standard,1198,38336,Yearly,Net Banking,6,2.1,No
748,Rehaan Misra,Female,22,Lucknow,2022-04-15,52,Basic,680,35360,Two Year,Wallet,3,3.4,No
749,Anthony Jani,Female,45,Jaipur,2025-06-16,31,Standard,877,27187,Yearly,Debit Card,9,3.0,No
750,Theodore Mitter,Male,19,Jaipur,2023-10-14,13,Standard,828,10764,Yearly,Credit Card,14,3.7,No
751,Yuvraj Khalsa,Female,54,Delhi,2021-10-26,37,Standard,1038,38406,Two Year,Wallet,14,2.1,Yes
752,Eiravati Zachariah,Female,38,Mumbai,2023-08-04,13,Basic,375,4875,Monthly,Credit Card,9,4.4,No
753,Wahab Dugal,Male,43,Chennai,2023-11-13,55,Standard,1121,61655,Monthly,UPI,5,2.0,No
754,Nisha Dutt,Female,45,Delhi,2023-07-14,10,Basic,425,4250,Yearly,Credit Card,9,2.9,Yes
755,Suhani Bajaj,Male,59,Delhi,2023-03-27,11,Basic,314,3454,Monthly,Net Banking,8,3.6,Yes
756,Zayan Rajagopal,Female,41,Mumbai,2025-09-16,51,Basic,342,17442,Monthly,Net Banking,9,4.5,No
757,Maya Chahal,Female,49,Mumbai,2024-04-27,54,Standard,771,41634,Monthly,Credit Card,3,3.1,No
758,Patrick Sura,Male,45,Chennai,2021-10-11,39,Basic,460,17940,Monthly,Credit Card,12,4.2,No
759,Yug Pal,Male,49,Jaipur,2021-06-24,7,Basic,440,3080,Monthly,Debit Card,8,4.5,No
760,Saumya Kannan,Female,27,Pune,2024-08-31,45,Premium,1848,83160,Yearly,Net Banking,15,3.7,No
761,Luke Panchal,Male,62,Chennai,2025-08-11,46,Basic,457,21022,Monthly,Debit Card,1,4.4,Yes
762,Reyansh Misra,Male,52,Chennai,2023-07-07,36,Basic,627,22572,Two Year,Net Banking,11,4.6,No
763,Harrison Walla,Male,37,Chennai,2021-11-15,25,Basic,501,12525,Two Year,Credit Card,8,2.2,Yes
764,Ekbal Rout,Female,23,Ahmedabad,2024-05-10,59,Standard,862,50858,Two Year,Net Banking,13,4.2,No
765,Yamini Deo,Male,28,Hyderabad,2026-05-04,48,Standard,1130,54240,Monthly,Wallet,13,4.5,Yes
766,Lajita Guha,Male,21,Bangalore,2024-07-16,5,Basic,608,3040,Yearly,Net Banking,10,2.8,Yes
767,Rajata Shukla,Male,25,Bangalore,2023-02-17,51,Standard,701,35751,Monthly,Credit Card,9,2.3,Yes
768,Irya Shenoy,Female,38,Ahmedabad,2022-04-10,34,Standard,1093,37162,Two Year,Net Banking,4,4.4,No
769,Alexander Srinivas,Male,23,Kolkata,2025-03-13,56,Standard,833,46648,Monthly,Debit Card,10,4.2,Yes
770,Niharika Vora,Male,53,Lucknow,2023-03-20,12,Basic,493,5916,Two Year,Credit Card,7,1.1,No
771,Vrinda Das,Female,56,Hyderabad,2025-02-23,59,Basic,536,31624,Monthly,Credit Card,5,1.2,Yes
772,Urmi Bassi,Female,47,Ahmedabad,2024-05-04,6,Premium,1548,9288,Two Year,UPI,3,1.1,No
773,Abdul Vohra,Female,42,Bangalore,2023-11-11,15,Standard,797,11955,Two Year,Net Banking,8,2.2,Yes
774,Abhimanyu Sachar,Male,44,Bangalore,2023-01-03,55,Basic,410,22550,Two Year,Net Banking,9,3.9,No
775,Yug Amble,Male,41,Lucknow,2023-10-05,51,Basic,448,22848,Two Year,Net Banking,7,3.5,No
776,Chakradhar Raj,Female,63,Kolkata,2022-10-25,6,Basic,368,2208,Two Year,Wallet,12,3.7,Yes
777,Ladli Johal,Female,40,Lucknow,2021-09-20,17,Basic,585,9945,Monthly,Wallet,10,4.7,Yes
778,Irya Viswanathan,Female,60,Pune,2026-04-11,46,Standard,723,33258,Monthly,Credit Card,12,2.2,Yes
779,Hemang Sharma,Female,47,Bangalore,2025-01-05,58,Standard,997,57826,Monthly,UPI,5,3.0,No
780,Vrishti Thakur,Male,49,Hyderabad,2021-12-10,21,Standard,921,19341,Monthly,Debit Card,3,2.3,No
781,Rushil Ram,Female,28,Pune,2024-05-18,60,Standard,1162,69720,Two Year,Net Banking,8,3.1,No
782,Isaac Bera,Male,21,Chennai,2023-06-18,49,Premium,2338,114562,Two Year,Credit Card,14,1.2,Yes
783,Damyanti Jhaveri,Female,20,Ahmedabad,2025-06-30,3,Standard,783,2349,Yearly,Debit Card,13,1.5,Yes
784,Yug Manda,Male,31,Hyderabad,2025-11-12,46,Standard,934,42964,Monthly,Credit Card,4,1.5,Yes
785,Kai Pant,Male,51,Lucknow,2026-05-21,54,Basic,560,30240,Two Year,Credit Card,6,3.3,No
786,Dayamai Bava,Male,36,Mumbai,2022-11-20,27,Premium,1704,46008,Yearly,Net Banking,3,4.5,No
787,Yamini Seshadri,Male,47,Ahmedabad,2024-04-25,24,Standard,1187,28488,Monthly,Net Banking,10,1.6,Yes
788,Aadi Viswanathan,Female,38,Lucknow,2026-04-04,41,Premium,2416,99056,Yearly,Credit Card,10,4.9,No
789,Laban Doctor,Female,23,Kolkata,2024-07-02,14,Premium,1779,24906,Monthly,Debit Card,1,4.0,No
790,Aarna Halder,Male,28,Kolkata,2026-01-17,12,Basic,694,8328,Two Year,Net Banking,2,1.1,No
791,Aradhana Balan,Female,65,Hyderabad,2024-02-07,19,Standard,1188,22572,Yearly,Wallet,3,2.2,Yes
792,Indira Toor,Female,48,Hyderabad,2023-03-21,9,Basic,349,3141,Two Year,Wallet,6,3.0,No
793,Samar Dey,Female,58,Kolkata,2023-01-16,39,Standard,1087,42393,Monthly,UPI,11,3.5,No
794,Tanveer Ghosh,Male,49,Jaipur,2024-11-28,3,Standard,1198,3594,Monthly,Wallet,7,3.6,No
795,Azaan Mahal,Male,61,Hyderabad,2022-04-03,6,Basic,523,3138,Monthly,Credit Card,15,2.2,Yes
796,Gayathri Thakur,Male,50,Kolkata,2021-10-01,34,Standard,991,33694,Monthly,Net Banking,2,4.7,No
797,Tara Dutta,Male,50,Delhi,2022-03-26,7,Standard,1068,7476,Yearly,UPI,8,2.4,No
798,Rohan Mahajan,Female,63,Hyderabad,2025-06-22,48,Standard,791,37968,Yearly,Debit Card,12,1.2,No
799,Yoshita Ahuja,Male,31,Bangalore,2025-08-07,38,Standard,1087,41306,Yearly,UPI,8,2.4,No
800,Shaurya Rama,Male,18,Kolkata,2022-04-10,48,Premium,1731,83088,Two Year,UPI,3,2.7,No
801,Wazir Arya,Female,37,Lucknow,2025-09-05,1,Basic,544,544,Monthly,Wallet,12,4.5,No
802,Nikita Chowdhury,Male,26,Bangalore,2025-06-16,24,Standard,1193,28632,Yearly,UPI,12,4.2,Yes
803,Barkha Lad,Male,48,Bangalore,2024-04-20,13,Basic,308,4004,Yearly,Credit Card,6,4.4,No
804,Zaitra Maharaj,Male,48,Kolkata,2021-10-31,28,Premium,2303,64484,Monthly,UPI,9,4.1,No
805,Indali Bhatt,Female,19,Ahmedabad,2023-03-27,8,Basic,378,3024,Yearly,Wallet,14,4.9,No
806,Jackson Bhalla,Male,24,Kolkata,2023-11-27,16,Basic,591,9456,Two Year,Net Banking,12,1.2,No
807,Yashodhara Sampath,Female,49,Jaipur,2026-01-20,55,Standard,996,54780,Yearly,Wallet,9,1.1,No
808,Jeet Wali,Male,51,Delhi,2024-12-23,47,Standard,1047,49209,Two Year,Net Banking,15,1.9,No
809,Idika Ganguly,Male,49,Lucknow,2021-06-25,37,Basic,332,12284,Monthly,Debit Card,13,4.6,Yes
810,Chanchal Sama,Female,32,Jaipur,2022-08-06,29,Standard,710,20590,Monthly,Credit Card,6,2.9,Yes
811,Sathvik Batta,Female,64,Kolkata,2023-07-07,38,Premium,1894,71972,Two Year,Net Banking,14,1.5,No
812,Raghav Khanna,Female,62,Mumbai,2021-12-31,54,Premium,1937,104598,Yearly,Net Banking,5,3.5,No
813,Ishita Mani,Female,37,Chennai,2021-08-28,9,Basic,380,3420,Yearly,Credit Card,3,4.2,Yes
814,Praneel Sen,Male,29,Jaipur,2023-06-04,36,Basic,309,11124,Monthly,UPI,8,2.4,No
815,Aarna Loke,Male,49,Hyderabad,2025-11-24,52,Basic,520,27040,Monthly,Debit Card,7,1.5,No
816,Janaki Desai,Male,63,Delhi,2025-12-27,51,Basic,323,16473,Yearly,Net Banking,8,4.6,No
817,Aarini Chaudhuri,Male,53,Delhi,2023-09-28,52,Standard,1130,58760,Yearly,Wallet,3,4.1,No
818,Chakrika Nagi,Female,63,Ahmedabad,2023-12-16,7,Basic,360,2520,Two Year,Wallet,11,1.6,Yes
819,Vincent Loke,Male,25,Chennai,2023-09-29,32,Standard,750,24000,Monthly,Net Banking,11,2.3,Yes
820,Nandini Deol,Male,23,Hyderabad,2021-10-21,27,Standard,703,18981,Monthly,Debit Card,15,2.4,Yes
821,Tejas Din,Female,32,Bangalore,2024-01-07,46,Standard,884,40664,Yearly,Net Banking,7,1.6,No
822,Gaurika Shan,Female,27,Delhi,2022-04-07,27,Premium,2139,57753,Two Year,Wallet,11,4.8,Yes
823,Neelima Kapur,Female,20,Bangalore,2022-07-06,5,Basic,461,2305,Monthly,Wallet,5,2.7,Yes
824,Shivansh Pai,Female,64,Pune,2026-05-09,4,Premium,2264,9056,Two Year,Debit Card,13,2.6,Yes
825,Ryan Kant,Female,59,Chennai,2025-06-12,1,Premium,2280,2280,Yearly,Wallet,4,3.8,No
826,Kavya Ahuja,Female,30,Hyderabad,2023-04-02,40,Standard,1033,41320,Monthly,UPI,11,4.6,No
827,Niharika Kannan,Female,31,Mumbai,2026-03-28,3,Standard,899,2697,Yearly,Wallet,4,3.1,No
828,Gautam Kumer,Female,33,Hyderabad,2023-06-17,36,Basic,474,17064,Yearly,Net Banking,5,1.1,No
829,Veda Samra,Female,25,Delhi,2024-04-26,33,Basic,330,10890,Two Year,UPI,8,3.5,No
830,Vasudha Dixit,Male,40,Hyderabad,2025-09-01,29,Basic,677,19633,Monthly,Debit Card,10,4.9,Yes
831,Charita Hora,Male,24,Pune,2026-05-14,43,Standard,1066,45838,Yearly,Wallet,4,3.9,No
832,Anmol Rajagopal,Female,44,Mumbai,2024-01-14,38,Basic,698,26524,Monthly,UPI,3,1.6,Yes
833,Bhavna Ramesh,Female,55,Jaipur,2022-08-22,4,Standard,766,3064,Monthly,Wallet,14,1.3,Yes
834,Upadhriti Kunda,Female,64,Kolkata,2024-08-05,50,Basic,435,21750,Yearly,Credit Card,13,5.0,Yes
835,Vedant Issac,Male,62,Chennai,2022-07-22,10,Standard,948,9480,Yearly,Net Banking,4,4.9,No
836,Darika Kumar,Male,56,Kolkata,2023-06-07,31,Basic,380,11780,Two Year,UPI,11,4.7,No
837,Sneha Dar,Female,41,Hyderabad,2026-04-03,8,Basic,448,3584,Monthly,Debit Card,4,1.5,No
838,Jason Savant,Female,36,Chennai,2024-01-05,32,Basic,373,11936,Monthly,Credit Card,13,1.2,Yes
839,Idika Babu,Male,44,Ahmedabad,2022-05-30,53,Standard,701,37153,Monthly,Wallet,11,1.3,Yes
840,Imaran Sarkar,Male,26,Jaipur,2023-04-20,20,Standard,1160,23200,Monthly,Net Banking,12,2.9,Yes
841,Aarna Gara,Female,42,Chennai,2024-02-08,49,Standard,929,45521,Monthly,Net Banking,10,1.4,Yes
842,Henry Gandhi,Male,28,Delhi,2023-12-09,22,Standard,1190,26180,Yearly,Wallet,14,3.9,No
843,Naveen Bora,Male,30,Lucknow,2024-11-01,41,Standard,1062,43542,Monthly,Wallet,3,3.6,Yes
844,Diya Memon,Male,25,Jaipur,2023-05-26,37,Standard,1190,44030,Yearly,Credit Card,6,4.0,No
845,Dev Biswas,Female,43,Lucknow,2023-05-22,2,Basic,405,810,Monthly,UPI,14,1.3,Yes
846,Bhavani Narasimhan,Female,42,Hyderabad,2025-08-29,32,Premium,1247,39904,Monthly,UPI,5,2.7,Yes
847,Alexander Sur,Male,27,Hyderabad,2024-01-28,8,Premium,2309,18472,Monthly,Net Banking,4,1.7,Yes
848,Bhavya Bassi,Male,37,Kolkata,2025-07-11,44,Basic,614,27016,Two Year,UPI,5,1.1,No
849,Riya Bhatti,Male,56,Lucknow,2023-12-24,21,Basic,465,9765,Monthly,Credit Card,3,1.2,Yes
850,Aarav Khare,Female,47,Jaipur,2022-12-25,32,Standard,958,30656,Monthly,Net Banking,3,2.1,No
851,Champak Pillai,Male,33,Jaipur,2023-07-15,5,Standard,908,4540,Yearly,Credit Card,0,2.1,Yes
852,Sanya Taneja,Male,41,Jaipur,2021-11-02,20,Standard,928,18560,Monthly,Credit Card,6,4.1,No
853,Xavier Chauhan,Female,57,Hyderabad,2023-04-08,51,Basic,516,26316,Two Year,Credit Card,14,1.2,Yes
854,Balendra Gola,Female,40,Chennai,2025-10-27,1,Basic,546,546,Monthly,Wallet,8,4.4,No
855,Yochana Mandal,Female,62,Mumbai,2023-09-23,54,Standard,723,39042,Monthly,Credit Card,2,2.2,Yes
856,Neelima Bhandari,Female,61,Pune,2022-10-19,47,Standard,843,39621,Two Year,Debit Card,6,3.4,No
857,Eta Suri,Female,56,Pune,2024-09-26,49,Standard,839,41111,Monthly,UPI,10,2.4,Yes
858,Nicholas Narula,Male,61,Bangalore,2021-06-20,59,Standard,1030,60770,Two Year,Net Banking,15,1.0,Yes
859,Onveer Dora,Male,52,Delhi,2022-01-06,36,Premium,2201,79236,Yearly,Net Banking,2,4.1,No
860,Keya Lata,Male,25,Ahmedabad,2025-08-17,44,Basic,492,21648,Two Year,Debit Card,11,2.5,Yes
861,Arin Garde,Female,30,Mumbai,2023-04-28,60,Basic,304,18240,Monthly,Wallet,0,4.0,No
862,Qabil Bhattacharyya,Male,35,Ahmedabad,2022-10-17,41,Basic,667,27347,Monthly,Wallet,15,4.9,Yes
863,Warinder Pandya,Female,28,Jaipur,2022-07-02,14,Basic,626,8764,Monthly,Credit Card,8,3.3,No
864,Upadhriti Korpal,Male,65,Mumbai,2023-04-14,43,Standard,1044,44892,Yearly,Credit Card,5,1.3,No
865,Arya Varma,Male,62,Jaipur,2024-09-04,17,Premium,1666,28322,Two Year,Wallet,8,1.8,No
866,Udarsh Chaudhari,Male,38,Kolkata,2022-08-13,17,Standard,1152,19584,Monthly,Net Banking,13,3.6,No
867,Aditya Patla,Male,64,Chennai,2021-11-25,18,Basic,565,10170,Monthly,UPI,11,3.1,Yes
868,Nakul Badal,Female,23,Lucknow,2024-04-02,18,Premium,2290,41220,Monthly,UPI,0,2.6,Yes
869,Harinakshi Dasgupta,Male,28,Pune,2025-06-09,48,Basic,653,31344,Monthly,Debit Card,2,4.7,No
870,Amara Dara,Female,34,Chennai,2023-02-08,5,Standard,749,3745,Monthly,UPI,13,4.2,No
871,Balhaar Pathak,Male,22,Lucknow,2023-08-21,31,Basic,474,14694,Two Year,Wallet,10,3.1,No
872,Vrinda Ganesan,Male,20,Kolkata,2022-03-07,29,Standard,1020,29580,Monthly,Debit Card,3,1.3,Yes
873,Vihaan Doctor,Female,21,Hyderabad,2025-04-09,57,Premium,1333,75981,Yearly,Wallet,1,4.7,No
874,Bhavani Ramesh,Female,43,Mumbai,2023-10-04,41,Standard,752,30832,Yearly,Wallet,1,2.2,No
875,Ekalinga Mittal,Female,45,Lucknow,2026-06-04,49,Standard,1142,55958,Yearly,Wallet,0,2.8,Yes
876,Hitesh Wali,Male,24,Mumbai,2022-05-19,7,Basic,645,4515,Yearly,UPI,14,3.1,Yes
877,Jeremiah Sahota,Male,58,Jaipur,2025-08-02,39,Standard,1003,39117,Yearly,Debit Card,6,4.6,No
878,Amaira Borah,Male,21,Bangalore,2023-06-25,23,Standard,1071,24633,Yearly,Debit Card,5,2.0,No
879,Madhav Mammen,Male,27,Ahmedabad,2023-04-17,38,Standard,1191,45258,Yearly,Debit Card,11,2.2,Yes
880,Yauvani Banerjee,Male,45,Pune,2022-09-24,39,Basic,488,19032,Two Year,Credit Card,4,1.2,Yes
881,Madhavi Bajaj,Female,62,Ahmedabad,2022-11-22,13,Standard,803,10439,Yearly,Wallet,10,1.8,Yes
882,Dipta Thaker,Female,39,Bangalore,2022-02-17,45,Basic,596,26820,Yearly,UPI,10,3.5,No
883,Baghyawati Gade,Male,47,Lucknow,2023-05-24,30,Premium,1286,38580,Monthly,Credit Card,0,3.6,Yes
884,Indrajit Murty,Female,31,Kolkata,2023-11-26,16,Standard,1093,17488,Two Year,Credit Card,10,4.2,Yes
885,Rushil Bhavsar,Male,27,Hyderabad,2023-04-11,53,Premium,1943,102979,Monthly,Net Banking,11,1.1,Yes
886,Om Sachdeva,Male,30,Hyderabad,2024-02-18,13,Standard,1167,15171,Yearly,Credit Card,1,4.9,No
887,Dhruv Balakrishnan,Male,29,Hyderabad,2025-05-30,15,Premium,1556,23340,Monthly,UPI,7,1.7,No
888,Ayushman Kapoor,Male,37,Ahmedabad,2024-08-03,2,Premium,1481,2962,Monthly,Credit Card,3,2.4,Yes
889,Devansh Nayar,Male,25,Bangalore,2023-04-15,24,Premium,1550,37200,Two Year,Credit Card,13,4.5,Yes
890,Netra Grover,Female,58,Chennai,2021-11-05,51,Basic,572,29172,Monthly,UPI,11,2.3,Yes
891,Balendra Gour,Female,33,Delhi,2022-11-11,49,Standard,796,39004,Two Year,Debit Card,9,4.2,No
892,Thomas Ganesan,Male,48,Lucknow,2025-04-30,56,Basic,560,31360,Two Year,UPI,15,1.8,No
893,Gautam Viswanathan,Female,29,Pune,2022-08-18,11,Standard,1084,11924,Two Year,Debit Card,11,3.0,No
894,Harshil Atwal,Female,58,Lucknow,2023-05-01,34,Standard,1066,36244,Two Year,UPI,15,2.1,Yes
895,Kritika Sachar,Female,45,Kolkata,2022-10-03,14,Basic,403,5642,Monthly,Wallet,7,2.6,No
896,Elijah Raju,Male,36,Ahmedabad,2023-02-07,11,Premium,1966,21626,Monthly,Wallet,2,1.5,Yes
897,Damyanti Suri,Female,45,Kolkata,2023-11-24,23,Basic,321,7383,Monthly,Debit Card,10,2.7,Yes
898,Alka Kapadia,Female,59,Mumbai,2022-05-24,52,Standard,839,43628,Monthly,Debit Card,5,2.8,No
899,Advika Gera,Male,24,Mumbai,2021-09-09,58,Basic,556,32248,Yearly,UPI,2,4.1,No
900,Ekavir Lall,Female,30,Lucknow,2022-11-18,24,Basic,402,9648,Monthly,Credit Card,10,2.0,Yes
901,Ekanta Uppal,Female,36,Pune,2023-01-11,55,Standard,1078,59290,Yearly,Net Banking,8,1.0,Yes
902,Jackson Bhasin,Male,32,Chennai,2024-07-24,26,Premium,1224,31824,Monthly,Net Banking,4,4.5,Yes
903,Widisha Kurian,Female,39,Mumbai,2021-08-23,15,Standard,1102,16530,Yearly,Debit Card,14,3.9,Yes
904,Teerth Bala,Female,53,Delhi,2025-11-08,55,Basic,694,38170,Two Year,Debit Card,13,1.8,No
905,Vedhika Dey,Female,39,Chennai,2023-12-15,9,Standard,765,6885,Monthly,Net Banking,0,3.0,No
906,Gaurangi Sur,Male,54,Delhi,2022-11-06,28,Standard,906,25368,Yearly,Credit Card,9,2.3,No
907,Jonathan Hans,Male,43,Mumbai,2025-11-21,10,Premium,1876,18760,Yearly,Wallet,12,4.9,No
908,Garima Saxena,Female,23,Bangalore,2022-10-12,25,Basic,355,8875,Monthly,UPI,14,3.6,Yes
909,Adya Ray,Male,22,Kolkata,2025-03-27,44,Standard,716,31504,Two Year,Debit Card,15,1.1,Yes
910,Yahvi Taneja,Male,28,Pune,2022-05-04,14,Basic,637,8918,Yearly,Net Banking,14,1.2,Yes
911,Samesh Biswas,Male,42,Chennai,2024-09-08,26,Basic,356,9256,Monthly,Credit Card,13,2.9,Yes
912,Watika Radhakrishnan,Female,55,Chennai,2023-07-02,56,Basic,521,29176,Two Year,Wallet,15,1.6,Yes
913,Adweta Keer,Female,56,Chennai,2026-04-06,46,Standard,841,38686,Monthly,Wallet,4,2.8,No
914,Faras Agarwal,Female,59,Ahmedabad,2025-02-27,22,Premium,2205,48510,Monthly,Debit Card,1,3.9,No
915,Yamini Date,Male,57,Kolkata,2022-07-22,45,Premium,1809,81405,Monthly,Net Banking,5,2.7,No
916,Ubika Dixit,Male,33,Bangalore,2021-07-04,25,Premium,1575,39375,Yearly,Debit Card,3,2.6,No
917,Rachana Nigam,Male,49,Kolkata,2025-02-16,57,Standard,849,48393,Yearly,Wallet,2,3.8,No
918,Eta Doctor,Male,34,Chennai,2025-05-17,8,Premium,1356,10848,Yearly,Wallet,10,2.6,No
919,Pranav Suri,Female,30,Kolkata,2024-01-01,3,Standard,737,2211,Yearly,UPI,14,2.5,No
920,Abhiram Jain,Female,49,Ahmedabad,2025-01-01,1,Basic,663,663,Two Year,UPI,10,3.7,Yes
921,Xalak Saha,Female,28,Bangalore,2021-10-20,6,Standard,824,4944,Yearly,UPI,14,1.6,No
922,Onkar Manda,Male,61,Hyderabad,2023-06-11,39,Basic,450,17550,Monthly,Credit Card,12,1.7,Yes
923,Jeevika Toor,Male,58,Jaipur,2022-04-08,29,Basic,410,11890,Yearly,UPI,6,2.8,No
924,Jackson Keer,Female,30,Chennai,2025-06-02,25,Standard,927,23175,Monthly,Debit Card,0,1.2,No
925,Rachana Virk,Female,30,Mumbai,2024-03-21,59,Basic,346,20414,Monthly,Credit Card,0,5.0,No
926,Radhika Apte,Male,38,Pune,2021-09-02,57,Basic,640,36480,Monthly,Wallet,5,1.2,Yes
927,Sneha Sant,Male,32,Chennai,2021-10-05,41,Basic,406,16646,Two Year,UPI,12,4.8,No
928,Saanvi Sekhon,Male,47,Chennai,2025-10-03,23,Basic,307,7061,Monthly,UPI,10,1.0,Yes
929,Ekalinga Kunda,Female,37,Lucknow,2022-05-31,43,Premium,2477,106511,Monthly,Net Banking,2,4.5,No
930,Chavvi Solanki,Male,56,Pune,2024-12-29,7,Standard,1105,7735,Two Year,Net Banking,5,2.0,Yes
931,Januja Rajagopal,Female,22,Pune,2021-08-31,44,Premium,1472,64768,Monthly,UPI,10,4.9,Yes
932,George Chokshi,Male,32,Delhi,2023-03-02,39,Premium,2119,82641,Monthly,Wallet,7,3.0,No
933,Ryan Lalla,Male,21,Bangalore,2021-10-08,49,Premium,1832,89768,Monthly,Debit Card,13,4.0,No
934,Ira Karpe,Female,65,Pune,2023-06-13,32,Basic,377,12064,Monthly,Credit Card,1,2.0,Yes
935,Wriddhish Bail,Female,19,Chennai,2026-06-06,18,Basic,689,12402,Monthly,Debit Card,13,3.6,Yes
936,Anay Desai,Male,56,Kolkata,2022-11-28,22,Basic,576,12672,Monthly,Wallet,7,4.2,No
937,Dev Dass,Male,21,Bangalore,2022-08-09,21,Basic,622,13062,Monthly,Credit Card,15,1.3,Yes
938,Jalsa Bajwa,Male,45,Ahmedabad,2025-03-04,9,Basic,603,5427,Yearly,Debit Card,6,1.9,No
939,Abdul Bora,Female,58,Chennai,2026-03-16,11,Standard,825,9075,Monthly,Debit Card,7,2.2,Yes
940,Daksha Sachar,Male,48,Ahmedabad,2025-11-23,56,Standard,740,41440,Two Year,Net Banking,11,2.6,No
941,Gauri Bala,Female,45,Mumbai,2021-08-16,33,Standard,921,30393,Yearly,Debit Card,15,1.1,Yes
942,Arya Datta,Female,47,Hyderabad,2023-04-28,39,Standard,983,38337,Yearly,Net Banking,8,2.5,No
943,Abhiram Warrior,Male,18,Delhi,2025-02-10,36,Standard,736,26496,Monthly,Wallet,15,1.8,Yes
944,Zansi Majumdar,Female,42,Ahmedabad,2023-06-23,47,Standard,951,44697,Monthly,Debit Card,13,4.8,No
945,Manthan Dutt,Male,42,Lucknow,2025-07-26,42,Premium,1345,56490,Monthly,Credit Card,1,5.0,Yes
946,Ekiya Sodhi,Female,58,Pune,2023-05-13,13,Standard,1190,15470,Monthly,UPI,11,3.0,Yes
947,Nilima Bansal,Female,58,Delhi,2021-08-28,42,Basic,517,21714,Yearly,Credit Card,7,2.9,Yes
948,Krish Rout,Male,18,Mumbai,2021-10-01,17,Standard,1183,20111,Yearly,UPI,8,2.0,No
949,Harita Doshi,Male,45,Bangalore,2022-11-18,42,Standard,896,37632,Monthly,Net Banking,2,3.1,No
950,Vritti Chander,Female,64,Mumbai,2022-01-10,17,Standard,956,16252,Two Year,UPI,12,3.3,No
951,Harsh Jaggi,Male,65,Kolkata,2025-05-25,41,Standard,1108,45428,Monthly,Debit Card,4,2.1,No
952,Faris Chaudhry,Female,51,Kolkata,2022-03-20,1,Premium,2207,2207,Monthly,Debit Card,2,4.1,No
953,Sanaya Sinha,Male,50,Mumbai,2022-05-12,47,Standard,790,37130,Monthly,Net Banking,4,1.8,Yes
954,Kashish Babu,Male,34,Kolkata,2023-04-20,37,Premium,1580,58460,Monthly,Net Banking,5,4.2,No
955,Omya Lad,Male,42,Mumbai,2024-10-15,41,Premium,1423,58343,Two Year,Debit Card,5,1.3,No
956,Aadi Kanda,Male,18,Delhi,2026-04-28,5,Basic,599,2995,Monthly,Debit Card,15,3.7,Yes
957,Upadhriti Sandal,Male,42,Lucknow,2026-02-23,49,Premium,2392,117208,Yearly,Wallet,1,1.4,No
958,Abeer Suri,Female,41,Pune,2021-09-25,49,Basic,548,26852,Monthly,Debit Card,10,3.4,Yes
959,Chaaya Shanker,Female,39,Mumbai,2023-05-30,53,Basic,484,25652,Yearly,UPI,12,3.4,Yes
960,Janya Dugal,Male,51,Hyderabad,2022-08-15,30,Premium,2022,60660,Yearly,Credit Card,4,1.1,No
961,Jairaj Mandal,Male,18,Pune,2023-08-17,24,Standard,1051,25224,Yearly,UPI,15,3.1,Yes
962,Krishna Chandra,Male,56,Ahmedabad,2023-01-16,41,Basic,323,13243,Two Year,Net Banking,10,3.7,No
963,Rudra Kanda,Male,64,Kolkata,2025-09-09,48,Standard,741,35568,Monthly,Debit Card,15,4.9,Yes
964,Faraj Karan,Male,37,Jaipur,2024-02-29,39,Basic,373,14547,Two Year,Net Banking,1,1.5,No
965,Zehaan Khurana,Male,60,Mumbai,2021-11-28,11,Premium,1436,15796,Monthly,UPI,7,2.0,Yes
966,Fiyaz Raja,Female,32,Hyderabad,2023-02-15,28,Premium,1259,35252,Monthly,Net Banking,10,4.6,Yes
967,Reyansh Atwal,Female,32,Lucknow,2021-07-12,58,Standard,1040,60320,Monthly,Wallet,15,1.4,Yes
968,Keya Wali,Female,32,Chennai,2023-06-20,5,Standard,893,4465,Two Year,Debit Card,12,3.6,Yes
969,Zaid Iyengar,Male,54,Pune,2025-04-24,8,Basic,357,2856,Monthly,Credit Card,6,4.0,No
970,Panini Thaker,Male,42,Kolkata,2024-04-08,55,Basic,494,27170,Yearly,Debit Card,0,2.2,No
971,Amaira Purohit,Male,24,Kolkata,2021-10-22,50,Basic,647,32350,Two Year,UPI,4,3.1,No
972,Krish Anand,Female,61,Ahmedabad,2024-05-15,35,Premium,1847,64645,Monthly,Credit Card,9,4.3,No
973,Anjali Kaur,Female,50,Mumbai,2022-11-10,39,Basic,682,26598,Yearly,Debit Card,1,3.4,No
974,Janaki Sachar,Female,21,Pune,2023-05-07,55,Standard,944,51920,Yearly,Credit Card,6,3.0,No
975,Girish Goyal,Male,29,Ahmedabad,2026-03-11,53,Standard,1134,60102,Yearly,Net Banking,7,3.8,No
976,Guneet Ghosh,Female,40,Kolkata,2025-06-29,20,Premium,1526,30520,Two Year,Net Banking,12,2.3,Yes
977,Yashica Chokshi,Female,24,Bangalore,2021-12-24,5,Standard,844,4220,Monthly,Debit Card,6,3.8,No
978,Gabriel Devan,Male,54,Bangalore,2022-02-06,49,Standard,1143,56007,Two Year,Net Banking,9,2.8,Yes
979,Ubika Hari,Male,65,Delhi,2026-01-28,45,Standard,1159,52155,Monthly,Debit Card,6,4.2,No
980,Deepa Seth,Female,61,Bangalore,2024-10-17,47,Premium,1408,66176,Yearly,UPI,4,2.5,No
981,Nachiket Ghosh,Female,55,Kolkata,2024-04-16,7,Basic,542,3794,Monthly,Credit Card,1,1.5,Yes
982,Mekhala Srinivasan,Female,62,Lucknow,2025-04-11,41,Standard,825,33825,Monthly,Credit Card,7,2.6,No
983,Yahvi Dey,Female,35,Ahmedabad,2021-09-06,42,Standard,1097,46074,Yearly,Debit Card,2,4.1,No
984,Gunbir Deshpande,Female,35,Mumbai,2023-05-25,1,Basic,342,342,Monthly,Wallet,7,1.1,Yes
985,Reva Virk,Male,38,Mumbai,2025-06-13,12,Basic,630,7560,Yearly,Wallet,9,3.3,No
986,Balendra Baral,Male,31,Mumbai,2023-07-18,12,Standard,1058,12696,Monthly,Credit Card,15,1.3,Yes
987,Arunima Chaudry,Male,20,Bangalore,2023-06-02,56,Standard,792,44352,Monthly,Wallet,14,4.2,No
988,Jyoti Rama,Male,50,Hyderabad,2023-09-18,14,Standard,744,10416,Yearly,Debit Card,1,1.3,No
989,Daksh Dash,Female,60,Jaipur,2026-02-16,35,Basic,636,22260,Monthly,Net Banking,9,1.2,Yes
990,Sai Dugar,Male,62,Mumbai,2026-03-12,9,Standard,1055,9495,Monthly,UPI,11,3.4,No
991,Hredhaan Cherian,Male,55,Pune,2024-05-03,16,Basic,372,5952,Monthly,Debit Card,6,4.8,No
992,Oeshi Munshi,Male,43,Ahmedabad,2024-08-26,9,Standard,916,8244,Monthly,UPI,8,2.0,Yes
993,Jason Borde,Female,58,Chennai,2025-05-09,17,Standard,1181,20077,Yearly,Debit Card,6,1.3,Yes
994,Gaurang Hari,Male,38,Kolkata,2026-01-23,37,Standard,1120,41440,Yearly,Net Banking,5,2.7,No
995,Ucchal Brahmbhatt,Female,22,Pune,2025-03-10,2,Premium,1706,3412,Monthly,UPI,3,3.1,Yes
996,Chaaya Sibal,Male,42,Chennai,2022-05-09,24,Premium,1759,42216,Monthly,Net Banking,7,2.1,Yes
997,Chatura Thakkar,Female,24,Jaipur,2025-04-26,7,Standard,763,5341,Monthly,Debit Card,9,3.4,No
998,Vasana Mital,Male,38,Kolkata,2025-12-21,45,Standard,844,37980,Yearly,Credit Card,3,4.6,No
999,Tanish Kumar,Male,34,Delhi,2024-04-06,23,Premium,2288,52624,Yearly,Wallet,12,2.9,No
1000,Omya Kata,Female,63,Chennai,2026-04-01,46,Basic,364,16744,Monthly,Wallet,8,1.2,Yes
1001,Daksha Malhotra,Female,35,Kolkata,2025-01-10,27,Standard,793,21411,Monthly,Wallet,11,4.2,Yes
1002,Naveen Ramakrishnan,Female,38,Mumbai,2023-10-31,46,Premium,1668,76728,Monthly,UPI,2,4.8,No
1003,Hema Sekhon,Female,53,Ahmedabad,2023-09-14,5,Standard,1183,5915,Monthly,UPI,1,1.3,No
1004,Bina Maharaj,Male,43,Delhi,2024-04-19,28,Standard,1177,32956,Yearly,Wallet,15,3.0,No
1005,Raksha Handa,Male,56,Ahmedabad,2023-12-10,13,Premium,1214,15782,Yearly,Credit Card,11,2.0,No
1006,Damini Bail,Male,50,Pune,2025-03-17,44,Premium,2272,99968,Two Year,UPI,5,1.3,No
1007,Mugdha Mane,Male,52,Mumbai,2021-12-31,28,Standard,787,22036,Monthly,Debit Card,3,2.4,No
1008,Rachita Palla,Female,59,Jaipur,2023-07-19,20,Standard,835,16700,Monthly,UPI,12,1.9,No
1009,Devika Madan,Female,39,Hyderabad,2022-05-28,60,Standard,1016,60960,Two Year,Debit Card,1,2.4,Yes
1010,Utkarsh Chaudhari,Female,49,Chennai,2024-01-10,7,Basic,669,4683,Monthly,UPI,11,1.0,Yes
1011,Aarush Batta,Female,32,Ahmedabad,2025-07-26,34,Standard,778,26452,Monthly,Net Banking,15,1.0,Yes
1012,Reva Kant,Female,60,Ahmedabad,2024-02-29,24,Basic,519,12456,Two Year,Credit Card,8,1.4,No
1013,Yashoda Kale,Female,20,Bangalore,2022-03-02,9,Basic,522,4698,Monthly,Net Banking,6,1.4,No
1014,Hemangini Nadkarni,Female,25,Kolkata,2022-03-13,27,Standard,1161,31347,Monthly,Net Banking,6,4.8,Yes
1015,Neelima Mallick,Female,50,Kolkata,2026-06-17,36,Standard,1049,37764,Yearly,Credit Card,10,4.0,No
1016,Wishi Korpal,Male,21,Pune,2023-07-28,8,Premium,1243,9944,Monthly,Net Banking,11,3.0,No
1017,Pavani Varma,Female,33,Lucknow,2024-02-01,39,Standard,922,35958,Monthly,Credit Card,9,2.9,Yes
1018,Nilima Banerjee,Male,60,Kolkata,2024-08-30,47,Standard,827,38869,Monthly,Credit Card,3,4.5,No
1019,Chaitanya Thakur,Male,32,Mumbai,2025-01-29,31,Standard,1114,34534,Monthly,Credit Card,5,1.8,No
1020,Dalbir Chaudhuri,Male,23,Delhi,2025-07-28,26,Basic,398,10348,Two Year,Net Banking,13,1.1,Yes
1021,Nathaniel Dada,Female,48,Delhi,2024-11-02,27,Standard,1058,28566,Yearly,Wallet,7,1.9,No
1022,Kamala Chaudhuri,Female,63,Kolkata,2024-12-16,28,Standard,855,23940,Monthly,Credit Card,11,2.1,Yes
1023,Aarini Om,Female,31,Hyderabad,2025-03-03,21,Premium,1572,33012,Monthly,Net Banking,1,3.6,No
1024,Gaurang Kunda,Female,39,Hyderabad,2025-02-09,18,Premium,1406,25308,Monthly,UPI,8,4.8,No
1025,Caleb Ramanathan,Female,65,Lucknow,2026-04-03,7,Standard,1049,7343,Yearly,Wallet,4,2.3,No
1026,Qabil Parmar,Male,26,Lucknow,2022-03-05,39,Basic,632,24648,Monthly,UPI,12,1.3,Yes
1027,Neelima Nori,Female,24,Mumbai,2022-04-17,3,Standard,1167,3501,Two Year,Wallet,6,1.8,No
1028,Chatresh Mani,Male,20,Bangalore,2023-10-25,40,Basic,671,26840,Monthly,Credit Card,6,3.1,No
1029,Chameli Anne,Female,58,Mumbai,2026-03-11,27,Standard,829,22383,Two Year,Net Banking,11,4.6,No
1030,Rachana Khosla,Female,62,Bangalore,2024-05-05,5,Standard,968,4840,Two Year,Debit Card,0,1.7,No
1031,Aradhana Raval,Female,49,Jaipur,2022-06-19,3,Premium,1324,3972,Yearly,Wallet,6,4.0,Yes
1032,Bina Mutti,Female,31,Bangalore,2026-06-15,5,Basic,684,3420,Yearly,UPI,12,2.6,Yes
1033,Aachal Nori,Female,37,Chennai,2026-03-30,11,Standard,1003,11033,Yearly,Debit Card,14,3.0,Yes
1034,Tanay Murthy,Female,20,Bangalore,2024-10-09,46,Basic,360,16560,Monthly,Debit Card,1,3.1,Yes
1035,Vedhika Sankar,Male,52,Mumbai,2024-06-28,60,Basic,326,19560,Yearly,UPI,7,5.0,No
1036,Rachit Oommen,Female,64,Bangalore,2022-09-07,42,Basic,609,25578,Two Year,Net Banking,10,1.3,No
1037,Ekansh Pant,Male,64,Hyderabad,2023-02-04,58,Standard,866,50228,Two Year,Credit Card,0,4.3,No
1038,Oscar Char,Female,59,Hyderabad,2023-01-24,17,Premium,2300,39100,Yearly,Wallet,3,3.9,No
1039,Tanveer Biswas,Female,27,Ahmedabad,2023-04-29,36,Basic,526,18936,Monthly,Credit Card,8,1.8,Yes
1040,Dominic Jha,Male,47,Bangalore,2025-03-02,47,Standard,888,41736,Monthly,Credit Card,15,1.4,Yes
1041,Geetika Narasimhan,Male,29,Kolkata,2021-11-02,13,Standard,1182,15366,Yearly,Wallet,9,1.1,Yes
1042,Pallavi Sen,Female,24,Jaipur,2023-09-11,13,Basic,336,4368,Monthly,Credit Card,14,4.6,No
1043,Tanveer Dhillon,Male,18,Delhi,2022-05-16,47,Standard,706,33182,Yearly,Credit Card,12,2.5,Yes
1044,Ikshita Mammen,Male,24,Jaipur,2022-08-27,16,Standard,837,13392,Monthly,Debit Card,0,4.2,No
1045,Krishna Narayanan,Female,39,Ahmedabad,2024-10-13,55,Standard,803,44165,Monthly,Credit Card,14,4.3,No
1046,Jagdish Palla,Male,24,Jaipur,2023-12-20,16,Basic,654,10464,Monthly,Debit Card,3,1.1,No
1047,Xiti Sahni,Male,32,Kolkata,2026-02-15,7,Standard,1128,7896,Monthly,Net Banking,0,4.6,Yes
1048,Qushi Mann,Male,49,Bangalore,2022-06-27,10,Basic,446,4460,Monthly,UPI,12,3.7,Yes
1049,Rachita Rastogi,Male,20,Lucknow,2024-11-22,15,Basic,444,6660,Monthly,Credit Card,10,1.5,No
1050,Jeet Bhatt,Female,57,Hyderabad,2023-11-11,12,Standard,871,10452,Yearly,Debit Card,13,1.6,Yes
1051,Siya Tank,Male,18,Bangalore,2025-08-29,57,Basic,555,31635,Yearly,Credit Card,8,4.2,No
1052,Frado Keer,Male,54,Kolkata,2026-05-20,21,Basic,528,11088,Yearly,Debit Card,15,4.3,No
1053,Riya Sarraf,Female,45,Ahmedabad,2024-08-19,10,Basic,365,3650,Monthly,Net Banking,12,2.4,No
1054,Yasti Mody,Female,52,Jaipur,2023-09-28,39,Standard,870,33930,Monthly,Net Banking,7,2.5,No
1055,Tara Keer,Male,62,Mumbai,2026-03-27,35,Standard,817,28595,Monthly,Credit Card,13,3.1,No
1056,Upasna Atwal,Male,21,Pune,2022-08-02,24,Basic,308,7392,Monthly,Debit Card,15,4.8,Yes
1057,Vaishnavi Ram,Female,33,Chennai,2024-02-09,55,Premium,1485,81675,Monthly,Credit Card,4,4.3,No
1058,Ekani Taneja,Male,62,Kolkata,2026-06-13,4,Standard,760,3040,Two Year,Debit Card,4,2.5,Yes
1059,Amol Srinivasan,Male,19,Bangalore,2026-04-10,4,Standard,1039,4156,Yearly,Debit Card,15,4.3,No
1060,Qasim Khurana,Male,48,Bangalore,2025-06-05,10,Basic,339,3390,Monthly,Wallet,13,1.6,Yes
1061,Diya Zachariah,Male,36,Mumbai,2024-04-28,45,Premium,2162,97290,Monthly,Credit Card,10,2.8,No
1062,Amruta Natarajan,Male,43,Kolkata,2023-06-10,4,Premium,1265,5060,Yearly,Net Banking,5,3.0,No
1063,Ria Tata,Female,28,Hyderabad,2024-11-01,36,Standard,832,29952,Two Year,UPI,9,3.8,No
1064,Reyansh Sawhney,Male,43,Bangalore,2023-03-27,34,Basic,364,12376,Yearly,Wallet,12,3.5,No
1065,Omkaar Ramakrishnan,Male,21,Pune,2023-08-21,39,Premium,2159,84201,Monthly,Net Banking,12,4.3,Yes
1066,Mohini Khurana,Female,28,Jaipur,2026-04-05,13,Basic,353,4589,Monthly,UPI,10,1.1,Yes
1067,Widisha Kibe,Male,58,Delhi,2024-10-21,5,Basic,305,1525,Yearly,Credit Card,9,1.8,Yes
1068,Banjeet Hayer,Female,23,Hyderabad,2024-07-09,18,Basic,591,10638,Yearly,UPI,15,1.2,Yes
1069,Odika Natarajan,Female,64,Pune,2026-03-14,23,Standard,1190,27370,Monthly,Credit Card,6,2.3,Yes
1070,Hredhaan Garg,Male,19,Lucknow,2023-03-01,45,Standard,869,39105,Monthly,Net Banking,3,3.0,No
1071,Bimala Mittal,Female,23,Mumbai,2022-11-03,31,Standard,1136,35216,Monthly,Credit Card,5,1.6,Yes
1072,Yatin Sharaf,Female,46,Bangalore,2024-06-22,57,Basic,648,36936,Yearly,Debit Card,5,5.0,No
1073,Turvi Chaudhari,Male,27,Lucknow,2023-02-02,19,Basic,520,9880,Monthly,Net Banking,12,2.0,Yes
1074,Advaith Seshadri,Male,49,Mumbai,2025-05-18,7,Premium,1492,10444,Yearly,Net Banking,9,3.2,Yes
1075,Wahab Edwin,Female,23,Mumbai,2022-07-08,21,Basic,451,9471,Monthly,Credit Card,8,3.3,No
1076,Reva Mangat,Female,59,Bangalore,2023-11-14,46,Standard,832,38272,Two Year,UPI,8,4.1,No
1077,Nandini Chauhan,Male,46,Pune,2021-07-19,37,Standard,886,32782,Two Year,Wallet,12,2.6,Yes
1078,Teerth Nagarajan,Female,61,Delhi,2024-05-10,55,Standard,860,47300,Monthly,Wallet,13,3.0,No
1079,Harshil Merchant,Male,36,Kolkata,2022-12-02,42,Basic,425,17850,Yearly,Credit Card,0,1.6,Yes
1080,Indrajit Varughese,Female,47,Ahmedabad,2022-07-21,37,Basic,337,12469,Monthly,Wallet,14,3.7,No
1081,Nikita Randhawa,Female,45,Chennai,2021-06-29,58,Premium,1423,82534,Monthly,Net Banking,3,4.7,No
1082,Gayathri Pai,Female,25,Hyderabad,2023-09-30,22,Basic,475,10450,Two Year,Net Banking,15,1.9,Yes
1083,Unnati Sarkar,Male,56,Kolkata,2026-06-11,3,Standard,1185,3555,Monthly,UPI,6,2.3,Yes
1084,Gaurang Bhatti,Male,61,Kolkata,2022-02-13,60,Premium,2080,124800,Two Year,Debit Card,6,1.2,No
1085,Ekanta Ranganathan,Female,63,Ahmedabad,2024-05-17,17,Standard,742,12614,Monthly,Net Banking,8,2.6,No
1086,Keya Thaman,Female,39,Hyderabad,2023-05-24,34,Basic,432,14688,Monthly,Credit Card,1,1.4,Yes
1087,Yashoda Kanda,Female,40,Lucknow,2024-09-20,13,Basic,514,6682,Monthly,Net Banking,5,4.9,No
1088,Lakshit Rajan,Male,38,Pune,2025-12-19,53,Basic,700,37100,Two Year,UPI,6,1.3,Yes
1089,Karan Luthra,Female,34,Jaipur,2023-08-08,10,Premium,1502,15020,Monthly,UPI,10,1.5,No
1090,Adweta Jani,Male,44,Jaipur,2023-02-20,29,Premium,1457,42253,Yearly,Credit Card,3,1.1,Yes
1091,Hemangini Mall,Male,41,Pune,2021-07-31,39,Basic,478,18642,Monthly,UPI,6,4.9,No
1092,Champak Kothari,Female,44,Kolkata,2022-07-27,20,Premium,2228,44560,Two Year,Debit Card,3,3.8,No
1093,Aarnav Choudhry,Male,47,Kolkata,2023-03-30,23,Premium,2072,47656,Yearly,Debit Card,10,1.5,No
1094,Vidhi Kalla,Female,58,Hyderabad,2025-06-29,12,Standard,783,9396,Yearly,Wallet,12,2.1,Yes
1095,Meera Kulkarni,Male,57,Kolkata,2025-01-31,60,Premium,1403,84180,Two Year,UPI,3,1.4,Yes
1096,Aryan Bora,Male,60,Hyderabad,2023-11-02,32,Standard,1019,32608,Two Year,Net Banking,3,3.5,No
1097,Ranbir Shanker,Female,25,Pune,2024-11-11,14,Basic,532,7448,Yearly,Net Banking,3,1.8,Yes
1098,Saumya Gupta,Female,35,Hyderabad,2021-07-01,27,Premium,2010,54270,Monthly,Debit Card,11,4.1,Yes
1099,Lopa Chaudhry,Female,20,Delhi,2024-08-31,54,Premium,2049,110646,Yearly,UPI,0,4.6,No
1100,Arya Vohra,Female,33,Jaipur,2022-04-14,10,Standard,1130,11300,Two Year,Net Banking,10,2.3,Yes
1101,Chasmum Viswanathan,Female,64,Bangalore,2022-06-20,13,Standard,901,11713,Two Year,Net Banking,13,1.5,Yes
1102,Omaja Ramesh,Male,50,Mumbai,2021-12-27,58,Basic,381,22098,Monthly,Wallet,3,3.8,No
1103,Jason Sehgal,Male,38,Chennai,2024-08-28,51,Basic,690,35190,Yearly,UPI,8,4.3,No
1104,Mahika Sachdeva,Male,54,Kolkata,2023-09-05,6,Basic,305,1830,Yearly,UPI,4,1.1,No
1105,Nidhi Bassi,Male,37,Chennai,2024-01-17,48,Standard,932,44736,Yearly,Wallet,11,1.7,No
1106,Panini Zachariah,Male,35,Mumbai,2022-08-27,54,Basic,699,37746,Two Year,Credit Card,12,4.1,Yes
1107,Isaac Naik,Male,24,Bangalore,2025-06-29,41,Basic,596,24436,Two Year,Debit Card,3,2.8,No
1108,Madhavi Kalla,Male,43,Mumbai,2024-10-05,17,Premium,1390,23630,Monthly,Net Banking,11,4.7,No
1109,Guneet Sen,Female,42,Pune,2022-04-01,51,Basic,337,17187,Monthly,Net Banking,2,1.8,No
1110,Ansh Chawla,Male,25,Pune,2022-05-24,52,Basic,452,23504,Monthly,Debit Card,5,3.6,Yes
1111,Isaac Shukla,Female,25,Chennai,2022-06-25,31,Premium,2428,75268,Yearly,Wallet,5,3.1,No
1112,Unnati Balan,Female,25,Chennai,2022-12-12,2,Standard,965,1930,Yearly,UPI,4,1.9,Yes
1113,Inaya Joshi,Female,30,Mumbai,2026-06-11,21,Basic,342,7182,Yearly,Debit Card,4,2.1,Yes
1114,Edhitha Chowdhury,Female,30,Hyderabad,2023-05-25,46,Standard,850,39100,Monthly,Credit Card,15,2.7,Yes
1115,Andrew Ghose,Female,28,Chennai,2023-02-19,13,Standard,1154,15002,Yearly,Net Banking,12,1.4,No
1116,Jackson Sibal,Male,56,Kolkata,2022-05-24,28,Premium,2067,57876,Yearly,Net Banking,8,4.3,No
1117,Ikshita Mishra,Male,50,Hyderabad,2022-02-28,13,Standard,891,11583,Two Year,Wallet,2,2.8,Yes
1118,Januja Bose,Male,29,Pune,2023-12-30,27,Basic,630,17010,Two Year,Net Banking,11,2.6,No
1119,Ayushman Golla,Female,25,Delhi,2021-11-17,51,Basic,425,21675,Monthly,Debit Card,11,2.5,Yes
1120,Noah Natarajan,Male,42,Hyderabad,2023-02-08,45,Basic,468,21060,Monthly,Wallet,10,4.6,Yes
1121,Nilima Mandal,Female,61,Kolkata,2024-09-04,14,Standard,752,10528,Yearly,Debit Card,2,3.3,No
1122,Gavin Ratta,Female,44,Mumbai,2023-03-06,53,Basic,400,21200,Monthly,UPI,15,3.0,No
1123,Azaan Kala,Female,19,Lucknow,2024-08-04,29,Basic,467,13543,Yearly,UPI,7,3.3,No
1124,Gaurika Raju,Male,39,Delhi,2025-07-13,59,Standard,767,45253,Two Year,UPI,12,1.1,No
1125,Vritti Mani,Female,43,Mumbai,2021-11-08,31,Basic,512,15872,Yearly,Wallet,8,2.3,No
1126,Aryan Naidu,Female,49,Mumbai,2023-02-03,50,Basic,613,30650,Monthly,Debit Card,9,3.8,No
1127,Jeevika Date,Female,62,Kolkata,2024-12-19,40,Basic,414,16560,Monthly,Credit Card,0,1.6,Yes
1128,Faras Shetty,Male,62,Delhi,2025-05-23,11,Basic,670,7370,Two Year,Debit Card,11,4.3,No
1129,Sarthak Narayanan,Female,62,Lucknow,2023-03-05,57,Standard,756,43092,Monthly,Net Banking,9,1.3,Yes
1130,Logan Nagar,Female,27,Lucknow,2022-09-11,18,Standard,1173,21114,Monthly,Net Banking,14,1.5,Yes
1131,Vanya Sidhu,Female,35,Pune,2026-02-03,41,Standard,762,31242,Yearly,Net Banking,7,3.3,No
1132,Kala Hegde,Male,60,Chennai,2025-10-13,15,Basic,692,10380,Monthly,UPI,2,2.4,Yes
1133,Praneel Dada,Female,30,Ahmedabad,2022-01-30,5,Premium,1323,6615,Monthly,UPI,6,2.9,Yes
1134,Rohan Bora,Female,63,Ahmedabad,2025-04-23,22,Basic,602,13244,Yearly,Credit Card,10,4.0,Yes
1135,Rajeshri Loke,Female,57,Jaipur,2025-07-16,55,Standard,1168,64240,Monthly,Credit Card,11,2.5,Yes
1136,Waida Gole,Male,27,Ahmedabad,2021-07-20,50,Standard,735,36750,Monthly,UPI,5,3.7,Yes
1137,Vrishti Pradhan,Female,60,Jaipur,2025-12-02,48,Basic,308,14784,Two Year,Net Banking,5,2.1,No
1138,Ekaja D’Alia,Female,50,Kolkata,2022-07-29,23,Basic,581,13363,Monthly,Wallet,13,1.8,Yes
1139,Quincy Bawa,Female,30,Hyderabad,2025-05-27,22,Basic,439,9658,Monthly,Credit Card,1,3.6,No
1140,Bhavya Deep,Male,61,Delhi,2025-01-10,26,Basic,441,11466,Yearly,Credit Card,15,3.1,No
1141,Amol Misra,Male,35,Chennai,2022-09-22,8,Basic,327,2616,Two Year,Wallet,8,2.0,No
1142,Hemang Wagle,Female,49,Chennai,2022-05-08,45,Standard,900,40500,Monthly,Credit Card,7,3.9,No
1143,Vanya Lall,Male,29,Jaipur,2025-12-19,51,Basic,626,31926,Monthly,Wallet,9,3.9,No
1144,Vritti Dhar,Male,28,Bangalore,2023-10-23,31,Standard,1136,35216,Two Year,Debit Card,7,1.7,No
1145,Qabil Sur,Male,29,Hyderabad,2024-06-15,58,Standard,1192,69136,Monthly,UPI,15,2.7,Yes
1146,Reva Som,Male,49,Chennai,2023-01-08,11,Standard,1136,12496,Monthly,Net Banking,11,4.9,No
1147,Panini Som,Male,27,Mumbai,2026-03-11,8,Basic,308,2464,Yearly,UPI,9,4.3,No
1148,Vaishnavi Khare,Female,60,Ahmedabad,2022-10-26,20,Premium,1887,37740,Monthly,Debit Card,11,5.0,No
1149,Odika Bassi,Female,25,Hyderabad,2022-05-26,24,Standard,1123,26952,Monthly,Wallet,10,4.6,No
1150,Chatresh Chopra,Male,40,Ahmedabad,2024-10-08,47,Standard,775,36425,Two Year,UPI,7,3.6,No
1151,Parth Oommen,Male,30,Kolkata,2023-06-24,16,Standard,1056,16896,Two Year,UPI,11,1.8,No
1152,Anita Iyengar,Male,34,Pune,2024-06-28,18,Premium,2315,41670,Two Year,Debit Card,14,4.9,No
1153,Nisha Soman,Female,57,Mumbai,2023-07-17,26,Standard,1183,30758,Two Year,Net Banking,9,1.8,No
1154,Hiral Mittal,Male,49,Bangalore,2022-04-10,51,Standard,1195,60945,Yearly,Net Banking,11,2.2,No
1155,Tanmayi Reddy,Female,22,Hyderabad,2023-04-03,44,Basic,448,19712,Yearly,UPI,5,2.2,No
1156,Praneel Chahal,Female,18,Kolkata,2025-08-05,30,Basic,444,13320,Two Year,Debit Card,3,1.2,No
1157,Udyati Bobal,Male,23,Hyderabad,2021-10-16,43,Premium,1302,55986,Monthly,Credit Card,11,4.5,Yes
1158,Bahadurjit Agarwal,Female,40,Chennai,2024-09-18,47,Basic,599,28153,Two Year,Net Banking,9,1.9,No
1159,Gayathri Chaudhuri,Male,54,Kolkata,2024-08-08,28,Basic,350,9800,Two Year,Debit Card,9,3.4,No
1160,Aadhya Rege,Male,37,Hyderabad,2022-11-12,52,Standard,1049,54548,Yearly,UPI,8,1.5,Yes
1161,Gavin Singh,Female,24,Bangalore,2022-07-08,20,Standard,1021,20420,Monthly,Wallet,5,2.5,No
1162,Gopal Handa,Female,47,Kolkata,2025-03-29,29,Standard,957,27753,Two Year,Net Banking,11,2.9,Yes
1163,Nachiket Chanda,Male,57,Hyderabad,2025-08-04,30,Basic,586,17580,Monthly,Credit Card,13,1.4,Yes
1164,Rohan Maharaj,Female,26,Kolkata,2024-05-18,38,Standard,765,29070,Yearly,UPI,9,1.2,No
1165,Rajeshri Dutt,Female,59,Mumbai,2023-07-07,30,Premium,2260,67800,Monthly,Debit Card,1,1.3,Yes
1166,Isha Goswami,Male,65,Lucknow,2021-09-17,39,Basic,448,17472,Yearly,Wallet,10,4.5,No
1167,Pahal Suresh,Female,26,Chennai,2022-10-14,48,Standard,1059,50832,Monthly,Credit Card,4,3.2,No
1168,Mohini Mody,Male,25,Mumbai,2022-07-16,20,Standard,1068,21360,Two Year,UPI,0,4.2,No
1169,Yashoda Kadakia,Female,19,Jaipur,2023-02-25,10,Standard,761,7610,Yearly,Net Banking,7,1.8,Yes
1170,Samarth Pillai,Male,52,Hyderabad,2023-02-05,26,Basic,362,9412,Monthly,Wallet,15,4.9,Yes
1171,Gaurika Rana,Male,29,Bangalore,2022-12-02,44,Standard,1036,45584,Yearly,Credit Card,13,1.6,No
1172,Oeshi Nigam,Female,60,Mumbai,2023-12-11,11,Standard,1058,11638,Yearly,Wallet,15,2.9,No
1173,Rachana Talwar,Female,27,Delhi,2021-07-24,32,Basic,440,14080,Monthly,Debit Card,3,2.9,No
1174,Amruta Sarkar,Female,20,Pune,2021-11-14,30,Basic,499,14970,Monthly,Credit Card,9,1.1,Yes
1175,Deepa Lal,Male,40,Jaipur,2022-05-29,30,Premium,2138,64140,Monthly,Net Banking,5,2.4,No
1176,Hritik Bhandari,Male,35,Hyderabad,2021-10-14,33,Basic,635,20955,Monthly,Net Banking,10,2.8,Yes
1177,Krisha Luthra,Male,54,Jaipur,2021-07-27,5,Premium,2190,10950,Monthly,Wallet,15,3.4,No
1178,Ekaja Nagar,Female,22,Delhi,2024-07-04,17,Basic,465,7905,Yearly,UPI,11,3.3,Yes
1179,Madhav Bali,Female,38,Chennai,2025-09-19,55,Standard,818,44990,Monthly,Credit Card,3,3.0,No
1180,Jalsa Bumb,Female,22,Delhi,2022-12-08,7,Premium,1556,10892,Yearly,Wallet,12,4.0,No
1181,Upma Sundaram,Male,29,Pune,2022-12-02,17,Basic,683,11611,Monthly,UPI,11,3.4,No
1182,Advika Bal,Female,46,Hyderabad,2023-11-08,45,Standard,768,34560,Two Year,Credit Card,6,1.8,No
1183,Hemangini Sethi,Male,58,Mumbai,2025-06-09,13,Standard,922,11986,Two Year,Credit Card,6,1.3,No
1184,Charles Sheth,Male,39,Bangalore,2023-05-16,3,Premium,1210,3630,Monthly,Wallet,13,3.3,No
1185,Gaurang Sahota,Female,57,Jaipur,2026-02-26,32,Basic,406,12992,Yearly,Credit Card,15,3.0,Yes
1186,Nilima Majumdar,Male,51,Hyderabad,2022-10-04,52,Basic,518,26936,Yearly,UPI,2,3.3,No
1187,Anirudh Pal,Female,34,Kolkata,2023-08-21,8,Standard,726,5808,Yearly,Debit Card,10,1.1,Yes
1188,Abhiram Minhas,Male,51,Lucknow,2023-07-30,5,Premium,1523,7615,Two Year,Wallet,2,3.1,Yes
1189,Sudiksha Chada,Female,59,Delhi,2023-04-26,20,Basic,329,6580,Yearly,UPI,3,3.3,No
1190,Gaurangi Bumb,Female,60,Delhi,2024-01-08,22,Standard,802,17644,Monthly,Credit Card,1,1.6,No
1191,Ikshita Mammen,Male,44,Lucknow,2025-11-13,32,Basic,588,18816,Two Year,Wallet,1,2.4,Yes
1192,Amara Nanda,Male,24,Delhi,2021-10-29,60,Basic,582,34920,Monthly,Net Banking,4,2.1,No
1193,Jalsa Sandal,Male,19,Delhi,2026-02-28,33,Basic,479,15807,Monthly,UPI,9,4.1,Yes
1194,Simon Prabhakar,Male,53,Ahmedabad,2023-05-26,50,Standard,800,40000,Yearly,UPI,12,3.7,No
1195,Nikita Gill,Male,46,Mumbai,2021-10-04,25,Standard,1056,26400,Monthly,Wallet,13,3.2,Yes
1196,Viraj Bhardwaj,Male,55,Delhi,2022-03-09,58,Basic,399,23142,Monthly,Credit Card,1,2.0,No
1197,Kamya Kaul,Male,64,Chennai,2021-12-12,27,Standard,1154,31158,Two Year,UPI,1,5.0,No
1198,Parth Sahota,Male,36,Bangalore,2025-09-25,5,Basic,524,2620,Monthly,Wallet,1,2.3,No
1199,Pahal Mistry,Male,49,Pune,2023-06-09,26,Standard,762,19812,Yearly,Credit Card,2,2.0,No
1200,Vasatika Sridhar,Male,51,Hyderabad,2023-09-24,29,Standard,1182,34278,Monthly,Debit Card,9,4.5,Yes
1201,Oliver Narayanan,Female,35,Mumbai,2024-10-31,45,Standard,753,33885,Monthly,Credit Card,13,3.8,No
1202,Ryan Parmar,Male,20,Chennai,2025-08-18,59,Basic,566,33394,Monthly,Net Banking,6,1.5,Yes
1203,Harita Chauhan,Female,35,Lucknow,2025-11-14,42,Standard,1187,49854,Monthly,Net Banking,15,4.3,Yes
1204,Hamsini Misra,Female,42,Ahmedabad,2021-11-28,20,Premium,1373,27460,Monthly,UPI,12,3.0,Yes
1205,Amol Date,Male,52,Pune,2025-03-05,15,Basic,394,5910,Yearly,UPI,1,3.6,No
1206,Gautami Loke,Male,19,Pune,2023-04-15,59,Standard,1157,68263,Monthly,Wallet,8,4.2,No
1207,Urmi Shankar,Female,52,Ahmedabad,2022-10-23,28,Premium,1316,36848,Two Year,Net Banking,12,4.8,No
1208,Hemani Sura,Female,65,Chennai,2024-11-29,37,Standard,1093,40441,Yearly,Credit Card,5,4.8,No
1209,Indira Ratti,Female,39,Lucknow,2026-02-27,59,Basic,649,38291,Two Year,Net Banking,2,5.0,No
1210,Suhani Saraf,Male,25,Hyderabad,2023-12-09,3,Standard,885,2655,Monthly,Wallet,8,4.1,No
1211,Kritika Gala,Female,18,Ahmedabad,2023-09-21,43,Basic,435,18705,Two Year,UPI,14,2.9,Yes
1212,Nikita Gara,Male,35,Lucknow,2022-03-21,23,Standard,1132,26036,Yearly,Wallet,13,1.2,Yes
1213,Jasmit Varkey,Female,26,Chennai,2024-07-23,21,Premium,2102,44142,Monthly,Credit Card,8,2.0,Yes
1214,Zarna Suri,Female,55,Pune,2024-02-10,10,Premium,1301,13010,Monthly,UPI,1,1.7,No
1215,Patrick Chaudhuri,Male,61,Pune,2023-01-29,36,Standard,731,26316,Two Year,Wallet,8,4.9,No
1216,Gagan Das,Male,50,Mumbai,2024-11-22,46,Basic,420,19320,Monthly,Credit Card,2,3.0,Yes
1217,Charles Soman,Female,36,Bangalore,2026-05-20,14,Basic,490,6860,Two Year,UPI,13,1.3,Yes
1218,Amara Purohit,Female,48,Hyderabad,2025-08-04,21,Standard,884,18564,Monthly,Wallet,13,4.6,No
1219,Jeremiah Lata,Male,24,Lucknow,2022-03-24,2,Basic,322,644,Monthly,Credit Card,4,4.6,No
1220,Naveen Mahal,Female,55,Delhi,2024-06-15,52,Basic,666,34632,Yearly,Credit Card,11,4.8,No
1221,Chaitaly Shroff,Male,54,Jaipur,2022-09-20,25,Standard,1032,25800,Monthly,Wallet,2,4.8,No
1222,Jai Bahl,Male,56,Ahmedabad,2022-05-11,41,Standard,914,37474,Yearly,Wallet,3,4.4,No
1223,Lila Pingle,Female,33,Pune,2025-11-19,34,Standard,837,28458,Monthly,Credit Card,9,4.6,Yes
1224,Henry Raja,Female,41,Mumbai,2025-07-21,30,Basic,359,10770,Yearly,Debit Card,14,3.9,No
1225,Ishita Chanda,Female,44,Chennai,2024-05-06,36,Standard,1168,42048,Monthly,Wallet,15,3.4,Yes
1226,Hemal Ray,Female,61,Lucknow,2022-11-08,53,Premium,1456,77168,Two Year,Credit Card,7,4.1,No
1227,Tanish Goel,Female,50,Bangalore,2025-03-01,39,Basic,446,17394,Monthly,Wallet,3,1.3,Yes
1228,Dhruv Mahajan,Male,28,Mumbai,2024-07-02,32,Standard,1095,35040,Monthly,Net Banking,5,4.5,No
1229,Lakshit Chokshi,Male,45,Delhi,2025-04-02,17,Standard,1064,18088,Two Year,Credit Card,3,1.5,No
1230,Yochana Pandya,Female,62,Jaipur,2022-06-29,5,Basic,571,2855,Two Year,Credit Card,13,2.4,Yes
1231,Nidhi Jha,Male,64,Delhi,2023-06-09,46,Basic,472,21712,Two Year,UPI,10,3.4,No
1232,Yauvani Menon,Female,36,Ahmedabad,2024-06-21,48,Premium,2119,101712,Two Year,Credit Card,14,4.0,Yes
1233,Adweta Sur,Male,55,Lucknow,2024-07-03,47,Basic,692,32524,Yearly,Debit Card,2,1.6,Yes
1234,Vihaan Som,Female,24,Chennai,2021-08-21,44,Standard,894,39336,Monthly,Debit Card,5,3.0,Yes
1235,Megha Contractor,Female,38,Bangalore,2024-05-27,32,Basic,588,18816,Yearly,Credit Card,13,2.1,No
1236,Lajita Nadkarni,Female,24,Pune,2023-08-04,3,Premium,1631,4893,Monthly,Debit Card,8,3.3,Yes
1237,Yash Deep,Female,34,Lucknow,2024-11-27,11,Basic,440,4840,Monthly,UPI,7,4.5,No
1238,Praneel Manne,Male,19,Lucknow,2025-09-14,60,Basic,442,26520,Monthly,UPI,6,3.2,No
1239,Lekha Chaudhari,Male,41,Chennai,2021-11-20,58,Standard,1109,64322,Monthly,Debit Card,15,4.3,No
1240,Krishna Kanda,Male,63,Mumbai,2021-12-05,37,Standard,927,34299,Yearly,Net Banking,14,2.2,Yes
1241,Unni Vasa,Male,40,Mumbai,2024-04-11,57,Standard,834,47538,Monthly,Credit Card,4,5.0,No
1242,Logan Dhillon,Male,63,Pune,2025-06-08,47,Basic,380,17860,Yearly,UPI,8,2.8,No
1243,Wahab Ganguly,Male,58,Delhi,2021-12-17,28,Basic,661,18508,Yearly,Credit Card,10,1.8,No
1244,Orinder Thakur,Male,49,Bangalore,2025-10-10,9,Standard,1146,10314,Two Year,Net Banking,6,2.1,No
1245,Abdul Pillay,Male,49,Jaipur,2021-09-02,19,Basic,625,11875,Two Year,Wallet,6,1.0,No
1246,Omkaar Chana,Male,58,Pune,2026-03-15,14,Standard,719,10066,Monthly,Net Banking,8,3.5,No
1247,Guneet Sodhi,Female,49,Kolkata,2025-03-21,34,Standard,792,26928,Two Year,Wallet,7,4.5,No
1248,Umang Suri,Female,44,Ahmedabad,2025-09-13,23,Standard,851,19573,Monthly,Debit Card,3,4.9,Yes
1249,Ekbal D’Alia,Female,62,Kolkata,2024-02-15,16,Standard,759,12144,Monthly,Credit Card,10,3.6,No
1250,Omya Kalla,Female,50,Chennai,2023-06-26,50,Premium,2201,110050,Yearly,Net Banking,7,1.1,No
1251,Frado Golla,Female,45,Kolkata,2022-04-08,4,Standard,865,3460,Monthly,Debit Card,10,2.6,Yes
1252,Anya Anne,Male,37,Ahmedabad,2025-09-30,59,Basic,548,32332,Yearly,Net Banking,10,3.5,No
1253,Sachi Sagar,Female,26,Lucknow,2023-10-25,15,Standard,785,11775,Yearly,Wallet,3,4.8,No
1254,Aradhana Rai,Female,40,Jaipur,2025-08-27,2,Premium,1243,2486,Two Year,UPI,2,4.1,Yes
1255,Kashish Loke,Female,63,Chennai,2026-02-03,42,Basic,407,17094,Monthly,Debit Card,6,4.9,No
1256,Januja Handa,Male,18,Delhi,2025-04-24,52,Basic,491,25532,Monthly,UPI,6,3.2,No
1257,Laksh Manda,Female,37,Delhi,2025-12-05,49,Premium,1409,69041,Yearly,Credit Card,15,1.2,Yes
1258,Kamya Jha,Female,59,Kolkata,2024-06-26,41,Standard,826,33866,Monthly,Credit Card,3,4.3,No
1259,Nisha Dave,Female,19,Delhi,2025-08-05,53,Standard,838,44414,Two Year,Wallet,2,1.3,Yes
1260,Zashil Bhagat,Female,38,Kolkata,2024-09-27,39,Premium,1395,54405,Yearly,Wallet,12,1.8,No
1261,Bhavani Rai,Female,42,Hyderabad,2025-02-09,48,Basic,440,21120,Monthly,Net Banking,3,2.1,Yes
1262,Fariq Bala,Male,42,Delhi,2022-05-27,6,Basic,508,3048,Yearly,Net Banking,15,2.1,No
1263,Leena Bhardwaj,Male,43,Chennai,2022-07-25,47,Basic,490,23030,Yearly,Net Banking,3,2.8,No
1264,Vasana Dani,Male,24,Jaipur,2023-12-31,24,Standard,755,18120,Yearly,Credit Card,10,1.6,Yes
1265,Ishani Kaul,Female,51,Lucknow,2023-02-20,14,Premium,2203,30842,Yearly,Credit Card,2,1.6,Yes
1266,Karan Saini,Male,38,Lucknow,2022-01-01,4,Standard,829,3316,Monthly,Wallet,10,4.3,Yes
1267,Chaman Batra,Female,59,Chennai,2021-07-11,27,Premium,1749,47223,Yearly,Debit Card,15,3.2,No
1268,Patrick Arya,Female,62,Mumbai,2025-06-21,30,Standard,963,28890,Yearly,Net Banking,2,4.7,No
1269,Chameli Bhargava,Female,25,Delhi,2024-11-14,9,Standard,782,7038,Yearly,Net Banking,3,1.7,No
1270,Wyatt Chauhan,Female,25,Kolkata,2022-12-25,32,Basic,568,18176,Monthly,Debit Card,13,2.6,Yes
1271,Siya Dara,Male,27,Hyderabad,2024-01-09,47,Premium,1755,82485,Yearly,Wallet,11,3.3,No
1272,Madhavi Ghose,Female,48,Ahmedabad,2024-07-18,44,Basic,614,27016,Two Year,Credit Card,11,3.1,No
1273,Isaiah Kanda,Female,18,Pune,2024-10-17,60,Basic,682,40920,Yearly,Net Banking,4,1.7,No
1274,Tanvi Hans,Male,30,Mumbai,2026-02-06,12,Basic,334,4008,Two Year,Wallet,0,2.2,Yes
1275,Ekantika Pau,Male,40,Delhi,2024-03-17,30,Basic,331,9930,Yearly,Credit Card,5,1.3,No
1276,Nidra More,Female,34,Jaipur,2026-03-14,18,Basic,518,9324,Yearly,Wallet,9,2.5,Yes
1277,Charvi Venkataraman,Female,29,Hyderabad,2024-07-26,42,Standard,739,31038,Yearly,Wallet,3,3.9,No
1278,Ucchal Iyer,Female,65,Lucknow,2023-12-17,7,Basic,567,3969,Yearly,Net Banking,12,2.3,No
1279,Aditya Vig,Male,27,Bangalore,2022-11-26,14,Basic,418,5852,Two Year,Net Banking,2,4.7,No
1280,Onkar Sandal,Female,45,Ahmedabad,2024-12-16,56,Basic,339,18984,Two Year,Debit Card,1,1.5,No
1281,Anay Ganesh,Female,63,Ahmedabad,2024-06-08,20,Standard,760,15200,Monthly,Debit Card,12,2.5,Yes
1282,Girindra Wable,Female,63,Bangalore,2022-02-19,20,Premium,1849,36980,Yearly,Net Banking,6,4.8,No
1283,Radha Warrior,Female,59,Pune,2022-07-07,36,Standard,1055,37980,Yearly,Credit Card,3,3.2,No
1284,Azaan Sankaran,Male,57,Jaipur,2025-06-27,2,Premium,2154,4308,Yearly,Credit Card,11,3.9,Yes
1285,Frederick Divan,Male,18,Lucknow,2025-03-30,25,Basic,682,17050,Two Year,Debit Card,6,2.8,No
1286,Chaitaly Bhandari,Male,59,Hyderabad,2021-09-11,22,Basic,488,10736,Two Year,Net Banking,0,3.4,No
1287,Pratyush Aurora,Male,63,Ahmedabad,2025-11-18,26,Basic,656,17056,Yearly,Wallet,8,3.5,No
1288,Advay Swaminathan,Male,57,Bangalore,2023-04-24,41,Standard,788,32308,Monthly,Credit Card,3,1.2,Yes
1289,Jeevika Dash,Male,38,Mumbai,2022-10-13,56,Premium,1369,76664,Monthly,Wallet,3,1.2,Yes
1290,Sanaya Borah,Female,63,Bangalore,2022-08-20,18,Premium,1597,28746,Yearly,Wallet,0,2.3,Yes
1291,Oscar Bhagat,Male,22,Chennai,2023-02-14,47,Premium,2257,106079,Monthly,Wallet,12,2.7,Yes
1292,Yashasvi Trivedi,Male,62,Jaipur,2024-01-10,10,Standard,742,7420,Monthly,Net Banking,1,2.1,Yes
1293,Janaki Kalita,Female,25,Pune,2025-06-15,12,Standard,1131,13572,Two Year,Net Banking,0,2.2,No
1294,Kashvi Wagle,Male,29,Mumbai,2021-06-21,37,Premium,1376,50912,Yearly,Credit Card,14,1.4,No
1295,Megha Majumdar,Male,58,Pune,2021-09-02,21,Standard,1194,25074,Monthly,Net Banking,5,4.2,No
1296,Urmi Vig,Male,37,Delhi,2021-07-10,6,Premium,1705,10230,Monthly,Net Banking,6,4.0,Yes
1297,Dalbir Pandey,Male,35,Chennai,2025-09-22,46,Basic,442,20332,Monthly,Credit Card,10,2.7,Yes
1298,Falan Magar,Female,40,Jaipur,2024-09-05,19,Basic,525,9975,Monthly,Net Banking,15,2.4,Yes
1299,Oeshi De,Male,62,Kolkata,2025-02-01,54,Standard,1125,60750,Monthly,Debit Card,12,1.6,Yes
1300,Forum Srivastava,Male,34,Chennai,2021-07-08,42,Premium,1791,75222,Monthly,Net Banking,8,1.4,No
1301,Osha Sawhney,Female,55,Pune,2023-10-16,17,Basic,359,6103,Yearly,Debit Card,5,2.9,Yes
1302,Isaac Bumb,Female,18,Bangalore,2026-01-22,37,Basic,601,22237,Two Year,Net Banking,10,3.8,No
1303,Baghyawati Mahal,Female,28,Ahmedabad,2025-03-19,31,Basic,631,19561,Two Year,Wallet,5,4.7,No
1304,Leela Kapoor,Female,64,Kolkata,2026-01-26,12,Standard,924,11088,Two Year,Net Banking,14,3.4,No
1305,Brinda Sani,Female,37,Delhi,2024-07-05,54,Basic,670,36180,Monthly,Credit Card,10,2.9,Yes
1306,Samarth Gill,Female,55,Delhi,2025-05-29,49,Premium,2238,109662,Monthly,Credit Card,13,4.1,No
1307,Diya Subramaniam,Male,26,Pune,2024-03-26,33,Basic,453,14949,Two Year,UPI,6,4.8,No
1308,Brinda Khanna,Male,47,Delhi,2021-06-25,6,Basic,692,4152,Monthly,Credit Card,11,2.8,No
1309,Xiti Kale,Male,45,Mumbai,2024-09-23,13,Premium,1817,23621,Monthly,Credit Card,5,1.9,Yes
1310,Vritti Shukla,Female,24,Ahmedabad,2025-11-10,10,Standard,1132,11320,Yearly,Wallet,0,2.9,No
1311,Bhavini Bhavsar,Male,24,Kolkata,2024-04-12,44,Basic,408,17952,Two Year,Credit Card,12,4.3,Yes
1312,Nimrat Babu,Female,56,Kolkata,2021-11-19,21,Standard,768,16128,Monthly,Wallet,10,4.6,No
1313,Balvan Kumar,Male,33,Pune,2023-07-17,5,Basic,642,3210,Yearly,Debit Card,0,1.9,No
1314,Inaya Grewal,Male,26,Ahmedabad,2025-07-13,22,Standard,700,15400,Yearly,Credit Card,12,4.7,No
1315,Keya Saraf,Female,27,Hyderabad,2023-04-22,3,Basic,522,1566,Monthly,Debit Card,12,3.6,Yes
1316,Ekbal Sem,Female,61,Jaipur,2023-09-05,25,Standard,946,23650,Monthly,UPI,13,1.7,Yes
1317,Udyati Patla,Female,18,Bangalore,2023-01-29,30,Premium,1909,57270,Yearly,Debit Card,3,3.6,No
1318,Samesh Venkataraman,Female,45,Delhi,2023-09-30,9,Standard,896,8064,Yearly,Debit Card,0,2.9,No
1319,Anamika Soni,Female,63,Pune,2021-08-26,28,Basic,624,17472,Monthly,Wallet,14,3.0,Yes
1320,Bakhshi Sankar,Male,27,Delhi,2026-03-04,24,Basic,391,9384,Two Year,Debit Card,12,4.5,Yes
1321,Logan Natarajan,Female,36,Delhi,2024-09-29,60,Standard,832,49920,Monthly,UPI,14,2.7,Yes
1322,Balhaar Kamdar,Female,61,Hyderabad,2022-08-22,56,Standard,887,49672,Monthly,UPI,11,2.0,Yes
1323,Aayush Merchant,Female,58,Delhi,2024-04-08,35,Basic,450,15750,Monthly,Wallet,0,2.8,No
1324,Isha Srinivas,Male,52,Mumbai,2021-10-12,8,Basic,318,2544,Yearly,Credit Card,12,2.0,Yes
1325,Akshay Som,Female,62,Lucknow,2025-12-12,47,Basic,552,25944,Monthly,Credit Card,8,2.4,No
1326,Girish Savant,Female,20,Bangalore,2024-06-05,59,Premium,2272,134048,Yearly,Wallet,1,1.3,No
1327,Chatresh Nadig,Female,45,Kolkata,2025-08-02,47,Standard,1151,54097,Monthly,UPI,2,2.4,Yes
1328,Lila Mann,Female,25,Chennai,2022-06-18,12,Premium,1726,20712,Yearly,Wallet,2,4.3,No
1329,Janya Ravel,Male,41,Lucknow,2023-11-15,17,Premium,2460,41820,Yearly,Net Banking,7,3.8,No
1330,Nimrat Saini,Male,56,Kolkata,2024-03-30,14,Standard,923,12922,Monthly,Credit Card,5,2.1,Yes
1331,Reva Misra,Male,35,Hyderabad,2021-09-15,44,Basic,302,13288,Monthly,Net Banking,0,4.1,No
1332,Chandani Sarkar,Female,32,Mumbai,2022-03-15,39,Standard,1025,39975,Monthly,Wallet,7,1.9,No
1333,Mugdha Shah,Female,52,Kolkata,2025-12-04,19,Standard,1011,19209,Two Year,Net Banking,13,3.5,Yes
1334,Nathaniel Hayer,Male,47,Ahmedabad,2022-03-23,60,Standard,875,52500,Monthly,Credit Card,11,4.3,No
1335,Amruta Mammen,Male,58,Ahmedabad,2024-10-19,35,Standard,1044,36540,Monthly,Wallet,12,1.1,No
1336,Pranit Sidhu,Female,46,Ahmedabad,2022-09-27,23,Basic,682,15686,Two Year,UPI,11,2.2,No
1337,Januja Kothari,Male,36,Jaipur,2022-01-03,10,Standard,785,7850,Yearly,Net Banking,13,2.7,Yes
1338,Bhavini Mannan,Male,31,Mumbai,2023-09-04,16,Basic,575,9200,Monthly,Wallet,3,1.4,No
1339,Darika Bumb,Female,31,Kolkata,2022-10-12,19,Basic,381,7239,Yearly,Wallet,12,3.2,Yes
1340,Timothy Randhawa,Female,32,Kolkata,2024-07-23,18,Basic,485,8730,Yearly,Net Banking,10,3.0,Yes
1341,Urvashi Muni,Male,43,Hyderabad,2022-08-09,49,Standard,1122,54978,Two Year,UPI,5,4.7,No
1342,Prisha Ganesan,Female,44,Kolkata,2025-10-18,35,Premium,2150,75250,Yearly,Credit Card,3,2.5,No
1343,Ayush Dalal,Female,19,Pune,2022-01-11,41,Basic,414,16974,Monthly,Wallet,2,3.4,No
1344,Ansh Panchal,Male,65,Lucknow,2021-07-24,16,Basic,620,9920,Monthly,Net Banking,2,4.8,No
1345,Anusha Bal,Male,29,Ahmedabad,2026-02-16,36,Standard,798,28728,Two Year,Credit Card,5,2.8,No
1346,Anita Dewan,Female,33,Lucknow,2024-08-03,21,Basic,333,6993,Two Year,Net Banking,6,3.3,No
1347,Yochana Sarna,Female,28,Chennai,2021-09-16,16,Standard,1198,19168,Monthly,Net Banking,3,4.2,No
1348,Bhavna Kurian,Female,42,Mumbai,2022-06-23,47,Premium,1214,57058,Yearly,Net Banking,13,4.5,No
1349,Om Buch,Male,36,Kolkata,2025-12-07,17,Premium,2300,39100,Monthly,UPI,0,2.8,No
1350,Bhavani Swamy,Male,24,Bangalore,2023-01-19,24,Basic,561,13464,Yearly,Debit Card,14,2.7,Yes
1351,Ekta Hayre,Female,27,Chennai,2025-12-21,49,Premium,1428,69972,Yearly,Net Banking,11,2.7,No
1352,Tara Narang,Female,33,Hyderabad,2024-04-23,14,Basic,468,6552,Yearly,Debit Card,2,2.8,No
1353,Laban Bose,Male,26,Bangalore,2021-07-29,19,Standard,869,16511,Yearly,Wallet,8,3.3,No
1354,Amol Garde,Male,54,Hyderabad,2026-06-03,19,Basic,489,9291,Yearly,Net Banking,9,2.2,No
1355,Radha Sami,Female,42,Hyderabad,2024-11-27,46,Standard,850,39100,Monthly,Credit Card,4,1.6,Yes
1356,Riya Sidhu,Female,48,Lucknow,2022-07-01,2,Premium,2394,4788,Monthly,Credit Card,0,2.0,No
1357,Abdul Sem,Female,49,Bangalore,2022-04-28,23,Standard,1000,23000,Two Year,Wallet,10,3.1,No
1358,Anthony Chaudhry,Female,31,Chennai,2025-10-07,31,Basic,494,15314,Monthly,Credit Card,2,2.4,Yes
1359,Sanya Naidu,Female,54,Delhi,2023-09-21,18,Standard,1073,19314,Yearly,Wallet,6,2.4,Yes
1360,Ati Ganesh,Male,39,Jaipur,2022-10-15,58,Basic,403,23374,Monthly,UPI,1,2.6,No
1361,Krisha Dhawan,Male,46,Lucknow,2021-09-16,18,Standard,973,17514,Two Year,Wallet,2,4.9,No
1362,Lavanya Trivedi,Female,29,Delhi,2023-07-21,16,Basic,678,10848,Monthly,Wallet,7,1.9,Yes
1363,Tejas Thakkar,Male,51,Hyderabad,2022-04-02,18,Standard,746,13428,Yearly,UPI,2,4.6,No
1364,Aadi Malhotra,Male,38,Mumbai,2024-05-07,14,Basic,599,8386,Yearly,Credit Card,15,2.9,No
1365,Ekantika Rajan,Male,56,Ahmedabad,2023-10-06,31,Basic,342,10602,Monthly,Debit Card,3,3.2,No
1366,Gaurika Chana,Female,59,Chennai,2024-10-12,37,Basic,520,19240,Two Year,Wallet,3,3.9,No
1367,Shravya Mohanty,Female,56,Hyderabad,2025-08-02,52,Standard,1086,56472,Monthly,Net Banking,0,2.0,No
1368,Harshil Ramanathan,Female,34,Jaipur,2025-05-31,41,Basic,559,22919,Monthly,Credit Card,9,4.8,No
1369,Ishani Bhattacharyya,Male,49,Delhi,2025-07-25,22,Basic,587,12914,Yearly,Debit Card,14,1.4,Yes
1370,Dakshesh Saha,Female,61,Hyderabad,2023-04-04,58,Premium,2163,125454,Monthly,UPI,5,1.3,Yes
1371,Harita Goswami,Male,32,Chennai,2023-11-19,60,Premium,1901,114060,Yearly,Debit Card,5,1.8,No
1372,Bishakha Kannan,Male,54,Bangalore,2023-11-16,33,Basic,692,22836,Yearly,Debit Card,3,3.7,No
1373,Mekhala Varty,Male,38,Jaipur,2023-11-16,11,Basic,502,5522,Yearly,Net Banking,5,3.4,No
1374,Oni Edwin,Female,48,Hyderabad,2026-03-01,42,Standard,913,38346,Yearly,Debit Card,8,1.9,No
1375,Rachit Pau,Female,54,Kolkata,2026-05-17,10,Basic,672,6720,Monthly,Net Banking,10,2.8,Yes
1376,Xalak Natt,Male,47,Hyderabad,2022-06-15,1,Standard,906,906,Monthly,UPI,13,2.4,No
1377,Gabriel Bakshi,Female,19,Pune,2025-10-23,53,Standard,806,42718,Yearly,Net Banking,8,2.2,No
1378,Avi Kashyap,Female,35,Mumbai,2022-11-19,51,Basic,585,29835,Yearly,UPI,6,4.2,No
1379,Chavvi Sule,Male,60,Kolkata,2024-04-18,16,Basic,670,10720,Monthly,Net Banking,15,4.8,Yes
1380,Bhavika Nigam,Female,35,Jaipur,2021-09-05,16,Basic,610,9760,Yearly,Debit Card,1,1.4,No
1381,Kamya Saini,Female,27,Bangalore,2025-10-14,29,Premium,1427,41383,Monthly,Wallet,2,2.3,Yes
1382,Idika Uppal,Female,53,Jaipur,2023-04-28,20,Standard,987,19740,Monthly,Debit Card,7,2.3,Yes
1383,Hamsini Badami,Female,46,Chennai,2022-05-26,45,Basic,695,31275,Yearly,Credit Card,10,4.8,No
1384,Oviya Pandey,Female,34,Lucknow,2025-11-15,21,Standard,935,19635,Monthly,UPI,6,3.7,No
1385,Amruta Shere,Male,50,Pune,2021-09-20,9,Basic,510,4590,Monthly,UPI,15,4.2,No
1386,Simon Vig,Female,36,Lucknow,2024-01-16,37,Standard,716,26492,Two Year,Debit Card,10,4.2,No
1387,Tristan Mukherjee,Male,54,Ahmedabad,2023-12-10,41,Basic,338,13858,Yearly,Wallet,3,3.1,No
1388,Ikshita Kar,Female,46,Bangalore,2023-01-26,42,Premium,1349,56658,Yearly,Debit Card,13,4.3,Yes
1389,Rachana Kumer,Female,54,Hyderabad,2023-02-17,5,Basic,594,2970,Monthly,UPI,13,4.6,No
1390,Jagdish Sur,Female,32,Lucknow,2025-05-07,40,Premium,1238,49520,Monthly,Debit Card,10,2.7,Yes
1391,Zarna Raju,Male,30,Bangalore,2022-03-13,35,Standard,1040,36400,Monthly,Credit Card,11,4.6,Yes
1392,Hiral Mand,Female,22,Pune,2023-02-14,20,Basic,313,6260,Yearly,Debit Card,1,4.1,No
1393,Nakul Bali,Female,32,Chennai,2022-02-24,60,Basic,406,24360,Monthly,Debit Card,5,2.7,Yes
1394,Bhavani Tata,Male,42,Delhi,2022-02-10,2,Basic,525,1050,Monthly,Net Banking,12,1.1,Yes
1395,Anmol Batta,Male,50,Lucknow,2025-09-08,29,Basic,405,11745,Yearly,Wallet,3,1.4,No
1396,Vansha Radhakrishnan,Female,65,Pune,2024-02-16,8,Basic,407,3256,Monthly,Net Banking,15,4.0,No
1397,Qasim Patil,Male,47,Delhi,2021-06-24,13,Basic,346,4498,Yearly,UPI,11,2.9,Yes
1398,Hamsini More,Female,22,Kolkata,2025-10-15,25,Premium,2019,50475,Two Year,Debit Card,3,2.4,Yes
1399,Ijaya Sinha,Male,35,Pune,2022-03-14,15,Premium,1372,20580,Yearly,UPI,12,4.5,No
1400,Alexander Loke,Male,62,Ahmedabad,2024-04-28,10,Premium,1563,15630,Yearly,UPI,4,3.1,No
1401,Rudra Rajan,Female,28,Kolkata,2024-07-03,4,Standard,807,3228,Two Year,Credit Card,9,2.5,Yes
1402,Oscar Mutti,Male,28,Delhi,2023-09-10,12,Premium,1510,18120,Yearly,Net Banking,5,2.5,Yes
1403,Faqid Barad,Male,19,Pune,2026-01-21,14,Basic,620,8680,Monthly,UPI,8,3.5,Yes
1404,Eshana Chandran,Female,56,Jaipur,2025-06-19,57,Standard,1076,61332,Two Year,Credit Card,13,1.2,No
1405,Vansha Mangat,Male,25,Ahmedabad,2024-03-21,11,Basic,478,5258,Two Year,Net Banking,2,2.7,No
1406,Osha Butala,Female,34,Bangalore,2023-02-04,27,Premium,2299,62073,Monthly,Debit Card,0,2.2,Yes
1407,Anthony Bath,Male,26,Chennai,2025-06-09,43,Standard,1189,51127,Yearly,Wallet,3,2.9,No
1408,Siya Deshpande,Female,36,Lucknow,2024-04-09,9,Premium,1492,13428,Monthly,UPI,2,4.0,No
1409,Mitali Pandya,Female,60,Lucknow,2024-07-20,16,Basic,394,6304,Yearly,Wallet,9,2.3,No
1410,Chatresh Randhawa,Female,60,Bangalore,2024-04-29,34,Standard,1152,39168,Monthly,Wallet,4,2.3,No
1411,Naveen Bora,Male,29,Delhi,2026-04-20,48,Premium,1270,60960,Yearly,Credit Card,12,3.5,Yes
1412,Yauvani Rattan,Female,48,Pune,2022-12-29,41,Basic,421,17261,Monthly,Credit Card,10,1.0,Yes
1413,Hredhaan Desai,Female,52,Ahmedabad,2026-01-22,41,Premium,2382,97662,Monthly,UPI,6,2.8,Yes
1414,Vamakshi Gola,Male,34,Pune,2021-12-02,48,Basic,693,33264,Yearly,Net Banking,10,2.3,Yes
1415,Kalpit Bhalla,Female,22,Pune,2023-08-09,50,Standard,1039,51950,Monthly,Net Banking,10,4.1,No
1416,Yashica Dalal,Male,25,Jaipur,2021-10-08,42,Basic,578,24276,Monthly,Debit Card,7,4.9,No
1417,Bakhshi Goel,Male,43,Jaipur,2022-07-03,9,Premium,1828,16452,Monthly,Credit Card,2,4.9,Yes
1418,Vritti Bhandari,Female,51,Lucknow,2025-03-30,10,Premium,1654,16540,Yearly,Credit Card,6,3.9,Yes
1419,Kiaan Master,Male,41,Bangalore,2025-03-31,37,Premium,2275,84175,Monthly,UPI,11,3.2,Yes
1420,Prisha Rai,Male,52,Lucknow,2023-02-13,44,Basic,624,27456,Two Year,Net Banking,7,4.4,No
1421,Naksh Jhaveri,Female,48,Ahmedabad,2023-06-06,55,Basic,325,17875,Two Year,Debit Card,12,2.2,Yes
1422,Maanav Bhardwaj,Female,31,Lucknow,2024-09-24,9,Standard,853,7677,Monthly,Wallet,8,3.8,No
1423,Omya Mital,Male,43,Bangalore,2021-07-28,5,Basic,510,2550,Monthly,Net Banking,15,4.3,Yes
1424,Chameli Goswami,Female,26,Kolkata,2026-05-11,26,Standard,827,21502,Two Year,UPI,2,1.9,Yes
1425,Christopher Hora,Female,38,Delhi,2025-09-28,47,Standard,1183,55601,Yearly,UPI,6,2.8,No
1426,Akshay Badami,Female,37,Mumbai,2024-02-08,34,Basic,352,11968,Yearly,Wallet,15,1.9,No
1427,Turvi Ramesh,Male,42,Hyderabad,2022-01-27,48,Standard,778,37344,Monthly,UPI,10,4.5,Yes
1428,Falak Parsa,Male,51,Mumbai,2021-12-13,41,Standard,999,40959,Monthly,UPI,15,4.0,No
1429,Warjas Sundaram,Female,62,Kolkata,2024-12-30,47,Standard,1006,47282,Two Year,Net Banking,7,4.5,No
1430,Ijaya Kannan,Female,44,Hyderabad,2023-12-28,4,Standard,1142,4568,Yearly,Debit Card,8,4.6,No
1431,Nitesh Bassi,Male,55,Kolkata,2021-07-24,6,Basic,665,3990,Two Year,Debit Card,7,3.3,No
1432,Darsh Korpal,Female,20,Lucknow,2022-08-23,7,Premium,2199,15393,Yearly,UPI,12,3.4,No
1433,Luke Vora,Male,41,Lucknow,2024-06-15,38,Premium,1401,53238,Yearly,Wallet,3,4.9,No
1434,Yoshita Ramaswamy,Male,43,Kolkata,2024-09-01,27,Premium,1281,34587,Monthly,UPI,14,4.4,No
1435,Nirja Apte,Female,19,Ahmedabad,2023-04-02,14,Standard,712,9968,Yearly,Debit Card,10,1.4,Yes
1436,Chakrika Naik,Male,38,Ahmedabad,2024-01-02,23,Premium,1904,43792,Monthly,Debit Card,7,2.1,Yes
1437,Advay Kumer,Female,29,Ahmedabad,2023-09-06,50,Standard,807,40350,Yearly,UPI,10,4.0,No
1438,Dominic Balakrishnan,Female,24,Mumbai,2025-06-15,22,Basic,575,12650,Yearly,Net Banking,7,2.3,No
1439,Saksham Shukla,Female,40,Pune,2023-10-13,21,Standard,1027,21567,Monthly,Net Banking,12,1.8,Yes
1440,Zansi Doshi,Male,55,Hyderabad,2025-10-01,58,Basic,381,22098,Two Year,Wallet,10,1.1,No
1441,Rishi Bajwa,Male,30,Mumbai,2023-03-22,45,Standard,851,38295,Yearly,UPI,5,2.6,No
1442,Ekavir Sane,Female,52,Pune,2025-03-31,46,Standard,1148,52808,Yearly,Net Banking,8,1.6,Yes
1443,Michael Goda,Male,38,Chennai,2022-04-05,9,Premium,1412,12708,Two Year,Net Banking,9,3.5,No
1444,Triveni Pandya,Male,62,Chennai,2022-03-20,53,Basic,580,30740,Monthly,Credit Card,8,1.1,Yes
1445,Pavani Minhas,Male,19,Lucknow,2023-02-27,57,Basic,631,35967,Two Year,Net Banking,4,1.0,No
1446,Wakeeta Upadhyay,Female,58,Lucknow,2026-03-10,54,Standard,984,53136,Yearly,Net Banking,6,2.6,Yes
1447,Gauri Sem,Female,33,Pune,2025-06-19,48,Basic,486,23328,Two Year,Wallet,8,2.7,No
1448,Champak Rajagopal,Male,24,Jaipur,2025-09-03,23,Basic,654,15042,Monthly,Net Banking,7,4.2,No
1449,Azad Murty,Male,47,Hyderabad,2024-03-12,35,Basic,609,21315,Monthly,Wallet,11,3.9,No
1450,Harini Chowdhury,Male,19,Jaipur,2022-11-21,54,Basic,616,33264,Monthly,Net Banking,13,1.3,Yes
1451,Chaitaly Balay,Female,22,Hyderabad,2023-11-25,36,Standard,1158,41688,Monthly,Wallet,4,1.3,Yes
1452,Vamakshi Garde,Male,43,Chennai,2023-08-19,17,Premium,1256,21352,Yearly,Net Banking,15,2.7,No
1453,Imaran Mann,Female,27,Jaipur,2022-01-20,20,Standard,1045,20900,Monthly,Wallet,7,3.3,No
1454,Qasim Ravel,Male,57,Mumbai,2024-09-15,21,Premium,2448,51408,Monthly,Wallet,11,3.3,No
1455,Sai Barad,Male,59,Ahmedabad,2026-01-22,27,Standard,1075,29025,Monthly,UPI,5,4.3,Yes
1456,Januja Bains,Female,62,Ahmedabad,2022-04-03,22,Basic,506,11132,Yearly,Credit Card,12,4.2,No
1457,Darpan Rajan,Female,49,Mumbai,2022-03-25,55,Basic,349,19195,Monthly,Credit Card,5,3.8,No
1458,Zayyan Ghosh,Male,51,Hyderabad,2024-03-17,17,Standard,816,13872,Monthly,UPI,2,2.4,No
1459,George Gade,Male,51,Delhi,2023-09-21,57,Standard,985,56145,Monthly,UPI,11,1.4,Yes
1460,Tejas Dalal,Male,30,Lucknow,2024-01-18,21,Basic,314,6594,Two Year,Net Banking,11,4.4,No
1461,Amrita Badal,Male,46,Bangalore,2023-10-26,12,Standard,1199,14388,Monthly,Wallet,4,3.4,No
1462,Janani Sekhon,Male,37,Hyderabad,2024-05-21,10,Premium,2111,21110,Monthly,UPI,1,4.7,No
1463,Gopal Khalsa,Male,57,Pune,2024-08-17,23,Standard,1002,23046,Yearly,Net Banking,3,3.0,No
1464,Lekha Karnik,Male,39,Chennai,2025-02-08,60,Standard,1125,67500,Monthly,Debit Card,14,4.8,No
1465,Raksha Kar,Male,48,Lucknow,2026-02-18,10,Basic,551,5510,Monthly,UPI,12,1.2,No
1466,Nikita Bhatnagar,Male,36,Pune,2025-05-21,55,Standard,1039,57145,Yearly,Credit Card,12,4.0,Yes
1467,Qadim Pau,Female,23,Ahmedabad,2025-12-01,29,Standard,849,24621,Two Year,UPI,13,2.6,No
1468,Anya Sant,Female,61,Delhi,2024-07-31,32,Basic,587,18784,Monthly,Wallet,12,2.2,Yes
1469,Jonathan Dixit,Male,52,Delhi,2023-10-19,54,Basic,345,18630,Monthly,UPI,5,3.6,No
1470,Gopal Raj,Female,65,Jaipur,2022-06-19,20,Basic,480,9600,Two Year,Wallet,1,4.3,No
1471,Agastya Oommen,Male,47,Bangalore,2023-08-28,55,Basic,489,26895,Yearly,Credit Card,1,4.6,No
1472,Sachi Verma,Male,20,Kolkata,2023-07-25,46,Basic,665,30590,Monthly,Credit Card,6,3.3,No
1473,Kritika Thakkar,Female,29,Kolkata,2024-01-26,58,Standard,1173,68034,Monthly,Credit Card,7,3.6,No
1474,Ojasvi Chaudry,Female,45,Lucknow,2022-06-30,24,Premium,2023,48552,Monthly,Debit Card,4,3.4,No
1475,Qabil Acharya,Female,42,Hyderabad,2026-01-26,14,Premium,1758,24612,Monthly,Credit Card,0,2.7,Yes
1476,Vrinda Sem,Female,26,Chennai,2022-05-24,53,Standard,829,43937,Yearly,UPI,12,1.2,No
1477,Nikita Chandra,Female,28,Hyderabad,2022-06-08,41,Basic,381,15621,Two Year,Net Banking,15,1.3,No
1478,Neha Tandon,Male,43,Chennai,2021-07-27,19,Standard,845,16055,Two Year,UPI,8,1.4,No
1479,Idika Gill,Male,25,Chennai,2021-09-26,36,Premium,1611,57996,Monthly,UPI,1,2.9,No
1480,Kiaan Kunda,Female,46,Bangalore,2022-01-07,54,Basic,342,18468,Yearly,Net Banking,2,2.0,No
1481,Damyanti Madan,Female,20,Lucknow,2025-03-06,39,Standard,1039,40521,Two Year,UPI,6,4.1,No
1482,Vasana Chatterjee,Male,43,Kolkata,2021-10-22,10,Basic,428,4280,Two Year,Credit Card,11,2.8,Yes
1483,Gavin Lad,Female,19,Ahmedabad,2021-07-01,19,Standard,815,15485,Monthly,UPI,6,2.3,Yes
1484,Ishaan Chopra,Female,21,Mumbai,2022-08-17,54,Basic,570,30780,Monthly,UPI,5,1.6,Yes
1485,Ladli Saini,Female,41,Delhi,2026-03-21,27,Standard,708,19116,Yearly,Credit Card,5,3.9,No
1486,Lavanya Bhardwaj,Female,54,Mumbai,2025-10-16,58,Basic,419,24302,Monthly,Credit Card,0,3.3,No
1487,Lila Khosla,Female,54,Kolkata,2026-05-23,49,Standard,988,48412,Yearly,Debit Card,0,3.6,No
1488,Oni Atwal,Female,40,Ahmedabad,2024-11-01,44,Standard,930,40920,Two Year,Net Banking,7,3.7,No
1489,Aachal Sarraf,Female,58,Bangalore,2023-02-04,59,Premium,2130,125670,Yearly,Net Banking,11,1.9,Yes
1490,Yamini Gara,Male,20,Ahmedabad,2023-11-24,17,Premium,1953,33201,Yearly,Net Banking,13,4.2,No
1491,Advay Venkatesh,Female,31,Kolkata,2024-08-26,46,Premium,1664,76544,Two Year,Net Banking,4,4.4,No
1492,Deepa Oommen,Female,38,Kolkata,2023-02-17,57,Standard,1075,61275,Monthly,Credit Card,12,2.9,Yes
1493,Joshua Kapadia,Female,47,Jaipur,2026-03-05,47,Standard,825,38775,Monthly,Net Banking,6,3.3,Yes
1494,Aadhya Krishnamurthy,Female,37,Lucknow,2026-02-01,24,Standard,809,19416,Monthly,Net Banking,15,1.4,Yes
1495,Hardik Vora,Female,29,Ahmedabad,2025-02-13,4,Basic,472,1888,Yearly,UPI,5,3.6,No
1496,Jonathan Venkataraman,Male,59,Kolkata,2023-07-31,45,Basic,590,26550,Yearly,Wallet,8,4.9,No
1497,Vincent Agarwal,Male,49,Pune,2024-03-31,51,Premium,1508,76908,Monthly,Wallet,14,2.0,Yes
1498,Aachal Sundaram,Male,23,Delhi,2025-08-15,60,Standard,971,58260,Yearly,UPI,1,3.7,No
1499,Lopa Krishna,Female,30,Bangalore,2025-06-21,59,Premium,1308,77172,Monthly,Credit Card,2,2.3,Yes
1500,Jagat Thakkar,Female,48,Pune,2022-05-12,20,Premium,1943,38860,Yearly,Credit Card,10,3.3,No
1501,Udant Pradhan,Male,52,Lucknow,2025-11-01,19,Basic,587,11153,Monthly,Net Banking,4,1.7,Yes
1502,Abha Krishnamurthy,Male,25,Bangalore,2022-04-09,11,Standard,1021,11231,Monthly,Net Banking,8,3.8,No
1503,Lekha Karnik,Male,19,Lucknow,2023-09-02,7,Standard,769,5383,Two Year,Debit Card,15,2.5,Yes
1504,Triveni Chakraborty,Female,39,Mumbai,2023-08-14,60,Standard,992,59520,Monthly,Debit Card,0,4.9,No
1505,Mitali Contractor,Male,60,Chennai,2025-07-09,5,Basic,619,3095,Monthly,Debit Card,12,4.7,Yes
1506,Aashi Desai,Female,19,Lucknow,2024-06-15,19,Standard,1185,22515,Yearly,Wallet,11,3.4,No
1507,Aahana Swamy,Male,49,Pune,2024-10-28,27,Premium,1947,52569,Two Year,Credit Card,6,3.1,No
1508,Samesh Sodhi,Female,20,Hyderabad,2022-09-17,4,Standard,1058,4232,Monthly,Net Banking,14,5.0,Yes
1509,Urvashi Rattan,Male,37,Kolkata,2023-05-03,43,Basic,582,25026,Monthly,Credit Card,0,3.9,No
1510,Mekhala Nayar,Female,41,Jaipur,2022-11-18,58,Standard,898,52084,Monthly,Net Banking,8,3.8,No
1511,Ekantika Munshi,Female,36,Hyderabad,2023-12-12,27,Standard,767,20709,Two Year,UPI,8,3.2,No
1512,Falguni Pradhan,Male,19,Bangalore,2025-10-12,59,Standard,1043,61537,Monthly,UPI,10,4.4,No
1513,Hemani Kade,Male,18,Delhi,2024-06-27,16,Basic,491,7856,Monthly,Debit Card,7,4.1,No
1514,Chameli Naik,Female,60,Mumbai,2024-03-17,56,Premium,1344,75264,Monthly,Wallet,14,3.5,Yes
1515,Sai Yohannan,Male,18,Kolkata,2026-02-12,8,Basic,371,2968,Monthly,Credit Card,2,1.7,Yes
1516,Dakshesh Batra,Male,63,Ahmedabad,2024-07-03,14,Basic,340,4760,Monthly,Wallet,6,2.9,Yes
1517,Gopal Wali,Male,23,Bangalore,2024-02-10,46,Basic,447,20562,Yearly,Credit Card,1,2.8,No
1518,Vedika Malhotra,Male,30,Bangalore,2022-12-16,17,Basic,577,9809,Yearly,Debit Card,6,3.8,No
1519,Yashawini Malhotra,Female,31,Kolkata,2022-12-17,49,Premium,1532,75068,Monthly,Debit Card,9,3.4,Yes
1520,Netra Chauhan,Male,22,Delhi,2022-07-25,53,Basic,423,22419,Yearly,UPI,8,2.1,No
1521,Upadhriti Sule,Female,18,Mumbai,2023-10-06,32,Basic,675,21600,Monthly,Debit Card,13,1.3,Yes
1522,Radha Vasa,Female,46,Pune,2023-04-29,38,Standard,1168,44384,Monthly,Net Banking,2,3.3,No
1523,Krish Kanda,Male,20,Pune,2026-05-22,24,Standard,1090,26160,Monthly,Net Banking,6,1.9,Yes
1524,Nirja Amble,Female,46,Bangalore,2023-11-06,30,Premium,1864,55920,Two Year,Credit Card,12,2.9,Yes
1525,Jacob Goyal,Female,58,Bangalore,2022-10-09,48,Standard,914,43872,Two Year,Net Banking,4,4.2,No
1526,Radhika Sundaram,Male,31,Mumbai,2022-12-26,24,Basic,638,15312,Two Year,UPI,4,3.4,No
1527,Adweta Dash,Male,37,Jaipur,2025-08-16,26,Standard,838,21788,Monthly,Debit Card,0,3.0,No
1528,Dev Vala,Male,49,Delhi,2024-07-11,15,Basic,610,9150,Yearly,Debit Card,13,2.7,Yes
1529,Ganga Yadav,Female,31,Kolkata,2024-07-30,7,Basic,465,3255,Yearly,Net Banking,9,1.6,No
1530,Gaurika Sathe,Female,57,Mumbai,2021-10-30,1,Premium,2493,2493,Monthly,Wallet,9,3.7,Yes
1531,Dhriti Rana,Female,22,Delhi,2023-01-05,9,Standard,874,7866,Yearly,Net Banking,4,2.5,Yes
1532,Vidhi Arya,Female,58,Ahmedabad,2026-02-02,24,Standard,807,19368,Two Year,Debit Card,7,4.6,No
1533,Matthew Hora,Male,63,Lucknow,2022-06-02,36,Basic,469,16884,Yearly,Wallet,4,4.9,No
1534,Atharv Kari,Female,50,Mumbai,2024-08-03,16,Premium,1710,27360,Monthly,Net Banking,15,4.6,Yes
1535,Onkar Kumer,Female,22,Ahmedabad,2023-04-30,49,Basic,464,22736,Monthly,Net Banking,15,2.9,Yes
1536,Anika Modi,Male,48,Chennai,2021-07-04,50,Basic,694,34700,Monthly,Credit Card,4,2.5,Yes
1537,Harsh Thaker,Female,38,Ahmedabad,2023-03-12,41,Basic,482,19762,Two Year,Debit Card,15,3.2,Yes
1538,Harinakshi Purohit,Male,36,Delhi,2022-04-30,39,Premium,1609,62751,Two Year,Credit Card,6,4.8,No
1539,Manthan More,Male,37,Hyderabad,2023-06-30,34,Standard,844,28696,Monthly,Credit Card,12,2.7,Yes
1540,Teerth Mangal,Female,27,Ahmedabad,2024-01-07,10,Basic,314,3140,Yearly,Net Banking,13,1.3,Yes
1541,Pahal Tank,Female,35,Chennai,2023-03-21,36,Basic,527,18972,Yearly,Wallet,3,4.7,No
1542,Siddharth Issac,Female,53,Ahmedabad,2023-07-30,30,Basic,600,18000,Monthly,Debit Card,0,1.5,Yes
1543,Timothy Kanda,Female,43,Bangalore,2021-10-08,10,Basic,668,6680,Monthly,Debit Card,0,3.5,No
1544,Bhavika Rana,Male,50,Delhi,2021-07-02,40,Premium,1270,50800,Yearly,Credit Card,10,3.3,No
1545,Timothy Kumar,Male,23,Pune,2025-11-19,32,Basic,334,10688,Monthly,Debit Card,3,3.1,No
1546,Chatura Sant,Male,51,Kolkata,2021-07-19,22,Basic,475,10450,Yearly,Net Banking,15,2.6,Yes
1547,Charan Dass,Female,32,Chennai,2025-04-22,45,Basic,345,15525,Two Year,UPI,14,1.6,No
1548,Robert Master,Male,32,Chennai,2024-06-25,42,Standard,712,29904,Monthly,Credit Card,7,2.9,No
1549,Yatin Batta,Female,49,Delhi,2025-01-04,56,Basic,463,25928,Monthly,Net Banking,12,1.1,Yes
1550,Kabir Korpal,Female,18,Pune,2023-06-14,36,Basic,402,14472,Yearly,UPI,6,1.9,No
1551,Edhitha Balasubramanian,Male,52,Delhi,2025-05-04,38,Premium,2242,85196,Two Year,Wallet,5,2.6,No
1552,Om Tak,Female,39,Chennai,2022-09-03,19,Basic,491,9329,Yearly,Debit Card,5,4.3,No
1553,Lucky Contractor,Female,31,Bangalore,2021-07-02,58,Basic,361,20938,Yearly,UPI,14,1.1,No
1554,Mitali Thaman,Female,62,Chennai,2024-02-13,3,Basic,354,1062,Yearly,Wallet,6,1.8,No
1555,Isaiah Hans,Female,31,Jaipur,2022-05-06,53,Basic,537,28461,Monthly,UPI,7,3.3,Yes
1556,Janaki Agarwal,Female,64,Pune,2022-03-27,20,Basic,392,7840,Two Year,Net Banking,6,3.0,No
1557,Ekalinga Yohannan,Female,60,Chennai,2021-12-11,26,Standard,784,20384,Two Year,UPI,15,3.2,No
1558,Meghana Sastry,Female,18,Hyderabad,2024-10-04,40,Basic,300,12000,Two Year,Net Banking,1,4.4,No
1559,Isaac Sachdev,Male,45,Pune,2024-11-28,25,Standard,1192,29800,Monthly,UPI,1,2.5,No
1560,Nitara Mand,Female,27,Hyderabad,2024-05-31,18,Standard,711,12798,Monthly,Net Banking,1,4.6,No
1561,Harshil Bora,Female,29,Delhi,2023-02-13,60,Premium,1619,97140,Monthly,UPI,0,4.5,No
1562,Maanav Bahri,Female,22,Bangalore,2026-02-01,6,Standard,933,5598,Two Year,Credit Card,8,2.1,Yes
1563,Qabil Khatri,Female,44,Bangalore,2023-06-18,5,Basic,493,2465,Monthly,UPI,15,2.7,Yes
1564,Sanya Khare,Female,30,Hyderabad,2021-12-05,37,Premium,1329,49173,Two Year,UPI,8,3.8,No
1565,Abhiram Toor,Male,54,Kolkata,2022-07-11,43,Basic,396,17028,Monthly,Wallet,14,4.2,No
1566,Timothy Mody,Male,56,Pune,2022-08-07,45,Standard,818,36810,Yearly,Net Banking,1,2.1,No
1567,Lakshit Acharya,Male,38,Pune,2026-04-12,53,Standard,783,41499,Monthly,Net Banking,11,3.9,No
1568,Kabir Hora,Male,61,Ahmedabad,2024-11-03,12,Standard,890,10680,Monthly,Wallet,11,4.1,Yes
1569,Triya Nigam,Female,40,Ahmedabad,2024-07-28,27,Basic,521,14067,Monthly,Net Banking,8,4.5,No
1570,Gayathri Modi,Male,56,Pune,2025-05-27,49,Standard,1048,51352,Monthly,Wallet,1,2.4,Yes
1571,Chakradhar Trivedi,Male,62,Kolkata,2025-10-22,41,Premium,1526,62566,Two Year,UPI,4,4.9,No
1572,Dev Garg,Male,34,Jaipur,2023-10-18,53,Standard,757,40121,Two Year,Credit Card,1,3.1,No
1573,Meera Sami,Female,53,Kolkata,2024-01-18,48,Basic,663,31824,Yearly,Wallet,15,1.5,No
1574,Pranav Saraf,Male,32,Ahmedabad,2024-05-22,43,Premium,1648,70864,Yearly,Credit Card,13,3.8,No
1575,Chanakya Iyer,Male,49,Bangalore,2022-12-01,54,Standard,1085,58590,Monthly,UPI,0,4.6,Yes
1576,Elijah Jayaraman,Male,30,Delhi,2022-12-17,45,Premium,1695,76275,Yearly,UPI,9,4.3,Yes
1577,Karan Wagle,Female,25,Kolkata,2025-02-07,2,Basic,406,812,Monthly,Debit Card,2,1.3,Yes
1578,Avi Chahal,Male,37,Kolkata,2022-01-29,43,Standard,1057,45451,Yearly,Wallet,10,2.6,No
1579,Raghav Dutt,Male,49,Pune,2023-10-16,38,Premium,2500,95000,Yearly,Debit Card,1,3.7,No
1580,Prisha Ray,Male,45,Lucknow,2024-01-22,2,Basic,542,1084,Two Year,Wallet,12,4.0,No
1581,Kala Bora,Female,23,Ahmedabad,2024-06-26,57,Basic,650,37050,Monthly,Debit Card,0,2.5,Yes
1582,Agastya Nanda,Female,33,Lucknow,2026-02-01,35,Basic,425,14875,Yearly,Net Banking,3,2.8,No
1583,Anita Tiwari,Female,24,Delhi,2021-08-21,3,Basic,582,1746,Yearly,Credit Card,14,1.9,Yes
1584,Yamini Shankar,Male,47,Hyderabad,2023-07-08,38,Premium,1257,47766,Two Year,Wallet,14,1.3,Yes
1585,Theodore Dhingra,Male,62,Jaipur,2026-03-21,25,Premium,2297,57425,Yearly,Net Banking,1,2.0,No
1586,Umang Krish,Female,45,Mumbai,2022-07-30,12,Premium,1800,21600,Two Year,Credit Card,1,2.2,Yes
1587,Jagvi Dass,Male,42,Delhi,2024-09-02,54,Basic,546,29484,Monthly,Debit Card,0,2.5,No
1588,Ansh Bhargava,Female,62,Mumbai,2021-06-26,12,Basic,649,7788,Yearly,UPI,15,1.9,Yes
1589,Kiaan Nanda,Female,62,Kolkata,2023-11-09,11,Basic,679,7469,Two Year,UPI,0,2.8,Yes
1590,Reva Rama,Male,35,Kolkata,2025-04-08,46,Standard,1055,48530,Monthly,Wallet,3,2.7,No
1591,Maanas Gandhi,Male,26,Mumbai,2021-09-07,45,Standard,733,32985,Monthly,UPI,11,2.9,Yes
1592,Leena Sane,Female,53,Hyderabad,2024-01-06,11,Basic,395,4345,Yearly,Net Banking,14,3.6,No
1593,Vyanjana Tailor,Male,30,Bangalore,2025-10-02,5,Premium,1579,7895,Yearly,Debit Card,3,3.2,Yes
1594,Max Venkatesh,Male,25,Jaipur,2023-08-02,9,Standard,900,8100,Monthly,Debit Card,1,3.0,Yes
1595,Chanchal Narayan,Male,48,Chennai,2022-05-02,38,Standard,855,32490,Two Year,Credit Card,4,2.3,No
1596,Samar Raghavan,Male,27,Bangalore,2023-08-25,43,Standard,945,40635,Monthly,Wallet,5,2.6,No
1597,Ekalinga Sunder,Male,58,Kolkata,2023-10-01,10,Premium,1339,13390,Monthly,Debit Card,2,3.3,Yes
1598,Ishaan Agate,Female,43,Delhi,2021-10-05,15,Premium,2032,30480,Monthly,Credit Card,13,1.2,Yes
1599,Upadhriti Sekhon,Male,48,Lucknow,2023-06-08,43,Standard,891,38313,Monthly,Wallet,7,4.0,Yes
1600,Ubika Nagi,Female,49,Mumbai,2025-04-28,57,Standard,1146,65322,Yearly,Net Banking,5,2.0,No
1601,Chatura Dani,Male,41,Hyderabad,2021-10-27,39,Basic,333,12987,Yearly,Net Banking,4,4.1,No
1602,Yuvraj Dhaliwal,Female,37,Ahmedabad,2022-09-02,18,Standard,1113,20034,Two Year,Wallet,10,2.2,Yes
1603,Ishaan More,Male,62,Ahmedabad,2024-08-27,32,Basic,652,20864,Yearly,Debit Card,4,2.9,Yes
1604,Mugdha Swamy,Female,56,Jaipur,2025-07-31,35,Standard,1023,35805,Monthly,Credit Card,8,4.7,No
1605,Veda Badal,Female,30,Pune,2025-11-05,21,Premium,1863,39123,Two Year,Wallet,6,2.4,Yes
1606,Tanveer Rajagopal,Male,62,Hyderabad,2021-08-29,44,Standard,835,36740,Yearly,Credit Card,6,4.1,No
1607,Xavier Mukhopadhyay,Female,55,Jaipur,2021-11-08,44,Standard,1064,46816,Yearly,Credit Card,10,1.8,Yes
1608,Divya Sunder,Female,29,Ahmedabad,2025-04-23,8,Standard,1148,9184,Monthly,Debit Card,7,1.8,No
1609,Karan More,Male,34,Lucknow,2024-08-21,16,Basic,667,10672,Monthly,UPI,14,3.1,Yes
1610,Damyanti Bath,Male,34,Ahmedabad,2025-09-27,17,Basic,492,8364,Two Year,Net Banking,12,1.0,Yes
1611,Ishani Sachar,Male,45,Ahmedabad,2025-07-28,60,Premium,2395,143700,Two Year,Wallet,13,1.8,No
1612,Rushil Sarkar,Female,21,Delhi,2025-09-24,7,Standard,898,6286,Monthly,UPI,4,1.7,Yes
1613,Bachittar Palla,Female,31,Delhi,2022-11-18,18,Basic,574,10332,Monthly,Wallet,3,4.7,No
1614,Bhanumati Khosla,Male,32,Chennai,2022-05-07,4,Basic,472,1888,Two Year,Wallet,8,2.1,Yes
1615,Parth Bir,Male,19,Jaipur,2025-01-01,39,Standard,836,32604,Two Year,Wallet,11,4.4,No
1616,Amol Sem,Male,28,Mumbai,2023-06-28,21,Standard,787,16527,Two Year,Wallet,12,1.8,No
1617,Aradhana Master,Male,44,Chennai,2023-04-17,48,Standard,1198,57504,Monthly,Credit Card,15,1.5,No
1618,Dominic Saha,Male,33,Hyderabad,2025-03-25,30,Standard,1156,34680,Monthly,Net Banking,7,2.1,No
1619,Leela Sangha,Male,44,Ahmedabad,2022-06-17,38,Premium,1991,75658,Monthly,Net Banking,7,1.4,No
1620,Baljiwan Verma,Female,31,Ahmedabad,2025-12-02,10,Standard,896,8960,Two Year,Net Banking,12,1.1,No
1621,Anusha Saini,Female,46,Lucknow,2024-10-12,51,Premium,1901,96951,Monthly,Credit Card,15,3.0,Yes
1622,Charles Saran,Female,31,Chennai,2022-05-06,24,Basic,339,8136,Yearly,Debit Card,12,1.7,Yes
1623,Kamya Garg,Female,19,Lucknow,2025-11-05,23,Standard,827,19021,Yearly,Credit Card,7,2.5,No
1624,Ijaya Dewan,Female,41,Kolkata,2023-12-04,42,Standard,931,39102,Yearly,UPI,0,2.6,No
1625,Bhavini Sahni,Female,32,Hyderabad,2025-08-27,32,Standard,928,29696,Two Year,Debit Card,2,2.7,Yes
1626,Sai Mandal,Male,20,Kolkata,2024-08-21,59,Premium,2180,128620,Monthly,Debit Card,7,4.4,No
1627,Henry Bose,Male,34,Mumbai,2022-09-24,4,Standard,746,2984,Yearly,Wallet,5,1.4,Yes
1628,Aarush Ratta,Male,32,Kolkata,2025-09-06,60,Basic,376,22560,Monthly,Debit Card,13,2.1,Yes
1629,Wridesh Jani,Male,36,Jaipur,2021-10-10,11,Standard,818,8998,Two Year,Net Banking,1,3.3,Yes
1630,Ekani Mutti,Male,22,Mumbai,2022-11-24,28,Premium,1683,47124,Monthly,Debit Card,6,3.4,No
1631,Viraj Pillay,Female,64,Bangalore,2025-04-06,53,Standard,973,51569,Monthly,Credit Card,14,3.2,No
1632,Anay Lala,Female,50,Delhi,2025-12-26,35,Premium,1703,59605,Yearly,Wallet,10,4.4,No
1633,Samar Lanka,Male,33,Lucknow,2024-02-03,33,Premium,2006,66198,Monthly,Debit Card,1,2.9,No
1634,Jalsa Wable,Male,28,Lucknow,2025-08-09,37,Standard,936,34632,Monthly,UPI,5,3.8,No
1635,Tarak Desai,Female,61,Kolkata,2023-10-20,5,Premium,1478,7390,Monthly,Wallet,14,3.1,No
1636,Raksha Kapadia,Female,34,Jaipur,2023-07-14,35,Standard,1155,40425,Yearly,Net Banking,11,4.1,Yes
1637,Shivansh Sehgal,Female,37,Mumbai,2023-07-04,11,Standard,955,10505,Monthly,Wallet,1,1.8,Yes
1638,Kritika Pall,Male,19,Chennai,2024-12-25,58,Standard,892,51736,Monthly,Net Banking,0,2.3,Yes
1639,Chaitaly Mandal,Female,43,Chennai,2021-09-29,50,Standard,775,38750,Monthly,Credit Card,4,3.6,No
1640,Chatura Sundaram,Female,41,Chennai,2022-10-10,2,Premium,2099,4198,Monthly,Net Banking,12,2.9,No
1641,Yash Edwin,Male,36,Pune,2025-08-22,9,Standard,726,6534,Monthly,UPI,4,4.6,No
1642,Odika Sem,Female,40,Jaipur,2024-06-21,23,Standard,897,20631,Two Year,Wallet,13,1.3,No
1643,Timothy Rama,Male,18,Mumbai,2022-08-07,31,Basic,545,16895,Monthly,Credit Card,10,1.8,Yes
1644,Shivansh Ramakrishnan,Female,19,Ahmedabad,2024-07-19,48,Standard,838,40224,Monthly,Net Banking,6,3.5,No
1645,Oscar Ravi,Male,51,Lucknow,2025-08-10,22,Standard,935,20570,Monthly,UPI,10,2.1,Yes
1646,Yashawini Bawa,Male,27,Kolkata,2023-04-19,57,Standard,949,54093,Monthly,Debit Card,1,3.7,No
1647,Reyansh Manne,Male,23,Lucknow,2023-07-22,43,Standard,1074,46182,Yearly,Net Banking,8,1.6,Yes
1648,Zashil Sampath,Male,44,Lucknow,2025-04-21,18,Basic,321,5778,Monthly,Credit Card,0,4.8,No
1649,Elijah Chowdhury,Male,18,Mumbai,2025-03-09,27,Standard,1152,31104,Monthly,Credit Card,8,5.0,No
1650,Quincy Verma,Male,61,Ahmedabad,2022-02-28,55,Basic,672,36960,Monthly,UPI,2,1.9,No
1651,Frederick Talwar,Female,54,Jaipur,2026-04-07,6,Standard,1115,6690,Two Year,Wallet,11,4.4,Yes
1652,Ubika Ramakrishnan,Female,56,Chennai,2023-06-22,57,Premium,1877,106989,Yearly,Credit Card,10,3.1,No
1653,Xiti Devi,Female,21,Lucknow,2022-06-03,53,Basic,547,28991,Monthly,Debit Card,9,3.0,Yes
1654,Dhriti Jha,Male,33,Ahmedabad,2021-06-28,52,Premium,1418,73736,Two Year,Credit Card,7,4.4,No
1655,Mitali Venkataraman,Female,54,Pune,2025-10-06,60,Basic,577,34620,Yearly,Debit Card,13,4.0,Yes
1656,Jagvi Narain,Male,45,Kolkata,2023-12-19,6,Basic,619,3714,Monthly,Net Banking,2,4.1,No
1657,Shaurya Narayanan,Male,49,Ahmedabad,2024-10-26,10,Standard,1200,12000,Monthly,Net Banking,11,1.5,Yes
1658,Ojasvi Loyal,Male,39,Bangalore,2025-03-15,38,Basic,520,19760,Two Year,Wallet,9,2.0,Yes
1659,Arin Guha,Male,27,Jaipur,2025-02-09,21,Standard,1136,23856,Monthly,Net Banking,2,1.3,Yes
1660,Nilima Vala,Male,26,Hyderabad,2025-03-31,32,Premium,1511,48352,Two Year,Debit Card,0,2.9,No
1661,Utkarsh Kara,Female,39,Mumbai,2023-01-31,44,Standard,1123,49412,Yearly,UPI,2,1.2,No
1662,Nilima Nagar,Female,49,Mumbai,2023-10-17,38,Basic,320,12160,Yearly,Debit Card,6,4.2,No
1663,Ekiya Parekh,Female,56,Hyderabad,2024-06-04,38,Basic,569,21622,Monthly,Credit Card,9,1.6,No
1664,Chakrika Venkatesh,Male,43,Pune,2021-07-01,42,Standard,963,40446,Monthly,Credit Card,7,3.8,No
1665,Ekansh Rana,Female,44,Chennai,2023-10-16,45,Standard,931,41895,Monthly,Debit Card,9,2.2,No
1666,Rachana Keer,Male,55,Mumbai,2021-10-09,43,Basic,423,18189,Monthly,Credit Card,4,1.1,No
1667,Dipta Venkatesh,Female,62,Pune,2022-02-11,7,Premium,1458,10206,Monthly,Wallet,2,2.1,Yes
1668,Ikbal Kumar,Male,48,Delhi,2024-02-15,16,Standard,922,14752,Monthly,Debit Card,9,4.7,No
1669,Vincent Borde,Female,42,Bangalore,2025-08-15,11,Basic,476,5236,Monthly,Net Banking,1,4.4,Yes
1670,Rajeshri Wagle,Female,65,Kolkata,2021-07-21,30,Standard,903,27090,Yearly,Debit Card,10,2.8,No
1671,Laksh Mitra,Male,34,Kolkata,2026-01-29,59,Standard,1144,67496,Yearly,UPI,0,4.5,No
1672,Samuel Raj,Female,35,Chennai,2023-06-06,32,Premium,1885,60320,Monthly,Credit Card,4,2.0,No
1673,Zayan Kari,Female,39,Delhi,2023-03-22,27,Basic,304,8208,Yearly,UPI,10,4.2,No
1674,Nikita Bose,Female,51,Kolkata,2023-07-13,31,Standard,1196,37076,Yearly,Wallet,6,1.6,No
1675,Gayathri Bala,Female,52,Ahmedabad,2021-07-03,38,Standard,1013,38494,Monthly,UPI,1,2.8,No
1676,Lakshmi Kumer,Female,47,Lucknow,2022-07-14,19,Basic,508,9652,Yearly,Wallet,2,2.9,No
1677,Maanav Shah,Male,32,Lucknow,2024-01-17,15,Premium,2410,36150,Monthly,Debit Card,8,2.2,Yes
1678,Idika Bera,Female,33,Kolkata,2026-05-07,26,Basic,571,14846,Monthly,UPI,7,4.8,No
1679,Hemang Sahota,Female,19,Jaipur,2025-04-10,28,Basic,338,9464,Two Year,Debit Card,8,3.1,No
1680,Ishaan Hans,Female,25,Chennai,2022-03-08,50,Standard,726,36300,Monthly,Net Banking,6,3.1,No
1681,Libni Dugar,Female,23,Pune,2022-02-03,36,Standard,790,28440,Yearly,Credit Card,6,1.1,No
1682,Qasim Loyal,Female,60,Hyderabad,2022-10-24,31,Basic,366,11346,Two Year,Net Banking,8,1.7,No
1683,Ishaan Natarajan,Female,37,Jaipur,2023-11-25,11,Premium,1617,17787,Yearly,Wallet,11,1.4,Yes
1684,Vritti Iyer,Male,35,Bangalore,2024-08-24,41,Basic,379,15539,Two Year,UPI,0,4.8,No
1685,Ishita Kamdar,Female,60,Lucknow,2021-12-04,49,Standard,762,37338,Yearly,Debit Card,14,3.0,Yes
1686,Robert Hegde,Female,64,Delhi,2026-02-24,51,Basic,347,17697,Monthly,Wallet,12,4.2,No
1687,Andrew Subramanian,Male,51,Jaipur,2023-12-22,52,Premium,1376,71552,Two Year,Credit Card,5,1.6,No
1688,Nisha Vora,Female,24,Jaipur,2021-09-26,31,Premium,2493,77283,Monthly,Net Banking,10,4.4,Yes
1689,Pranav Bora,Male,60,Ahmedabad,2025-07-03,14,Basic,617,8638,Yearly,Wallet,2,4.9,No
1690,Saksham Trivedi,Male,46,Chennai,2025-06-12,50,Standard,864,43200,Yearly,UPI,6,4.6,No
1691,Dipta Badami,Male,38,Ahmedabad,2022-05-05,37,Basic,640,23680,Two Year,UPI,10,2.7,Yes
1692,Odika Sharma,Female,49,Jaipur,2025-08-05,9,Premium,2417,21753,Yearly,Wallet,3,3.4,No
1693,Inaya Ratta,Female,33,Hyderabad,2024-08-22,47,Standard,761,35767,Yearly,Wallet,1,4.1,No
1694,Xalak Sem,Male,62,Hyderabad,2023-09-24,53,Standard,719,38107,Two Year,Net Banking,1,4.8,No
1695,Oviya Krishnan,Female,65,Hyderabad,2025-06-07,10,Basic,510,5100,Two Year,Net Banking,11,1.3,Yes
1696,Daksha Kota,Male,41,Mumbai,2022-07-14,2,Basic,445,890,Monthly,UPI,2,4.5,Yes
1697,Nirja Munshi,Male,32,Delhi,2022-02-26,17,Standard,862,14654,Two Year,Debit Card,5,3.3,No
1698,Ekta Chanda,Female,53,Hyderabad,2023-01-02,20,Premium,2326,46520,Yearly,UPI,2,4.2,No
1699,Naksh Bava,Female,35,Delhi,2026-01-22,58,Standard,1176,68208,Monthly,Credit Card,13,1.4,No
1700,Christopher Pant,Female,43,Jaipur,2022-05-13,5,Basic,601,3005,Monthly,UPI,15,1.2,Yes
1701,Faras Ranganathan,Male,29,Lucknow,2026-03-14,17,Basic,587,9979,Two Year,UPI,7,1.3,No
1702,Vanya Bhatia,Male,44,Delhi,2025-07-08,41,Premium,2163,88683,Monthly,Wallet,4,1.7,Yes
1703,Frederick Singh,Male,21,Kolkata,2024-07-03,57,Basic,673,38361,Yearly,Credit Card,6,3.0,No
1704,Arya Pant,Female,55,Kolkata,2022-01-04,40,Standard,798,31920,Two Year,Wallet,9,2.4,Yes
1705,Zayan Muni,Female,59,Lucknow,2023-12-13,19,Basic,615,11685,Two Year,Net Banking,3,3.8,No
1706,Nimrat Sridhar,Male,59,Lucknow,2025-06-13,1,Premium,2030,2030,Yearly,UPI,8,3.8,Yes
1707,Prisha Sahni,Male,61,Kolkata,2022-09-29,43,Basic,664,28552,Monthly,Credit Card,7,4.0,No
1708,Gauri Saha,Male,44,Mumbai,2024-12-06,14,Basic,357,4998,Yearly,Debit Card,6,3.9,No
1709,Bhanumati Hora,Female,44,Kolkata,2025-09-07,14,Standard,775,10850,Yearly,Wallet,3,4.5,No
1710,Bahadurjit Oak,Female,30,Chennai,2025-10-09,44,Basic,639,28116,Monthly,Net Banking,4,1.8,No
1711,Inaya Divan,Male,21,Delhi,2021-11-09,32,Premium,2095,67040,Monthly,Net Banking,0,2.7,Yes
1712,Yashica Narain,Female,29,Kolkata,2023-01-19,34,Basic,511,17374,Monthly,UPI,9,1.6,Yes
1713,Ladli Ratta,Male,46,Chennai,2025-08-17,31,Standard,971,30101,Monthly,Debit Card,14,2.4,Yes
1714,Nitesh Roy,Male,19,Chennai,2024-07-21,54,Standard,899,48546,Monthly,Net Banking,15,1.9,Yes
1715,Lucky Tripathi,Female,51,Hyderabad,2024-05-03,25,Basic,582,14550,Yearly,UPI,4,1.4,Yes
1716,Shivansh Shukla,Male,33,Hyderabad,2026-02-02,18,Premium,2257,40626,Yearly,Debit Card,12,1.1,No
1717,Ansh Master,Male,27,Delhi,2022-09-07,52,Basic,642,33384,Two Year,Debit Card,5,3.5,No
1718,Yagnesh Gandhi,Male,29,Mumbai,2021-09-16,50,Standard,983,49150,Monthly,Debit Card,10,1.0,Yes
1719,Rushil Bir,Female,60,Lucknow,2024-10-31,47,Standard,828,38916,Yearly,Wallet,8,3.3,No
1720,Sai Varghese,Female,20,Pune,2022-09-08,37,Basic,494,18278,Monthly,Debit Card,6,4.6,Yes
1721,Nathaniel Sodhi,Male,62,Mumbai,2024-09-03,31,Standard,972,30132,Monthly,UPI,7,2.7,Yes
1722,Karan Balasubramanian,Female,52,Mumbai,2023-01-24,37,Premium,1673,61901,Monthly,UPI,1,1.8,Yes
1723,Chandresh Balakrishnan,Male,31,Pune,2026-01-01,44,Premium,2323,102212,Monthly,UPI,4,1.9,Yes
1724,Abha Agarwal,Female,31,Mumbai,2024-12-28,3,Basic,600,1800,Monthly,Debit Card,8,3.6,Yes
1725,Krisha Hora,Male,20,Ahmedabad,2024-07-17,60,Basic,360,21600,Monthly,Debit Card,8,4.2,No
1726,Orinder Saran,Female,31,Kolkata,2023-02-13,35,Basic,687,24045,Yearly,Debit Card,0,4.7,No
1727,Logan Krishnamurthy,Female,40,Ahmedabad,2023-12-14,7,Basic,598,4186,Monthly,Wallet,8,1.0,Yes
1728,Vasana Patla,Male,29,Bangalore,2023-11-08,45,Basic,678,30510,Monthly,Credit Card,0,3.7,No
1729,Amaira Tailor,Female,47,Delhi,2022-05-16,48,Basic,391,18768,Monthly,Net Banking,6,1.8,No
1730,Chaaya Bhalla,Female,61,Kolkata,2025-05-28,15,Standard,716,10740,Monthly,Credit Card,6,2.5,No
1731,Warjas Dhillon,Male,52,Bangalore,2024-06-22,45,Basic,381,17145,Monthly,Net Banking,0,1.7,Yes
1732,Reyansh Bail,Female,32,Bangalore,2023-10-19,7,Basic,380,2660,Monthly,Debit Card,4,2.7,Yes
1733,Orinder Loyal,Male,56,Jaipur,2021-09-14,46,Standard,984,45264,Two Year,Wallet,10,4.5,No
1734,Dakshesh Sachdeva,Female,56,Chennai,2025-06-09,14,Premium,2070,28980,Monthly,UPI,14,2.1,Yes
1735,Abeer Mandal,Male,62,Bangalore,2025-02-21,13,Standard,892,11596,Yearly,UPI,14,4.7,Yes
1736,Brinda Gokhale,Female,59,Lucknow,2021-12-06,15,Standard,973,14595,Two Year,Credit Card,3,3.2,No
1737,Ranveer Balasubramanian,Male,50,Lucknow,2024-05-30,4,Standard,975,3900,Two Year,Wallet,4,2.0,Yes
1738,Unni Kibe,Male,34,Hyderabad,2025-04-30,57,Basic,575,32775,Yearly,Debit Card,10,3.1,Yes
1739,Shivansh Mohanty,Male,26,Chennai,2021-11-08,36,Basic,391,14076,Monthly,UPI,15,4.4,Yes
1740,Rajeshri Zachariah,Female,47,Bangalore,2025-01-17,34,Basic,526,17884,Monthly,Debit Card,2,4.0,No
1741,Barkha Johal,Male,64,Delhi,2026-05-17,55,Basic,316,17380,Yearly,UPI,0,4.1,No
1742,Elijah Bora,Male,48,Mumbai,2024-01-31,21,Basic,680,14280,Two Year,Net Banking,2,1.3,No
1743,Raksha Kalita,Female,38,Kolkata,2024-11-16,51,Premium,1960,99960,Monthly,UPI,0,3.9,No
1744,Ekta Natarajan,Male,56,Lucknow,2023-07-18,51,Premium,1793,91443,Yearly,Wallet,8,1.6,Yes
1745,Rachit Sachdeva,Female,50,Lucknow,2023-03-05,31,Basic,567,17577,Two Year,UPI,2,1.6,No
1746,Yagnesh Mallick,Male,18,Hyderabad,2025-07-24,21,Basic,320,6720,Yearly,Credit Card,14,1.1,Yes
1747,Andrew Suresh,Female,42,Lucknow,2023-04-24,25,Basic,474,11850,Monthly,UPI,8,3.1,Yes
1748,Forum Ramesh,Female,60,Delhi,2022-10-17,16,Standard,1108,17728,Monthly,Debit Card,7,5.0,No
1749,Aditya Bhavsar,Male,58,Ahmedabad,2021-09-22,20,Premium,2381,47620,Monthly,UPI,1,3.2,No
1750,Rachana Issac,Male,57,Jaipur,2022-11-19,27,Basic,510,13770,Yearly,Credit Card,14,3.5,Yes
1751,Bishakha Banik,Female,51,Mumbai,2022-08-05,9,Basic,437,3933,Two Year,Wallet,3,4.5,No
1752,Nilima Dugal,Male,53,Ahmedabad,2026-01-27,59,Standard,702,41418,Monthly,Net Banking,8,4.8,Yes
1753,Sanaya Sengupta,Male,43,Hyderabad,2026-03-17,57,Premium,2256,128592,Monthly,Credit Card,6,3.1,Yes
1754,Patrick Datta,Female,44,Hyderabad,2024-01-27,10,Standard,772,7720,Yearly,Credit Card,9,3.9,Yes
1755,Widisha Gandhi,Female,31,Mumbai,2026-02-05,2,Basic,514,1028,Yearly,Debit Card,4,2.5,No
1756,Yashoda Lalla,Female,28,Pune,2023-07-06,50,Basic,536,26800,Two Year,Debit Card,12,2.2,No
1757,Krish Chakrabarti,Female,39,Jaipur,2025-03-25,49,Basic,321,15729,Monthly,Credit Card,7,3.9,No
1758,Upkaar Ramanathan,Female,44,Hyderabad,2021-07-13,19,Basic,673,12787,Monthly,Debit Card,2,2.9,Yes
1759,Tristan Lata,Male,41,Chennai,2022-09-15,33,Standard,1117,36861,Yearly,Wallet,0,4.1,No
1760,Vedhika Mahajan,Male,47,Lucknow,2023-04-11,45,Standard,791,35595,Two Year,UPI,8,2.3,No
1761,Rishi Narayan,Female,33,Chennai,2025-02-10,44,Standard,719,31636,Monthly,Credit Card,1,5.0,No
1762,Harini Khurana,Male,43,Chennai,2025-05-13,14,Premium,1927,26978,Monthly,Credit Card,8,3.3,No
1763,Tara Prabhu,Male,52,Delhi,2021-12-24,52,Basic,348,18096,Yearly,Wallet,14,3.1,Yes
1764,Gauri Yadav,Male,43,Pune,2026-03-06,13,Basic,346,4498,Yearly,Credit Card,6,3.0,No
1765,Jagvi Kalita,Female,38,Kolkata,2025-03-27,3,Premium,1271,3813,Yearly,UPI,2,4.7,No
1766,Leena Dash,Male,31,Delhi,2022-12-19,30,Premium,2033,60990,Yearly,UPI,0,1.0,No
1767,Chakrika Bhasin,Male,33,Kolkata,2026-02-12,38,Basic,698,26524,Monthly,Debit Card,4,4.4,No
1768,Gayathri Patla,Male,64,Kolkata,2024-07-15,31,Standard,954,29574,Monthly,UPI,9,4.3,Yes
1769,Praneel Comar,Male,22,Hyderabad,2024-04-24,57,Standard,809,46113,Monthly,Wallet,11,1.5,Yes
1770,Yug D’Alia,Female,32,Chennai,2022-05-14,5,Premium,2277,11385,Yearly,Net Banking,9,1.4,Yes
1771,Ranveer Rajagopal,Female,30,Bangalore,2023-05-04,34,Standard,1129,38386,Monthly,Credit Card,4,4.0,No
1772,Ekalinga Nagarajan,Female,39,Kolkata,2022-08-05,14,Standard,958,13412,Monthly,UPI,7,2.8,No
1773,Hemangini Oza,Female,65,Delhi,2022-03-18,6,Basic,318,1908,Yearly,Debit Card,9,1.5,No
1774,Madhavi Andra,Male,51,Mumbai,2022-04-27,41,Basic,472,19352,Monthly,UPI,12,2.7,No
1775,Tanay Narayan,Male,51,Chennai,2022-10-31,48,Basic,699,33552,Two Year,Debit Card,1,4.8,No
1776,Ethan Mishra,Female,22,Pune,2022-04-25,25,Basic,611,15275,Monthly,Credit Card,0,2.5,Yes
1777,Upma Halder,Female,50,Jaipur,2025-09-01,7,Premium,1647,11529,Monthly,Credit Card,10,2.4,Yes
1778,Yashica Natarajan,Male,57,Chennai,2023-07-28,28,Standard,948,26544,Yearly,Wallet,15,2.7,Yes
1779,Daksh Shenoy,Male,51,Ahmedabad,2022-12-04,54,Basic,683,36882,Two Year,Credit Card,3,2.0,Yes
1780,Bina Balan,Male,32,Pune,2023-03-07,22,Basic,544,11968,Two Year,Wallet,4,2.6,No
1781,Madhav Pant,Male,56,Delhi,2023-09-21,47,Basic,352,16544,Yearly,Wallet,14,3.8,Yes
1782,Zayyan Bhatia,Male,19,Ahmedabad,2022-06-23,24,Premium,2389,57336,Yearly,Debit Card,9,2.1,No
1783,Advika Soman,Female,60,Hyderabad,2023-02-12,38,Premium,2025,76950,Yearly,Wallet,13,4.1,No
1784,Siya Mutti,Female,27,Jaipur,2024-06-09,42,Standard,1007,42294,Yearly,Debit Card,14,1.4,No
1785,Varsha Pall,Female,19,Jaipur,2023-11-19,38,Basic,591,22458,Monthly,Debit Card,10,3.3,No
1786,Anvi Chadha,Male,29,Chennai,2023-06-18,37,Standard,1199,44363,Two Year,Debit Card,5,4.6,No
1787,Udant Chaudhari,Male,53,Ahmedabad,2024-07-20,50,Basic,520,26000,Monthly,Credit Card,1,2.6,No
1788,Peter Devi,Male,65,Chennai,2021-10-22,26,Standard,934,24284,Yearly,Debit Card,0,3.6,No
1789,Maanas Dar,Female,59,Chennai,2024-09-24,36,Premium,1667,60012,Yearly,Wallet,7,2.3,Yes
1790,Max Kala,Female,44,Mumbai,2022-06-26,9,Standard,987,8883,Yearly,Credit Card,9,4.3,No
1791,Varenya Chaudhary,Male,43,Lucknow,2025-07-15,58,Standard,1012,58696,Monthly,Debit Card,0,3.2,Yes
1792,Megha Gade,Female,54,Kolkata,2025-06-22,35,Standard,922,32270,Yearly,Debit Card,2,4.1,No
1793,Anya Johal,Female,24,Bangalore,2022-08-22,27,Standard,1172,31644,Two Year,Credit Card,0,3.2,No
1794,Gautami Anand,Male,35,Kolkata,2026-06-15,52,Standard,992,51584,Monthly,Wallet,3,2.0,No
1795,Andrew Dube,Male,19,Bangalore,2022-09-27,10,Basic,695,6950,Monthly,Net Banking,8,3.5,Yes
1796,Janani Dubey,Female,22,Delhi,2023-03-26,49,Basic,303,14847,Yearly,UPI,13,3.4,Yes
1797,Mitesh Radhakrishnan,Male,57,Pune,2023-05-15,54,Premium,1992,107568,Yearly,UPI,2,1.3,No
1798,Varsha Kulkarni,Male,65,Pune,2025-12-27,4,Premium,1968,7872,Yearly,UPI,8,1.3,Yes
1799,Hema Cheema,Female,59,Kolkata,2021-12-05,30,Standard,790,23700,Two Year,Credit Card,6,4.5,No
1800,Nandini Madan,Female,46,Ahmedabad,2023-12-26,4,Standard,812,3248,Yearly,Wallet,8,1.1,Yes
1801,Chanakya Lad,Female,44,Bangalore,2024-04-28,19,Basic,329,6251,Yearly,Wallet,14,4.5,No
1802,Bachittar Sani,Female,42,Delhi,2024-12-02,9,Basic,584,5256,Yearly,Credit Card,15,3.9,No
1803,Ikshita Chawla,Female,22,Chennai,2026-03-11,37,Standard,1008,37296,Monthly,Credit Card,8,1.1,Yes
1804,Henry Gala,Male,30,Pune,2025-08-04,13,Standard,745,9685,Two Year,Net Banking,10,2.4,Yes
1805,Divya Saran,Male,61,Mumbai,2024-04-20,7,Standard,1174,8218,Monthly,UPI,0,1.8,Yes
1806,Gabriel Koshy,Female,26,Ahmedabad,2021-08-08,39,Basic,494,19266,Monthly,Net Banking,13,2.0,Yes
1807,Oviya Handa,Male,60,Jaipur,2026-05-24,35,Standard,876,30660,Monthly,Debit Card,6,1.9,No
1808,Divya Bhandari,Female,21,Bangalore,2023-08-26,20,Basic,325,6500,Yearly,Net Banking,5,4.5,No
1809,Sanaya Sura,Male,33,Ahmedabad,2024-11-13,19,Standard,1198,22762,Two Year,Credit Card,13,2.1,Yes
1810,Yashvi Narula,Female,65,Ahmedabad,2022-06-20,44,Basic,352,15488,Monthly,Wallet,3,4.7,Yes
1811,Bina Manne,Female,55,Jaipur,2024-02-11,11,Premium,1353,14883,Monthly,Credit Card,5,3.6,No
1812,Imaran Bhardwaj,Female,65,Ahmedabad,2024-08-19,7,Standard,833,5831,Yearly,Wallet,13,1.7,No
1813,Varsha Rajan,Male,25,Jaipur,2022-12-02,29,Basic,518,15022,Two Year,Credit Card,7,4.5,No
1814,Aarav Shan,Female,65,Delhi,2023-10-07,35,Standard,863,30205,Monthly,Net Banking,10,1.9,Yes
1815,Darsh Hegde,Male,47,Ahmedabad,2024-01-02,51,Standard,978,49878,Yearly,UPI,13,2.6,Yes
1816,Banjeet Ravi,Male,18,Pune,2025-05-18,26,Premium,2216,57616,Monthly,UPI,12,3.1,No
1817,Azaan Basu,Female,38,Bangalore,2024-02-01,25,Standard,743,18575,Yearly,UPI,5,1.7,Yes
1818,Nirja Oak,Female,24,Hyderabad,2024-09-14,26,Standard,1037,26962,Monthly,Net Banking,10,3.2,No
1819,Ranveer Dara,Male,38,Lucknow,2023-12-13,37,Basic,337,12469,Yearly,Net Banking,5,1.3,No
1820,Mason Gera,Female,52,Delhi,2024-12-12,30,Standard,1188,35640,Monthly,Credit Card,8,1.9,Yes
1821,Charles Mital,Male,60,Jaipur,2022-06-11,9,Premium,1277,11493,Two Year,Net Banking,1,4.8,No
1822,Damyanti Tank,Female,56,Pune,2025-09-29,47,Standard,1054,49538,Monthly,Wallet,9,3.6,Yes
1823,Qarin Majumdar,Female,20,Ahmedabad,2021-11-03,33,Standard,733,24189,Yearly,UPI,9,2.4,No
1824,Samesh Joshi,Female,30,Jaipur,2023-07-16,23,Premium,1681,38663,Two Year,Credit Card,12,2.8,No
1825,Darika Chawla,Male,64,Ahmedabad,2021-10-08,2,Premium,2125,4250,Monthly,Net Banking,2,4.9,No
1826,Ekanta Seshadri,Male,26,Pune,2021-08-26,40,Standard,896,35840,Yearly,Wallet,13,3.0,No
1827,Bhanumati Walla,Male,43,Bangalore,2023-09-27,37,Basic,683,25271,Monthly,Credit Card,10,3.7,Yes
1828,Lavanya Patel,Female,42,Lucknow,2024-12-10,24,Basic,437,10488,Two Year,Debit Card,11,4.0,No
1829,Warjas Wadhwa,Male,65,Pune,2024-09-24,44,Standard,719,31636,Monthly,Debit Card,3,1.7,No
1830,Tamanna Hayre,Female,57,Hyderabad,2026-01-09,18,Basic,568,10224,Monthly,Credit Card,12,1.8,Yes
1831,Saanvi Grover,Male,30,Jaipur,2025-07-19,41,Basic,368,15088,Yearly,Wallet,8,4.2,No
1832,Pushti Kant,Female,29,Jaipur,2023-02-17,60,Basic,507,30420,Monthly,Debit Card,2,3.7,No
1833,Samar Jani,Male,43,Lucknow,2021-09-07,47,Premium,2189,102883,Monthly,Credit Card,10,2.6,Yes
1834,Dhruv Oza,Male,53,Kolkata,2026-02-18,56,Standard,875,49000,Yearly,Debit Card,11,1.4,No
1835,Frederick Soni,Female,19,Lucknow,2024-10-06,24,Basic,630,15120,Monthly,Debit Card,8,4.8,No
1836,Ojas Vig,Male,37,Lucknow,2023-12-30,49,Standard,1048,51352,Monthly,UPI,8,1.9,No
1837,Tara Vaidya,Male,48,Lucknow,2026-03-21,57,Standard,962,54834,Two Year,Net Banking,2,4.7,No
1838,Pahal Samra,Female,20,Mumbai,2021-09-24,11,Basic,567,6237,Two Year,Debit Card,10,3.3,Yes
1839,Aashi Banik,Female,30,Mumbai,2022-05-29,14,Basic,345,4830,Monthly,Credit Card,14,1.4,No
1840,Eesha Balasubramanian,Male,33,Kolkata,2025-07-06,47,Basic,617,28999,Two Year,Net Banking,13,2.9,Yes
1841,Udant Maharaj,Male,62,Mumbai,2024-01-20,55,Basic,308,16940,Two Year,Debit Card,8,4.8,No
1842,Kamala Chandran,Male,62,Lucknow,2025-10-04,50,Standard,718,35900,Yearly,Wallet,5,2.8,No
1843,Maanav Sarna,Male,35,Pune,2023-01-01,31,Standard,1009,31279,Yearly,Credit Card,4,4.0,No
1844,Faris Nagi,Male,39,Jaipur,2025-03-23,16,Premium,2278,36448,Yearly,Net Banking,11,2.6,No
1845,Chakrika Wali,Female,52,Ahmedabad,2025-12-22,27,Basic,466,12582,Two Year,Debit Card,13,4.2,No
1846,Oeshi Kant,Female,52,Pune,2025-05-04,20,Premium,1483,29660,Monthly,Wallet,10,3.0,Yes
1847,Yashawini Tella,Male,37,Lucknow,2024-10-11,28,Premium,1849,51772,Yearly,UPI,9,1.7,Yes
1848,Omkaar Chahal,Male,20,Delhi,2021-08-18,6,Premium,2076,12456,Two Year,Credit Card,0,1.5,Yes
1849,Bhanumati Krishnamurthy,Male,26,Mumbai,2021-08-09,52,Basic,627,32604,Monthly,Debit Card,7,1.3,No
1850,Lohit Basak,Male,58,Kolkata,2022-11-21,56,Basic,406,22736,Monthly,Wallet,10,2.9,Yes
1851,George Sunder,Female,42,Lucknow,2025-12-11,48,Basic,351,16848,Monthly,Wallet,9,4.4,Yes
1852,Ridhi Puri,Female,64,Hyderabad,2026-05-27,46,Standard,955,43930,Two Year,Net Banking,7,2.7,No
1853,Dhriti Kapadia,Female,31,Mumbai,2026-02-16,10,Standard,766,7660,Monthly,Wallet,5,4.7,No
1854,Ekiya Kaul,Male,22,Bangalore,2025-01-30,14,Premium,1554,21756,Yearly,Credit Card,3,3.9,No
1855,Vihaan Lata,Male,42,Delhi,2021-08-08,39,Basic,630,24570,Monthly,UPI,9,3.5,No
1856,Yashica Yogi,Female,40,Delhi,2022-12-17,34,Basic,434,14756,Monthly,Wallet,6,3.9,No
1857,Chatresh Gokhale,Male,29,Pune,2025-02-01,11,Standard,906,9966,Yearly,Net Banking,2,3.7,No
1858,Ishanvi Soman,Female,27,Lucknow,2025-03-25,30,Basic,682,20460,Two Year,UPI,8,2.9,No
1859,Theodore Som,Male,64,Mumbai,2023-05-28,21,Basic,346,7266,Yearly,Net Banking,14,2.5,No
1860,Omkaar Lanka,Male,22,Ahmedabad,2025-06-03,4,Standard,793,3172,Yearly,Credit Card,3,3.6,No
1861,Hitesh Bhalla,Male,38,Bangalore,2025-04-01,13,Standard,1067,13871,Yearly,Credit Card,5,4.8,No
1862,Ranbir Sampath,Male,24,Kolkata,2024-09-12,10,Standard,990,9900,Two Year,Debit Card,6,4.0,No
1863,Janaki Garg,Male,33,Bangalore,2024-10-11,43,Premium,1354,58222,Yearly,Debit Card,7,3.2,No
1864,Wishi Bhat,Female,35,Kolkata,2023-11-24,42,Basic,425,17850,Yearly,UPI,6,2.3,No
1865,Simon Bala,Female,36,Chennai,2025-11-26,32,Standard,937,29984,Yearly,UPI,15,1.9,No
1866,Alka Sehgal,Male,29,Ahmedabad,2022-12-13,37,Basic,429,15873,Yearly,Wallet,15,3.4,No
1867,Sanaya Chaudhary,Female,22,Bangalore,2023-11-15,53,Premium,2392,126776,Monthly,UPI,5,3.3,Yes
1868,Zinal Saran,Male,49,Pune,2022-01-19,22,Basic,605,13310,Monthly,Credit Card,15,3.9,Yes
1869,Neha Rai,Male,26,Pune,2025-09-09,38,Premium,2262,85956,Monthly,Net Banking,4,1.1,Yes
1870,Pranav Sen,Male,34,Jaipur,2021-09-17,47,Standard,1141,53627,Monthly,Net Banking,6,1.7,No
1871,Charita Khatri,Male,62,Pune,2021-07-04,39,Premium,2153,83967,Yearly,Wallet,14,2.4,No
1872,Ojas Warrior,Male,30,Delhi,2023-12-09,23,Basic,626,14398,Yearly,Debit Card,1,4.2,No
1873,Oscar Tandon,Male,40,Bangalore,2022-03-17,20,Basic,498,9960,Yearly,Credit Card,10,1.4,Yes
1874,Wakeeta Cherian,Male,59,Lucknow,2024-05-29,56,Standard,1160,64960,Two Year,Credit Card,2,1.1,No
1875,Veda Varkey,Male,48,Hyderabad,2024-05-24,50,Premium,2401,120050,Yearly,Wallet,0,1.4,No
1876,Harshil Srinivasan,Male,31,Lucknow,2025-03-23,13,Basic,400,5200,Two Year,Net Banking,13,5.0,No
1877,Pavani Kale,Male,25,Chennai,2025-12-25,6,Standard,758,4548,Monthly,Credit Card,1,3.5,No
1878,Forum Chahal,Male,25,Mumbai,2022-11-11,8,Premium,2142,17136,Monthly,Net Banking,4,1.2,Yes
1879,Divya Jhaveri,Female,60,Jaipur,2025-02-17,26,Basic,392,10192,Monthly,Net Banking,1,2.8,Yes
1880,Daksha Narula,Male,45,Kolkata,2023-01-16,60,Basic,618,37080,Yearly,Debit Card,6,1.1,No
1881,Owen Sridhar,Male,27,Hyderabad,2025-06-12,14,Standard,1038,14532,Monthly,Credit Card,9,4.1,No
1882,Gabriel Pall,Male,39,Delhi,2022-01-06,7,Basic,311,2177,Yearly,Wallet,12,3.5,No
1883,Falan Bawa,Male,55,Chennai,2022-10-30,43,Basic,368,15824,Monthly,Debit Card,9,2.5,Yes
1884,Zehaan Desai,Male,63,Lucknow,2026-06-01,23,Standard,1129,25967,Yearly,Wallet,0,4.2,No
1885,Ekanta Kashyap,Male,47,Mumbai,2024-01-21,23,Basic,655,15065,Yearly,Credit Card,0,4.1,No
1886,Ishaan Rai,Male,31,Delhi,2025-12-10,18,Basic,483,8694,Yearly,Debit Card,11,2.5,Yes
1887,Ekani Bhargava,Female,25,Pune,2022-02-11,5,Premium,1519,7595,Monthly,Wallet,15,4.7,Yes
1888,Mitali Mall,Male,46,Mumbai,2022-02-22,11,Standard,985,10835,Monthly,Net Banking,1,1.7,Yes
1889,Michael Kaul,Female,51,Mumbai,2025-04-05,28,Premium,1245,34860,Monthly,Debit Card,4,1.5,No
1890,Lajita Mall,Female,20,Chennai,2023-03-13,21,Basic,381,8001,Two Year,UPI,0,1.9,No
1891,Tanvi Karnik,Female,41,Kolkata,2021-07-22,8,Basic,485,3880,Two Year,Debit Card,12,4.8,Yes
1892,Aayush Palan,Female,29,Chennai,2022-02-12,40,Basic,526,21040,Yearly,Debit Card,11,2.5,Yes
1893,Keya Rajagopalan,Male,25,Delhi,2025-05-19,31,Premium,1480,45880,Two Year,Wallet,8,2.8,No
1894,Rohan Kadakia,Male,65,Kolkata,2025-08-16,4,Standard,1108,4432,Yearly,Wallet,3,1.2,Yes
1895,Aishani Pathak,Female,51,Delhi,2021-08-06,15,Basic,504,7560,Monthly,Wallet,2,3.0,No
1896,Turvi Sani,Male,55,Delhi,2022-04-23,1,Standard,1115,1115,Yearly,UPI,11,2.8,No
1897,Yashawini Pal,Male,33,Delhi,2022-06-08,22,Standard,937,20614,Monthly,Net Banking,1,2.6,No
1898,Ishwar Atwal,Female,49,Hyderabad,2025-01-16,46,Basic,340,15640,Two Year,Credit Card,9,2.4,Yes
1899,Amara Pillai,Female,29,Pune,2024-09-18,52,Standard,758,39416,Yearly,Wallet,0,1.1,No
1900,Isha Chopra,Female,19,Chennai,2022-07-09,56,Standard,881,49336,Monthly,UPI,13,3.4,No
1901,Chavvi Kothari,Male,46,Hyderabad,2023-01-25,36,Basic,401,14436,Two Year,Net Banking,6,3.4,No
1902,Harinakshi Grewal,Male,62,Ahmedabad,2025-08-08,57,Basic,376,21432,Monthly,UPI,2,3.1,Yes
1903,Wishi Dhingra,Female,58,Lucknow,2023-05-19,3,Basic,436,1308,Monthly,UPI,13,1.4,Yes
1904,Sanaya Soni,Male,34,Delhi,2023-10-27,49,Basic,359,17591,Monthly,UPI,15,3.7,Yes
1905,Ishanvi Bains,Female,54,Delhi,2022-10-08,48,Standard,999,47952,Monthly,Debit Card,2,4.3,No
1906,Tanveer Suri,Male,55,Hyderabad,2025-09-12,16,Standard,1062,16992,Monthly,Wallet,5,1.2,Yes
1907,Hemal Sangha,Male,30,Ahmedabad,2024-03-05,53,Standard,1167,61851,Monthly,Wallet,15,3.6,No
1908,Zaid Thakur,Female,24,Bangalore,2024-11-28,29,Standard,1116,32364,Monthly,Credit Card,9,1.4,Yes
1909,Ronith Bala,Male,38,Kolkata,2024-04-13,32,Basic,325,10400,Monthly,Credit Card,8,2.0,Yes
1910,Veer Dugar,Male,57,Ahmedabad,2023-04-30,14,Standard,1195,16730,Yearly,UPI,9,3.3,Yes
1911,Vedhika Virk,Male,19,Chennai,2021-11-16,5,Standard,1166,5830,Monthly,Net Banking,13,4.4,Yes
1912,Bakhshi De,Female,21,Bangalore,2022-11-01,4,Standard,1119,4476,Two Year,UPI,5,1.4,No
1913,Yatin Palan,Female,27,Mumbai,2026-04-17,41,Premium,2485,101885,Monthly,UPI,2,1.9,No
1914,Advaith Lala,Male,22,Jaipur,2025-10-22,29,Premium,2300,66700,Yearly,Net Banking,9,4.7,No
1915,Girish Deshpande,Female,51,Jaipur,2026-06-19,58,Basic,573,33234,Monthly,Credit Card,3,2.8,Yes
1916,Aradhana Kari,Male,19,Hyderabad,2024-02-02,37,Premium,2238,82806,Monthly,Wallet,0,3.2,No
1917,Shravya Gulati,Male,30,Kolkata,2026-04-24,3,Standard,863,2589,Monthly,Wallet,2,4.3,No
1918,Nikita Saraf,Female,61,Lucknow,2024-10-31,6,Basic,506,3036,Monthly,Debit Card,2,4.7,No
1919,Lakshmi Sagar,Female,55,Ahmedabad,2023-05-21,51,Basic,643,32793,Monthly,UPI,4,2.9,Yes
1920,Nidra Kota,Male,55,Kolkata,2021-08-20,18,Basic,481,8658,Monthly,UPI,3,2.0,Yes
1921,Gayathri Buch,Female,61,Jaipur,2023-09-05,23,Standard,953,21919,Two Year,Wallet,7,1.7,No
1922,Mekhala Rattan,Female,29,Hyderabad,2026-04-26,15,Basic,493,7395,Monthly,UPI,14,3.3,Yes
1923,Aishani Mukhopadhyay,Female,42,Jaipur,2023-06-11,57,Standard,915,52155,Yearly,Credit Card,9,4.3,No
1924,Yachana Varghese,Female,27,Mumbai,2023-05-05,47,Basic,613,28811,Monthly,Net Banking,8,2.8,Yes
1925,Laban Merchant,Female,55,Chennai,2023-04-21,1,Basic,473,473,Monthly,Net Banking,4,1.6,No
1926,Karan Swaminathan,Female,52,Jaipur,2023-01-26,18,Standard,764,13752,Monthly,Credit Card,7,2.1,Yes
1927,Jatin Wason,Male,51,Ahmedabad,2021-12-27,40,Basic,523,20920,Monthly,Wallet,8,2.6,No
1928,Nilima Gole,Male,31,Mumbai,2024-01-15,37,Basic,311,11507,Yearly,Wallet,2,1.4,No
1929,Ansh Dubey,Male,63,Kolkata,2021-06-25,58,Standard,1071,62118,Monthly,UPI,5,5.0,No
1930,William Pillay,Male,20,Hyderabad,2024-03-22,15,Basic,668,10020,Monthly,Debit Card,0,2.4,Yes
1931,Bina Chokshi,Female,35,Hyderabad,2021-07-26,36,Standard,905,32580,Monthly,Net Banking,0,4.6,No
1932,Anika Savant,Male,62,Hyderabad,2024-08-23,10,Basic,615,6150,Monthly,Debit Card,10,3.6,Yes
1933,Jyoti Ratti,Female,65,Mumbai,2022-09-08,2,Standard,913,1826,Monthly,Wallet,2,2.9,Yes
1934,Indrajit Dubey,Male,43,Ahmedabad,2021-10-10,9,Standard,1004,9036,Yearly,Wallet,1,3.2,No
1935,Widisha Chacko,Male,32,Pune,2021-11-12,10,Basic,340,3400,Monthly,Wallet,13,3.1,No
1936,Banjeet Mohanty,Male,62,Lucknow,2024-07-03,12,Premium,2483,29796,Monthly,Net Banking,8,3.2,No
1937,Ansh Thaker,Male,38,Pune,2023-09-13,45,Standard,925,41625,Monthly,Wallet,12,3.3,Yes
1938,Lucky Ahluwalia,Male,21,Ahmedabad,2025-11-16,17,Premium,1300,22100,Monthly,Debit Card,4,3.9,No
1939,Lucky Prashad,Male,48,Mumbai,2021-10-08,16,Standard,895,14320,Two Year,Net Banking,1,2.4,No
1940,Logan Tara,Female,33,Kolkata,2024-05-11,44,Standard,816,35904,Two Year,Credit Card,12,1.8,Yes
1941,Sachi Dhingra,Male,21,Delhi,2024-01-26,7,Standard,833,5831,Monthly,Wallet,1,2.5,Yes
1942,Advik Apte,Female,29,Delhi,2025-06-20,42,Standard,854,35868,Two Year,Debit Card,9,3.1,No
1943,Eshana Kalita,Female,45,Ahmedabad,2022-01-29,59,Basic,492,29028,Yearly,Net Banking,8,4.1,No
1944,Advika Baral,Female,38,Kolkata,2025-03-07,4,Basic,523,2092,Monthly,Debit Card,0,4.3,No
1945,Vrinda Kumar,Female,38,Chennai,2021-08-23,32,Standard,874,27968,Yearly,Credit Card,0,3.3,No
1946,Raghav Sibal,Female,34,Kolkata,2022-07-20,51,Standard,1011,51561,Monthly,Net Banking,4,2.0,Yes
1947,Bachittar Khosla,Female,21,Mumbai,2024-10-02,51,Basic,624,31824,Monthly,Net Banking,13,2.3,Yes
1948,Ati Hans,Female,28,Bangalore,2022-11-03,41,Basic,611,25051,Monthly,UPI,1,1.0,Yes
1949,Samaksh Dey,Female,62,Ahmedabad,2025-03-10,12,Basic,392,4704,Two Year,Debit Card,14,2.7,Yes
1950,Daksha Sarraf,Male,29,Hyderabad,2024-04-14,26,Basic,461,11986,Yearly,UPI,12,1.1,Yes
1951,Varenya Zacharia,Female,21,Delhi,2025-07-25,6,Basic,557,3342,Two Year,Wallet,8,3.1,Yes
1952,Nisha Varughese,Female,53,Bangalore,2022-12-21,1,Basic,601,601,Yearly,Credit Card,12,2.9,Yes
1953,Diya Golla,Male,35,Ahmedabad,2026-02-22,56,Basic,595,33320,Yearly,Credit Card,11,2.8,No
1954,Reva Gokhale,Male,28,Delhi,2022-10-02,46,Standard,834,38364,Two Year,Credit Card,13,1.3,No
1955,Amruta Om,Female,40,Lucknow,2024-06-30,34,Basic,676,22984,Yearly,Net Banking,15,2.4,No
1956,Liam Dhar,Male,41,Hyderabad,2023-03-14,56,Standard,724,40544,Monthly,Wallet,11,4.9,No
1957,Dipta Johal,Female,41,Hyderabad,2023-01-02,12,Basic,363,4356,Yearly,UPI,7,3.0,No
1958,Chameli Tripathi,Female,39,Bangalore,2022-07-02,3,Standard,919,2757,Monthly,Credit Card,11,2.1,Yes
1959,Arjun Cherian,Female,36,Jaipur,2025-03-07,55,Premium,1428,78540,Monthly,Wallet,6,1.6,No
1960,Matthew Walia,Female,31,Chennai,2025-03-05,49,Standard,1200,58800,Monthly,Debit Card,2,2.8,No
1961,Kai Vasa,Female,61,Bangalore,2022-09-22,42,Standard,1080,45360,Monthly,UPI,5,1.1,Yes
1962,Ekaraj Bhat,Male,56,Kolkata,2023-05-30,58,Standard,1065,61770,Monthly,Credit Card,1,4.2,No
1963,Manthan Doctor,Male,38,Jaipur,2023-10-30,53,Basic,468,24804,Yearly,Wallet,6,1.1,No
1964,Janani Sankaran,Female,18,Delhi,2021-11-22,54,Basic,619,33426,Two Year,UPI,10,4.4,No
1965,Geetika Pillay,Male,45,Pune,2023-01-15,33,Basic,502,16566,Monthly,Credit Card,9,3.1,No
1966,Diya Thakur,Male,52,Chennai,2022-11-20,18,Basic,643,11574,Two Year,Wallet,8,2.0,No
1967,Kalpit Deep,Male,18,Pune,2022-09-21,57,Basic,333,18981,Monthly,Credit Card,6,2.8,Yes
1968,Kalpit Srivastava,Female,57,Lucknow,2022-04-25,42,Standard,775,32550,Yearly,Wallet,8,4.5,No
1969,Abdul Natarajan,Male,37,Pune,2025-02-11,28,Premium,2280,63840,Yearly,Net Banking,4,4.5,No
1970,Oni Kaur,Male,34,Kolkata,2025-05-24,38,Standard,1128,42864,Monthly,Credit Card,8,4.4,Yes
1971,Ishaan Hayer,Male,35,Bangalore,2022-10-11,3,Premium,2425,7275,Yearly,Credit Card,12,3.8,Yes
1972,Falguni More,Male,54,Mumbai,2023-12-16,54,Standard,815,44010,Yearly,Credit Card,5,3.1,No
1973,Hredhaan Upadhyay,Male,54,Chennai,2023-12-30,8,Premium,2325,18600,Monthly,Credit Card,12,4.7,Yes
1974,Aashi Sawhney,Male,20,Mumbai,2021-12-05,34,Premium,1301,44234,Yearly,UPI,6,1.7,No
1975,Sudiksha Bhat,Female,25,Delhi,2022-03-22,12,Basic,301,3612,Monthly,UPI,12,2.8,Yes
1976,Osha Saran,Male,18,Jaipur,2021-10-10,33,Premium,2422,79926,Yearly,UPI,15,3.9,No
1977,Shravya Shroff,Male,53,Hyderabad,2023-09-04,53,Basic,490,25970,Monthly,Debit Card,2,2.2,Yes
1978,Shaurya Halder,Female,44,Jaipur,2024-11-22,42,Basic,343,14406,Yearly,Credit Card,1,4.1,No
1979,Zarna Lad,Male,20,Delhi,2022-04-08,13,Basic,509,6617,Two Year,Credit Card,10,4.3,No
1980,Chakradev Naidu,Male,41,Hyderabad,2021-12-04,47,Standard,708,33276,Monthly,Debit Card,12,4.7,No
1981,Ria Panchal,Male,45,Kolkata,2021-10-19,48,Standard,924,44352,Two Year,Net Banking,10,1.1,Yes
1982,Wahab Varty,Female,23,Mumbai,2025-03-15,28,Basic,337,9436,Monthly,Credit Card,12,4.7,No
1983,Pavani Savant,Female,57,Ahmedabad,2022-02-04,19,Basic,528,10032,Yearly,UPI,3,2.6,No
1984,Teerth Nagi,Male,36,Jaipur,2021-12-27,34,Standard,888,30192,Yearly,Credit Card,6,2.7,No
1985,Yahvi Sagar,Female,18,Jaipur,2024-11-07,25,Standard,990,24750,Yearly,Credit Card,12,1.6,Yes
1986,Yochana Bhat,Female,57,Mumbai,2022-05-12,35,Standard,984,34440,Yearly,Debit Card,3,2.9,Yes
1987,Leena Singh,Male,54,Ahmedabad,2022-08-06,2,Basic,602,1204,Monthly,Net Banking,11,2.8,Yes
1988,Bishakha Borde,Female,47,Jaipur,2022-10-28,2,Standard,821,1642,Monthly,Wallet,2,1.5,Yes
1989,Pratyush Lata,Male,54,Pune,2026-02-20,36,Premium,1582,56952,Monthly,Credit Card,9,4.9,Yes
1990,Guneet Parmar,Male,47,Ahmedabad,2025-11-08,5,Standard,884,4420,Monthly,Net Banking,10,4.9,No
1991,Agastya Ganesan,Male,22,Mumbai,2022-10-31,19,Standard,1043,19817,Yearly,Wallet,15,2.2,No
1992,Leela Misra,Female,26,Kolkata,2022-04-12,44,Standard,1030,45320,Yearly,Debit Card,8,1.4,Yes
1993,Amrita Ganguly,Male,46,Delhi,2021-09-23,12,Basic,608,7296,Two Year,Debit Card,10,3.0,No
1994,Priya Suresh,Female,61,Hyderabad,2024-11-07,47,Standard,836,39292,Two Year,Debit Card,3,4.3,No
1995,Vivaan Mitter,Male,26,Pune,2021-09-27,32,Premium,1292,41344,Monthly,Net Banking,4,1.0,No
1996,Lipika Bhat,Female,32,Pune,2022-12-09,54,Basic,594,32076,Monthly,Net Banking,1,1.3,No
1997,Balveer Jayaraman,Female,29,Jaipur,2023-07-14,18,Premium,2140,38520,Monthly,Credit Card,4,2.1,No
1998,Sachi Dutta,Male,49,Jaipur,2024-11-20,59,Standard,867,51153,Two Year,Wallet,8,1.0,Yes
1999,Jhalak Choudhury,Female,22,Kolkata,2023-08-31,12,Basic,434,5208,Yearly,Wallet,7,1.4,Yes
2000,Priya Kakar,Female,53,Delhi,2024-06-16,60,Premium,1964,117840,Monthly,UPI,2,1.2,Yes
2001,Januja Mody,Male,60,Mumbai,2025-09-18,8,Standard,1199,9592,Monthly,Debit Card,5,4.4,Yes
2002,Yashoda Chokshi,Female,21,Lucknow,2026-03-19,12,Standard,1082,12984,Two Year,Credit Card,11,1.9,Yes
2003,Neel Sarma,Male,18,Ahmedabad,2022-04-02,13,Basic,536,6968,Monthly,Debit Card,13,3.4,No
2004,Veer Salvi,Female,62,Hyderabad,2024-09-14,58,Standard,1034,59972,Monthly,Credit Card,9,3.2,Yes
2005,Hemal Rau,Male,44,Pune,2024-08-24,52,Standard,1108,57616,Yearly,Credit Card,14,2.7,Yes
2006,Sneha Chander,Male,57,Jaipur,2021-07-14,39,Basic,541,21099,Yearly,Credit Card,13,4.3,No
2007,Om Nori,Male,20,Hyderabad,2025-05-14,31,Basic,459,14229,Two Year,Debit Card,2,1.9,No
2008,Vedant Mandal,Male,22,Ahmedabad,2026-01-19,3,Basic,696,2088,Yearly,Debit Card,12,1.9,No
2009,Yutika Tiwari,Male,44,Jaipur,2023-03-12,14,Premium,1937,27118,Monthly,UPI,7,2.3,Yes
2010,Nitesh Narayan,Male,63,Hyderabad,2025-03-28,26,Premium,2317,60242,Monthly,Debit Card,13,2.8,Yes
2011,Darika Goda,Male,42,Hyderabad,2025-05-18,60,Standard,799,47940,Yearly,Net Banking,5,2.3,Yes
2012,Andrew Ahuja,Female,35,Delhi,2025-03-03,59,Basic,324,19116,Monthly,Net Banking,1,2.8,Yes
2013,Leena Oak,Male,31,Lucknow,2025-08-22,24,Standard,871,20904,Monthly,Credit Card,11,4.8,No
2014,Advik Atwal,Female,24,Delhi,2025-04-14,47,Premium,2416,113552,Monthly,Net Banking,10,4.6,Yes
2015,Fariq Vohra,Male,23,Mumbai,2024-01-22,41,Standard,1074,44034,Monthly,Net Banking,3,4.6,No
2016,Arin Seshadri,Female,63,Ahmedabad,2025-10-15,50,Standard,898,44900,Monthly,Net Banking,0,1.6,Yes
2017,Neelima Mani,Female,32,Pune,2026-03-19,4,Standard,790,3160,Monthly,Debit Card,0,2.6,Yes
2018,Chandresh Saraf,Male,46,Pune,2024-09-12,45,Premium,1562,70290,Two Year,Wallet,2,3.7,No
2019,Neel Issac,Male,23,Pune,2023-02-11,23,Premium,1321,30383,Monthly,UPI,13,4.0,Yes
2020,Ishaan Doshi,Female,46,Lucknow,2023-11-04,22,Basic,668,14696,Two Year,Debit Card,11,4.9,No
2021,Urmi Munshi,Female,63,Chennai,2022-05-19,3,Standard,722,2166,Two Year,Credit Card,15,1.4,No
2022,Azaan Sengupta,Male,60,Mumbai,2023-12-11,30,Standard,725,21750,Two Year,UPI,11,3.6,No
2023,Samesh Gade,Male,31,Lucknow,2023-02-05,1,Premium,1789,1789,Two Year,UPI,6,4.9,No
2024,Sanaya Khurana,Female,22,Mumbai,2025-05-25,1,Basic,364,364,Two Year,Wallet,6,2.7,Yes
2025,Warjas Koshy,Female,57,Lucknow,2025-07-26,20,Standard,1165,23300,Monthly,Credit Card,7,5.0,No
2026,Triveni Dada,Female,27,Delhi,2022-04-22,35,Basic,689,24115,Yearly,Debit Card,11,3.7,No
2027,Aryan Deol,Male,59,Delhi,2024-09-25,25,Basic,330,8250,Monthly,Net Banking,15,3.3,No
2028,Raagini Saran,Female,63,Ahmedabad,2023-01-19,37,Standard,1167,43179,Two Year,Net Banking,1,1.3,No
2029,Vrishti Chandra,Male,63,Chennai,2021-11-27,17,Basic,656,11152,Two Year,Credit Card,15,3.0,No
2030,Yashvi Kibe,Male,18,Kolkata,2025-11-15,37,Premium,1828,67636,Yearly,Net Banking,11,4.4,No
2031,Laksh Gera,Female,18,Mumbai,2026-02-12,30,Basic,380,11400,Monthly,Net Banking,0,1.9,Yes
2032,Xiti Deep,Male,47,Jaipur,2026-01-05,14,Premium,1841,25774,Monthly,Debit Card,12,1.7,Yes
2033,Advay Subramaniam,Male,37,Pune,2023-01-03,12,Standard,1021,12252,Monthly,UPI,4,1.9,Yes
2034,Kiaan Chaudhary,Male,40,Chennai,2024-01-24,5,Basic,316,1580,Yearly,UPI,13,4.4,No
2035,Bachittar Guha,Male,18,Bangalore,2023-09-07,41,Standard,976,40016,Yearly,UPI,13,3.0,No
2036,Sarthak Buch,Male,36,Pune,2025-12-06,6,Basic,527,3162,Monthly,Net Banking,4,3.5,Yes
2037,Dipta Basak,Male,23,Bangalore,2026-03-26,22,Standard,988,21736,Yearly,Wallet,14,2.3,Yes
2038,Waida Pillai,Male,44,Bangalore,2023-02-14,48,Standard,916,43968,Monthly,UPI,12,1.2,Yes
2039,Farhan Narula,Female,47,Delhi,2026-04-26,57,Standard,934,53238,Monthly,Wallet,5,1.3,Yes
2040,Yamini Gill,Male,63,Jaipur,2024-11-08,9,Basic,527,4743,Monthly,UPI,11,4.4,Yes
2041,Aayush Raja,Male,22,Pune,2025-09-19,12,Basic,658,7896,Two Year,Wallet,3,3.6,No
2042,Darpan Johal,Male,45,Mumbai,2026-01-12,51,Basic,593,30243,Two Year,UPI,0,3.7,No
2043,Nakul Mall,Female,54,Ahmedabad,2024-06-28,33,Standard,974,32142,Monthly,Net Banking,2,3.9,No
2044,Jagdish Kaur,Female,33,Ahmedabad,2023-10-12,11,Standard,748,8228,Monthly,Wallet,1,3.8,Yes
2045,Jagat Lalla,Female,56,Bangalore,2022-11-06,49,Premium,2436,119364,Two Year,Wallet,2,3.2,No
2046,Bhavna Sahni,Female,21,Mumbai,2024-10-28,59,Standard,1160,68440,Monthly,Wallet,8,2.3,No
2047,Om Som,Male,57,Hyderabad,2022-08-05,9,Basic,686,6174,Monthly,Wallet,0,1.2,Yes
2048,Dhruv Bhandari,Male,21,Hyderabad,2021-09-14,9,Standard,1129,10161,Two Year,UPI,4,3.6,No
2049,Varenya Modi,Male,22,Kolkata,2022-11-23,18,Basic,442,7956,Yearly,Debit Card,4,4.7,No
2050,Oliver Ramesh,Male,26,Delhi,2024-06-25,37,Standard,800,29600,Yearly,Credit Card,4,3.9,No
2051,Noah Babu,Male,63,Ahmedabad,2023-04-17,4,Basic,665,2660,Yearly,Net Banking,7,4.4,No
2052,Dalbir Kunda,Male,20,Bangalore,2023-03-15,23,Premium,1460,33580,Yearly,Wallet,3,2.0,No
2053,Ganga Patil,Male,61,Delhi,2023-02-06,6,Standard,1153,6918,Monthly,Debit Card,8,2.6,Yes
2054,Faqid Padmanabhan,Female,43,Lucknow,2025-04-29,46,Standard,818,37628,Two Year,UPI,14,2.8,No
2055,Ishani Dey,Male,44,Mumbai,2026-02-02,40,Standard,767,30680,Yearly,Net Banking,0,3.6,No
2056,Arunima Parikh,Male,25,Delhi,2025-10-12,20,Basic,611,12220,Monthly,Debit Card,5,3.3,No
2057,Divya Randhawa,Female,28,Bangalore,2023-12-27,16,Premium,2308,36928,Two Year,Wallet,2,3.5,No
2058,Ishanvi Bala,Male,41,Kolkata,2024-05-29,6,Premium,1615,9690,Two Year,Wallet,13,2.9,Yes
2059,Aayush Misra,Male,42,Chennai,2026-05-10,57,Basic,513,29241,Two Year,Net Banking,12,2.8,No
2060,Wridesh Shankar,Male,37,Lucknow,2025-11-03,60,Basic,592,35520,Yearly,Debit Card,12,2.4,Yes
2061,Yug Om,Female,43,Chennai,2024-01-18,50,Standard,830,41500,Monthly,Debit Card,1,2.8,Yes
2062,Yachana Gaba,Female,59,Lucknow,2025-05-03,39,Standard,1067,41613,Monthly,Net Banking,13,2.4,Yes
2063,Lavanya Ahuja,Male,23,Hyderabad,2024-10-02,11,Standard,766,8426,Two Year,Credit Card,12,1.5,No
2064,Urvi Nayar,Female,35,Bangalore,2021-08-10,17,Basic,510,8670,Yearly,UPI,10,4.8,No
2065,Chakradev Shetty,Female,56,Lucknow,2023-05-05,44,Standard,962,42328,Yearly,UPI,1,3.1,No
2066,Krishna Kota,Male,60,Lucknow,2023-01-21,48,Standard,908,43584,Monthly,Wallet,7,3.9,No
2067,Nimrat Chacko,Male,64,Hyderabad,2023-01-05,44,Basic,412,18128,Monthly,Net Banking,10,4.2,Yes
2068,Arya Rao,Female,30,Delhi,2025-04-18,12,Premium,1317,15804,Monthly,Credit Card,7,1.9,Yes
2069,Advay Prabhu,Female,64,Hyderabad,2024-05-26,5,Basic,487,2435,Two Year,Debit Card,15,2.6,Yes
2070,Chaitaly Prasad,Female,43,Lucknow,2022-12-19,56,Standard,1072,60032,Monthly,Debit Card,8,3.0,No
2071,Zaitra Kara,Female,33,Kolkata,2024-10-22,47,Standard,1161,54567,Two Year,Debit Card,10,4.8,No
2072,Logan Barad,Female,22,Kolkata,2026-01-17,37,Standard,1138,42106,Monthly,Credit Card,12,4.7,No
2073,Nitesh Bora,Male,54,Pune,2023-02-18,58,Basic,340,19720,Monthly,Wallet,9,2.5,Yes
2074,Chasmum Narula,Female,56,Bangalore,2026-02-10,59,Premium,2240,132160,Monthly,Debit Card,10,1.7,No
2075,Akshay Pall,Male,25,Chennai,2023-10-07,51,Premium,2379,121329,Monthly,UPI,9,4.4,No
2076,Kavya Lanka,Male,35,Bangalore,2024-02-25,30,Premium,1765,52950,Monthly,Net Banking,11,4.1,No
2077,Wazir Deol,Male,33,Bangalore,2022-08-14,8,Premium,1785,14280,Monthly,Net Banking,8,3.6,Yes
2078,Aadi Soni,Male,46,Lucknow,2024-08-19,53,Basic,697,36941,Monthly,Net Banking,9,1.9,Yes
2079,Meghana Upadhyay,Male,49,Jaipur,2023-05-08,15,Standard,934,14010,Monthly,Debit Card,0,1.1,No
2080,Gopal Pingle,Female,38,Bangalore,2022-10-19,59,Basic,361,21299,Monthly,Credit Card,14,1.4,Yes
2081,Yauvani Dube,Female,34,Hyderabad,2025-03-21,24,Premium,1772,42528,Yearly,Net Banking,5,2.7,Yes
2082,Jonathan Prakash,Male,62,Jaipur,2023-10-11,4,Basic,399,1596,Yearly,Net Banking,5,4.5,Yes
2083,Yashawini Narasimhan,Female,46,Bangalore,2022-01-20,51,Basic,679,34629,Two Year,Wallet,7,4.6,No
2084,Anita Chakrabarti,Male,35,Delhi,2024-05-02,28,Standard,865,24220,Monthly,UPI,6,2.9,No
2085,Vivaan Cheema,Male,19,Pune,2022-01-14,60,Standard,1058,63480,Monthly,Debit Card,4,4.3,No
2086,Guneet Pillai,Male,64,Bangalore,2025-04-26,42,Standard,723,30366,Monthly,UPI,4,2.9,Yes
2087,Samar Varghese,Male,56,Hyderabad,2025-10-21,20,Basic,537,10740,Yearly,Credit Card,6,1.5,Yes
2088,Noah Bhardwaj,Male,49,Bangalore,2025-08-24,37,Standard,763,28231,Yearly,UPI,6,4.1,No
2089,Gautam Ratta,Female,29,Delhi,2022-03-16,13,Basic,493,6409,Yearly,Wallet,11,3.8,No
2090,Noah Cherian,Female,26,Pune,2023-01-02,42,Basic,671,28182,Yearly,Wallet,15,4.1,No
2091,Wakeeta Sampath,Female,32,Lucknow,2025-03-10,23,Premium,1636,37628,Two Year,Credit Card,4,1.7,No
2092,Ryan Chana,Female,62,Chennai,2025-01-27,58,Standard,1011,58638,Monthly,Debit Card,9,2.5,No
2093,Chavvi Ravi,Female,43,Mumbai,2025-02-09,15,Basic,516,7740,Monthly,UPI,11,4.9,Yes
2094,Aarnav Koshy,Male,50,Bangalore,2022-05-03,36,Premium,1293,46548,Yearly,Credit Card,12,3.4,No
2095,Utkarsh Bhalla,Female,59,Jaipur,2025-08-24,25,Basic,307,7675,Monthly,Credit Card,4,2.6,Yes
2096,Falak Tailor,Female,60,Kolkata,2025-08-20,58,Premium,2347,136126,Yearly,Debit Card,5,3.8,No
2097,Ishita Baral,Female,26,Bangalore,2025-08-03,35,Premium,2024,70840,Monthly,Credit Card,10,2.8,Yes
2098,Vaishnavi Prasad,Male,58,Mumbai,2025-04-22,14,Premium,1512,21168,Monthly,Wallet,5,4.7,No
2099,Isha Pai,Male,29,Pune,2022-01-26,19,Basic,378,7182,Monthly,Net Banking,4,3.9,No
2100,Azad Shenoy,Male,42,Chennai,2025-01-08,4,Basic,616,2464,Two Year,Net Banking,10,1.8,Yes
2101,Qabil Rajagopalan,Female,43,Ahmedabad,2023-01-20,56,Standard,734,41104,Two Year,Debit Card,3,3.1,No
2102,Dhruv Iyer,Female,25,Jaipur,2025-04-25,7,Premium,1212,8484,Monthly,Debit Card,10,1.9,Yes
2103,Yasti Radhakrishnan,Male,50,Hyderabad,2024-06-10,10,Basic,637,6370,Monthly,Net Banking,12,1.7,Yes
2104,Yutika Pillay,Female,64,Hyderabad,2025-11-29,15,Standard,1068,16020,Monthly,Net Banking,11,2.5,Yes
2105,Diya Keer,Male,41,Mumbai,2023-09-15,3,Basic,428,1284,Yearly,Net Banking,5,4.7,No
2106,Yachana Ranganathan,Female,19,Lucknow,2024-03-24,47,Basic,339,15933,Yearly,UPI,10,2.3,Yes
2107,Vrishti Talwar,Female,40,Bangalore,2021-12-19,37,Standard,1003,37111,Two Year,UPI,10,2.8,No
2108,Anmol Bhagat,Male,60,Delhi,2025-01-17,31,Premium,1480,45880,Monthly,UPI,5,2.7,No
2109,Vinaya Jha,Male,30,Lucknow,2023-09-03,40,Premium,2216,88640,Monthly,Credit Card,2,1.6,Yes
2110,Bhavani Konda,Female,43,Delhi,2023-10-07,49,Standard,1163,56987,Two Year,Wallet,12,2.9,No
2111,Tanvi Luthra,Male,23,Lucknow,2023-09-04,34,Standard,737,25058,Monthly,Credit Card,15,4.6,Yes
2112,Anika Arora,Female,62,Lucknow,2023-01-17,9,Standard,899,8091,Yearly,Wallet,0,2.8,Yes
2113,Dakshesh Chhabra,Male,58,Lucknow,2022-04-05,35,Standard,1032,36120,Yearly,Debit Card,11,1.9,Yes
2114,Shravya Tiwari,Male,19,Jaipur,2024-07-22,13,Basic,346,4498,Yearly,Wallet,12,2.3,No
2115,Tejas Nath,Male,40,Delhi,2025-04-09,41,Basic,419,17179,Monthly,Debit Card,1,1.6,No
2116,Ranbir Murty,Female,48,Delhi,2026-06-17,32,Premium,1757,56224,Two Year,UPI,14,4.2,Yes
2117,Faris Sahni,Female,49,Kolkata,2025-06-10,1,Basic,587,587,Monthly,Debit Card,9,2.2,Yes
2118,Aarini Kale,Male,42,Pune,2022-05-19,37,Standard,930,34410,Two Year,Net Banking,2,2.7,No
2119,Nirja Wali,Male,40,Pune,2023-05-01,45,Premium,1726,77670,Two Year,Credit Card,1,1.1,Yes
2120,Anvi Chawla,Male,47,Ahmedabad,2023-01-26,31,Basic,601,18631,Yearly,UPI,8,3.3,No
2121,Atharv Narayan,Female,32,Pune,2022-02-23,8,Premium,2358,18864,Yearly,Credit Card,4,3.3,No
2122,Warda Bakshi,Female,25,Bangalore,2025-08-20,4,Standard,1003,4012,Monthly,Wallet,0,1.7,Yes
2123,Hredhaan Batra,Male,38,Lucknow,2022-10-11,11,Standard,1045,11495,Monthly,Debit Card,9,1.9,No
2124,Yahvi Shah,Female,36,Kolkata,2024-06-01,59,Standard,1135,66965,Yearly,Net Banking,10,3.4,No
2125,Damyanti Thaker,Female,63,Hyderabad,2024-11-20,16,Basic,469,7504,Yearly,UPI,9,4.0,No
2126,Charan Nayak,Male,63,Hyderabad,2022-06-22,51,Premium,2453,125103,Monthly,Debit Card,7,4.0,No
2127,Advik Deshmukh,Female,19,Jaipur,2023-03-18,38,Standard,815,30970,Yearly,Wallet,8,4.5,No
2128,Jeremiah Rout,Female,64,Chennai,2023-08-29,11,Basic,324,3564,Yearly,Wallet,13,1.5,Yes
2129,Yauvani Bava,Male,24,Delhi,2022-12-23,43,Premium,2269,97567,Yearly,Wallet,8,1.4,No
2130,Bhavika Sunder,Female,38,Hyderabad,2024-12-23,29,Basic,653,18937,Monthly,Wallet,15,4.0,Yes
2131,Jeevika Bhattacharyya,Female,55,Bangalore,2021-07-28,23,Basic,622,14306,Yearly,Credit Card,13,2.5,Yes
2132,Oviya Hari,Female,22,Bangalore,2023-04-07,3,Basic,321,963,Monthly,Wallet,13,4.4,Yes
2133,Siddharth Karan,Male,31,Ahmedabad,2021-07-10,15,Standard,1121,16815,Monthly,Debit Card,11,1.4,Yes
2134,Gaurika Bhardwaj,Female,58,Ahmedabad,2025-05-01,55,Basic,482,26510,Yearly,UPI,12,1.8,Yes
2135,Bhavini Tak,Female,63,Pune,2026-04-09,36,Premium,1361,48996,Two Year,Wallet,6,4.8,No
2136,Balveer Goyal,Male,32,Jaipur,2025-10-14,20,Basic,656,13120,Monthly,Wallet,12,1.9,No
2137,Omya Padmanabhan,Female,28,Bangalore,2026-04-20,24,Basic,404,9696,Monthly,UPI,5,1.8,Yes
2138,Oviya Patla,Male,59,Mumbai,2023-06-08,55,Basic,458,25190,Monthly,UPI,5,2.1,No
2139,Sneha Dhar,Female,52,Delhi,2023-02-09,20,Basic,530,10600,Yearly,UPI,13,3.0,Yes
2140,Faqid Deshpande,Female,42,Lucknow,2022-07-19,36,Standard,1186,42696,Yearly,UPI,4,3.3,No
2141,Rudra Mani,Female,22,Ahmedabad,2021-06-25,10,Premium,1383,13830,Yearly,Debit Card,15,2.8,No
2142,Faris Chhabra,Male,52,Pune,2024-11-25,13,Premium,1818,23634,Monthly,UPI,10,1.2,Yes
2143,Alexander Talwar,Female,29,Ahmedabad,2021-06-21,11,Basic,586,6446,Yearly,Debit Card,8,2.7,No
2144,Oviya Dugar,Male,57,Chennai,2024-09-02,47,Premium,1526,71722,Monthly,UPI,4,3.1,No
2145,Hema Desai,Male,32,Delhi,2024-03-14,9,Basic,469,4221,Monthly,Credit Card,3,1.9,Yes
2146,Kashish Dugar,Female,47,Pune,2025-11-09,13,Basic,539,7007,Monthly,UPI,3,3.7,No
2147,Aayush Sampath,Female,33,Delhi,2022-10-02,29,Premium,1490,43210,Yearly,Credit Card,11,4.0,No
2148,Ira Seshadri,Female,49,Bangalore,2022-05-15,18,Standard,807,14526,Monthly,Credit Card,5,4.6,No
2149,Ira Sahota,Female,47,Mumbai,2025-01-14,2,Basic,666,1332,Two Year,Wallet,4,1.2,No
2150,Shravya Sawhney,Male,28,Bangalore,2023-02-28,52,Standard,1169,60788,Yearly,Debit Card,2,2.8,No
2151,Simon Sathe,Female,60,Jaipur,2024-06-11,4,Premium,1319,5276,Monthly,Net Banking,13,4.7,Yes
2152,Dev Datta,Female,38,Hyderabad,2023-08-09,47,Standard,752,35344,Two Year,Net Banking,15,3.6,Yes
2153,Chaitaly Memon,Male,42,Pune,2024-04-26,7,Standard,1126,7882,Yearly,Wallet,5,4.7,No
2154,Charita Mammen,Female,50,Mumbai,2023-09-18,15,Standard,1171,17565,Monthly,Credit Card,15,3.5,No
2155,Chameli Sarma,Female,63,Hyderabad,2021-11-08,10,Basic,320,3200,Two Year,Wallet,10,2.5,Yes
2156,Harish Bhasin,Female,54,Mumbai,2023-02-14,47,Standard,1184,55648,Monthly,Credit Card,7,3.5,Yes
2157,Panini Barad,Male,33,Pune,2022-08-02,7,Basic,344,2408,Two Year,Wallet,3,3.1,Yes
2158,Farhan Chopra,Male,49,Hyderabad,2022-10-21,27,Premium,2457,66339,Monthly,UPI,2,2.8,Yes
2159,Arunima Mahajan,Female,62,Pune,2025-12-05,52,Standard,815,42380,Yearly,Credit Card,11,1.4,Yes
2160,Yochana Om,Male,49,Kolkata,2023-06-01,39,Basic,691,26949,Monthly,Debit Card,3,1.7,No
2161,Diya Dar,Female,27,Bangalore,2026-03-11,16,Basic,532,8512,Monthly,UPI,0,2.4,No
2162,Sai Bhakta,Female,30,Chennai,2021-09-16,25,Basic,647,16175,Monthly,UPI,8,3.4,No
2163,Sai Sarkar,Female,19,Hyderabad,2023-11-26,45,Standard,800,36000,Monthly,Wallet,9,2.2,Yes
2164,Ansh Madan,Female,19,Bangalore,2024-12-08,54,Standard,960,51840,Yearly,UPI,10,1.0,No
2165,Meghana Bobal,Female,30,Ahmedabad,2024-03-09,56,Basic,649,36344,Monthly,Net Banking,11,1.3,Yes
2166,Henry Bansal,Male,28,Lucknow,2026-04-11,17,Standard,1162,19754,Monthly,Debit Card,13,3.5,No
2167,Manan Virk,Male,28,Pune,2026-04-27,27,Basic,394,10638,Monthly,Wallet,15,2.9,Yes
2168,Yuvraj Zachariah,Male,56,Bangalore,2022-07-12,10,Basic,341,3410,Two Year,UPI,11,3.2,Yes
2169,Vansha Maharaj,Male,22,Pune,2023-12-06,42,Basic,671,28182,Two Year,Net Banking,4,3.4,No
2170,Zilmil Gill,Male,47,Bangalore,2024-03-07,14,Basic,602,8428,Monthly,Net Banking,12,1.9,Yes
2171,Veda Rajan,Female,22,Pune,2023-01-30,12,Premium,1807,21684,Yearly,Debit Card,5,1.2,No
2172,William Boase,Male,64,Mumbai,2025-02-03,40,Standard,1030,41200,Yearly,Credit Card,10,1.4,Yes
2173,Tanvi Anne,Male,63,Bangalore,2025-09-29,42,Standard,1135,47670,Monthly,UPI,8,3.3,Yes
2174,Jack Dey,Male,22,Pune,2023-06-26,53,Standard,790,41870,Two Year,Debit Card,3,4.8,No
2175,Chasmum Bhalla,Female,52,Kolkata,2023-09-26,33,Standard,1152,38016,Monthly,Wallet,11,3.2,Yes
2176,Anya Cheema,Male,51,Pune,2024-06-17,32,Premium,1810,57920,Two Year,Debit Card,3,4.1,No
2177,Ojasvi Tripathi,Male,20,Kolkata,2022-01-08,36,Standard,899,32364,Monthly,Credit Card,9,4.0,Yes
2178,Vidhi Vaidya,Female,51,Pune,2023-07-04,37,Premium,2219,82103,Monthly,Net Banking,15,2.0,Yes
2179,Leena Devan,Male,56,Kolkata,2025-05-23,41,Standard,1184,48544,Two Year,Credit Card,9,4.1,No
2180,Waida Bhatti,Female,27,Bangalore,2021-08-30,14,Basic,392,5488,Monthly,UPI,4,3.9,No
2181,Anirudh Sur,Female,52,Chennai,2023-07-26,13,Basic,456,5928,Yearly,UPI,1,2.1,No
2182,Charvi Raghavan,Female,27,Kolkata,2022-10-30,19,Standard,1180,22420,Yearly,Wallet,3,1.4,Yes
2183,Zilmil Sachdeva,Male,25,Jaipur,2021-09-24,40,Standard,1013,40520,Monthly,UPI,3,3.6,Yes
2184,Yutika Dani,Male,63,Delhi,2021-07-14,4,Basic,521,2084,Monthly,UPI,0,4.0,Yes
2185,Vasudha Handa,Female,30,Mumbai,2026-02-05,1,Basic,400,400,Yearly,UPI,10,1.8,Yes
2186,Henry Garde,Male,53,Delhi,2024-10-23,21,Standard,867,18207,Two Year,Debit Card,8,2.0,No
2187,Anthony Doshi,Male,21,Ahmedabad,2026-03-22,36,Standard,1173,42228,Monthly,Net Banking,5,3.6,No
2188,Harinakshi Dara,Male,29,Jaipur,2022-06-17,35,Standard,783,27405,Two Year,Credit Card,13,4.7,No
2189,Arin Raghavan,Female,44,Mumbai,2025-10-08,57,Premium,2448,139536,Two Year,Wallet,6,1.9,No
2190,Chaitanya Yadav,Female,24,Chennai,2022-05-11,22,Standard,1152,25344,Yearly,Net Banking,12,1.7,No
2191,Luke Bhatt,Male,30,Chennai,2023-07-01,36,Basic,697,25092,Monthly,Wallet,2,1.8,Yes
2192,Udarsh Jayaraman,Male,47,Lucknow,2025-12-27,10,Basic,576,5760,Two Year,UPI,7,2.4,No
2193,Faris Oza,Female,49,Kolkata,2022-09-14,34,Standard,1062,36108,Two Year,UPI,0,2.6,No
2194,Advay Raman,Male,18,Jaipur,2025-01-16,42,Basic,686,28812,Yearly,Wallet,11,4.3,No
2195,Odika Wali,Female,56,Ahmedabad,2024-09-28,7,Premium,1745,12215,Monthly,Net Banking,2,3.5,Yes
2196,Maanav Upadhyay,Female,55,Jaipur,2022-08-14,8,Standard,957,7656,Yearly,Credit Card,11,4.9,No
2197,Zarna Konda,Male,63,Bangalore,2023-09-21,35,Standard,879,30765,Yearly,Net Banking,5,3.9,No
2198,Jagdish Pingle,Female,54,Mumbai,2022-04-20,25,Basic,504,12600,Yearly,Credit Card,5,3.4,No
2199,Meghana Narain,Male,56,Hyderabad,2023-07-07,21,Standard,857,17997,Yearly,Net Banking,5,2.4,No
2200,Eiravati Aurora,Male,46,Hyderabad,2024-09-10,41,Standard,1091,44731,Monthly,Net Banking,9,4.5,Yes
2201,Sanaya Venkatesh,Female,54,Lucknow,2023-04-23,10,Standard,910,9100,Monthly,Net Banking,9,1.3,No
2202,Chatura Sandal,Female,34,Jaipur,2026-01-10,32,Basic,301,9632,Yearly,Debit Card,14,2.2,Yes
2203,Atharv Yadav,Male,56,Jaipur,2023-06-22,44,Standard,992,43648,Monthly,Debit Card,8,1.3,Yes
2204,Zinal Kumer,Female,31,Kolkata,2023-06-06,8,Standard,824,6592,Monthly,Wallet,14,3.1,Yes
2205,Dominic Sharma,Male,34,Hyderabad,2022-11-07,35,Premium,1418,49630,Two Year,Debit Card,9,4.1,No
2206,Nilima Srinivas,Female,28,Mumbai,2021-06-30,1,Standard,785,785,Yearly,UPI,12,4.5,No
2207,Nitara Kapur,Male,19,Jaipur,2024-07-09,11,Basic,534,5874,Monthly,Credit Card,12,2.2,Yes
2208,Vedant Savant,Male,53,Jaipur,2023-12-27,18,Standard,829,14922,Monthly,Wallet,3,4.1,No
2209,Lakshit Raval,Male,57,Lucknow,2025-01-24,36,Basic,640,23040,Two Year,Net Banking,10,2.9,Yes
2210,Nachiket Nair,Male,18,Bangalore,2024-06-24,17,Premium,1417,24089,Yearly,Net Banking,13,4.9,No
2211,Logan Solanki,Female,64,Kolkata,2024-07-10,51,Basic,306,15606,Monthly,Net Banking,6,1.2,No
2212,Ekaraj Rattan,Male,40,Kolkata,2024-07-24,7,Standard,1145,8015,Yearly,Debit Card,11,3.6,No
2213,Patrick Sarna,Female,45,Ahmedabad,2026-03-13,7,Standard,1092,7644,Yearly,Wallet,14,4.9,Yes
2214,Bimala Karnik,Female,28,Kolkata,2022-08-21,4,Standard,945,3780,Two Year,UPI,0,3.6,No
2215,Krishna Merchant,Male,21,Chennai,2023-05-23,2,Basic,684,1368,Monthly,Debit Card,11,4.6,No
2216,Jasmit Palan,Female,60,Pune,2022-05-12,59,Basic,429,25311,Monthly,Net Banking,1,2.6,Yes
2217,Janya Sama,Male,42,Bangalore,2022-10-26,36,Premium,2020,72720,Two Year,Credit Card,11,1.7,No
2218,Liam Sehgal,Male,38,Kolkata,2025-02-19,8,Basic,476,3808,Yearly,Credit Card,13,4.5,Yes
2219,Mekhala Kannan,Male,58,Hyderabad,2023-09-30,12,Premium,1570,18840,Monthly,Net Banking,0,2.3,No
2220,Reva Mishra,Female,61,Pune,2022-12-07,51,Basic,555,28305,Monthly,Debit Card,12,2.2,Yes
2221,Mason Gara,Male,52,Chennai,2026-01-23,39,Basic,523,20397,Monthly,Debit Card,3,4.4,No
2222,Brinda Srinivas,Female,31,Mumbai,2023-07-04,1,Standard,741,741,Two Year,Credit Card,9,2.3,Yes
2223,Amrita Solanki,Male,23,Mumbai,2026-04-15,45,Premium,2420,108900,Monthly,Net Banking,7,2.6,Yes
2224,Turvi Iyer,Female,35,Jaipur,2026-06-17,16,Premium,1493,23888,Yearly,Wallet,14,3.0,Yes
2225,Janya Jani,Male,29,Lucknow,2023-09-16,47,Basic,477,22419,Yearly,Debit Card,10,3.2,Yes
2226,Mugdha Manne,Male,50,Pune,2021-11-04,11,Standard,877,9647,Monthly,Net Banking,10,1.4,Yes
2227,Amruta Chhabra,Male,41,Hyderabad,2022-07-10,24,Standard,929,22296,Monthly,Wallet,10,4.7,Yes
2228,Gavin Dash,Female,58,Chennai,2022-08-09,6,Basic,532,3192,Monthly,Debit Card,15,1.9,Yes
2229,Sai Naik,Female,25,Pune,2022-01-23,50,Basic,524,26200,Two Year,Wallet,9,1.4,Yes
2230,Unnati Sani,Male,20,Pune,2023-01-30,20,Standard,992,19840,Monthly,Credit Card,8,2.2,Yes
2231,Lila Loyal,Female,23,Mumbai,2025-03-19,32,Standard,715,22880,Monthly,Credit Card,3,3.1,No
2232,Chanchal Buch,Male,50,Ahmedabad,2022-10-01,16,Premium,2267,36272,Two Year,Wallet,5,2.7,Yes
2233,Neha Setty,Female,30,Delhi,2025-01-17,35,Premium,2340,81900,Monthly,Debit Card,5,2.9,No
2234,Rachit Deo,Male,46,Hyderabad,2023-09-09,53,Standard,794,42082,Monthly,Net Banking,2,2.3,No
2235,Turvi Narula,Male,24,Jaipur,2022-01-25,21,Premium,1635,34335,Two Year,Wallet,7,2.9,No
2236,Robert Jaggi,Female,49,Mumbai,2025-04-19,56,Basic,517,28952,Yearly,Net Banking,6,2.2,No
2237,Harshil Kadakia,Male,37,Chennai,2025-06-25,29,Standard,1177,34133,Monthly,Credit Card,12,3.4,No
2238,Vihaan Kibe,Female,34,Pune,2025-05-27,53,Basic,600,31800,Yearly,UPI,8,4.6,No
2239,Rishi Vaidya,Female,48,Chennai,2024-03-20,40,Standard,999,39960,Yearly,Wallet,1,1.4,Yes
2240,Zashil Singh,Male,52,Lucknow,2023-02-25,2,Standard,819,1638,Two Year,Net Banking,10,1.7,Yes
2241,Girindra Zachariah,Female,57,Lucknow,2023-01-21,43,Standard,1163,50009,Monthly,Net Banking,9,2.6,Yes
2242,Yadavi Viswanathan,Female,39,Lucknow,2021-07-03,38,Basic,387,14706,Yearly,Debit Card,11,4.3,Yes
2243,Farhan Ravel,Male,29,Bangalore,2023-06-16,49,Standard,1184,58016,Yearly,UPI,3,4.4,No
2244,Jhalak Saha,Female,51,Jaipur,2022-11-09,29,Standard,936,27144,Yearly,Credit Card,2,4.3,No
2245,Ayaan Khatri,Female,55,Jaipur,2021-10-18,41,Standard,1140,46740,Monthly,Debit Card,2,2.8,No
2246,Anjali Ahluwalia,Male,45,Ahmedabad,2025-04-25,59,Premium,1873,110507,Two Year,Credit Card,8,4.2,No
2247,Charita Ben,Male,31,Jaipur,2021-08-23,34,Premium,2271,77214,Monthly,Wallet,5,3.9,Yes
2248,Reva Sundaram,Female,52,Mumbai,2025-11-17,22,Standard,1134,24948,Yearly,Debit Card,2,3.3,No
2249,Ekaraj Lal,Male,24,Ahmedabad,2025-08-10,59,Basic,305,17995,Two Year,Net Banking,0,4.0,No
2250,Nikita Lala,Male,32,Pune,2026-03-10,37,Basic,461,17057,Monthly,UPI,13,4.7,Yes
2251,Ekantika Khatri,Female,65,Delhi,2022-12-06,41,Premium,1841,75481,Yearly,Debit Card,0,4.0,No
2252,Eta Bose,Male,55,Mumbai,2023-10-11,13,Basic,502,6526,Monthly,UPI,3,1.5,No
2253,Noah Issac,Female,40,Mumbai,2021-09-15,16,Premium,2290,36640,Monthly,Credit Card,15,2.2,Yes
2254,Pallavi Walia,Male,50,Mumbai,2023-04-07,47,Standard,993,46671,Monthly,UPI,10,4.3,No
2255,Ekani Tripathi,Male,39,Jaipur,2024-02-06,19,Basic,369,7011,Monthly,Net Banking,14,1.8,No
2256,Nirja Chacko,Female,50,Lucknow,2026-04-23,14,Basic,505,7070,Monthly,Net Banking,14,1.3,Yes
2257,Mitesh Sachdev,Female,52,Pune,2021-11-02,37,Basic,480,17760,Monthly,Net Banking,1,3.8,No
2258,Meghana Jaggi,Female,42,Kolkata,2026-04-25,6,Basic,449,2694,Monthly,Credit Card,7,1.3,Yes
2259,Chaman Dhar,Female,33,Kolkata,2023-03-20,38,Standard,795,30210,Monthly,Wallet,3,1.4,Yes
2260,Parth Nigam,Male,47,Delhi,2025-10-22,3,Standard,1129,3387,Yearly,Credit Card,7,2.9,Yes
2261,Falguni Subramanian,Male,36,Bangalore,2026-03-13,35,Standard,1092,38220,Yearly,Wallet,13,1.0,No
2262,Kala Warrior,Male,57,Ahmedabad,2023-04-30,6,Basic,430,2580,Monthly,Debit Card,13,1.3,Yes
2263,Idika Sankar,Female,20,Pune,2022-05-25,41,Premium,1885,77285,Yearly,UPI,9,2.6,No
2264,Gautami Dube,Male,18,Hyderabad,2021-09-07,3,Basic,586,1758,Yearly,Credit Card,4,3.0,No
2265,Omya Talwar,Female,61,Hyderabad,2025-05-28,32,Standard,916,29312,Monthly,Net Banking,3,2.1,No
2266,Eesha Nagar,Male,54,Kolkata,2021-09-26,8,Standard,996,7968,Monthly,Wallet,10,4.2,Yes
2267,Meghana Bhalla,Male,50,Jaipur,2025-01-18,52,Basic,553,28756,Monthly,Debit Card,0,3.3,No
2268,Zaitra Sane,Female,25,Chennai,2024-11-27,40,Standard,1091,43640,Monthly,Debit Card,10,4.0,No
2269,Widisha Barad,Female,30,Delhi,2024-09-06,35,Standard,932,32620,Monthly,Net Banking,15,1.5,Yes
2270,Dipta Kar,Female,64,Delhi,2022-01-02,52,Standard,986,51272,Two Year,Credit Card,3,4.0,No
2271,Kabir Chaudhry,Male,53,Ahmedabad,2023-04-21,20,Premium,2409,48180,Yearly,Net Banking,2,3.0,No
2272,Frederick Sani,Female,48,Ahmedabad,2026-04-11,42,Standard,1192,50064,Yearly,UPI,7,1.9,No
2273,Logan Boase,Male,40,Chennai,2024-09-16,54,Basic,419,22626,Yearly,Wallet,0,3.5,No
2274,Janaki Sem,Female,26,Pune,2023-06-06,53,Standard,914,48442,Two Year,Debit Card,5,3.2,No
2275,Lila Sachdeva,Male,32,Mumbai,2021-12-13,51,Basic,320,16320,Two Year,Wallet,2,3.6,No
2276,Hemang Jaggi,Female,22,Delhi,2022-10-25,3,Standard,882,2646,Monthly,UPI,4,1.0,Yes
2277,Kamya Bhatti,Male,28,Hyderabad,2022-07-26,46,Standard,1053,48438,Yearly,Debit Card,8,1.4,No
2278,Dev Dhawan,Female,24,Bangalore,2023-03-26,50,Basic,582,29100,Yearly,Credit Card,1,3.5,No
2279,Atharv Gole,Female,34,Lucknow,2023-01-10,49,Basic,538,26362,Monthly,Net Banking,15,1.6,Yes
2280,Shivani Lalla,Male,29,Hyderabad,2022-12-28,14,Basic,491,6874,Monthly,UPI,15,4.4,Yes
2281,Warjas Choudhury,Male,20,Chennai,2023-06-18,17,Premium,1638,27846,Monthly,Debit Card,3,1.4,Yes
2282,Yadavi Kalita,Male,27,Jaipur,2022-01-09,25,Standard,750,18750,Yearly,Net Banking,6,1.2,No
2283,Yachana Jain,Male,56,Pune,2023-05-16,29,Standard,786,22794,Monthly,Credit Card,4,4.1,No
2284,Chavvi Khanna,Male,44,Jaipur,2026-04-09,26,Premium,2048,53248,Yearly,Wallet,2,3.3,No
2285,Praneel Mittal,Male,49,Chennai,2024-06-10,2,Basic,538,1076,Monthly,Credit Card,10,1.1,Yes
2286,Christopher Mangat,Male,57,Ahmedabad,2022-06-28,22,Premium,2353,51766,Two Year,UPI,0,4.2,No
2287,Kala Mander,Male,31,Jaipur,2022-05-12,13,Standard,717,9321,Yearly,Net Banking,5,1.6,No
2288,Balvan Gill,Female,27,Bangalore,2025-11-15,37,Basic,560,20720,Monthly,UPI,2,3.6,No
2289,Kalpit Tara,Male,49,Mumbai,2024-12-09,2,Premium,1719,3438,Monthly,Wallet,8,4.0,No
2290,Leena Mohan,Female,33,Kolkata,2021-12-15,11,Standard,1193,13123,Monthly,UPI,0,2.8,Yes
2291,Rachana Yohannan,Male,23,Kolkata,2026-01-13,10,Premium,1817,18170,Monthly,UPI,4,1.7,Yes
2292,Madhav Chahal,Male,64,Delhi,2026-01-08,10,Basic,409,4090,Two Year,Wallet,8,4.0,No
2293,Anya Pingle,Female,57,Delhi,2022-05-12,18,Basic,528,9504,Yearly,Credit Card,15,4.5,Yes
2294,Ira Morar,Male,48,Kolkata,2025-08-01,44,Basic,628,27632,Yearly,UPI,10,1.4,Yes
2295,Avni Bhatnagar,Male,35,Pune,2024-04-19,42,Standard,1118,46956,Monthly,Debit Card,0,4.9,Yes
2296,Harrison Pillai,Male,38,Jaipur,2023-12-28,38,Standard,757,28766,Monthly,Wallet,4,1.4,Yes
2297,Nathan Kota,Female,64,Lucknow,2024-06-06,60,Premium,1549,92940,Two Year,Wallet,12,5.0,Yes
2298,Qabil Mody,Female,42,Delhi,2022-11-13,57,Standard,945,53865,Yearly,UPI,13,1.5,Yes
2299,Jacob Ganguly,Male,46,Jaipur,2022-08-31,33,Standard,859,28347,Monthly,UPI,0,3.0,Yes
2300,Ubika Bhargava,Female,20,Delhi,2025-07-16,37,Basic,316,11692,Monthly,Net Banking,4,1.3,Yes
2301,Priya Kumar,Male,30,Pune,2022-07-17,37,Standard,1091,40367,Yearly,Credit Card,6,2.6,No
2302,Hamsini Chaudhuri,Male,50,Bangalore,2023-07-12,18,Standard,961,17298,Monthly,UPI,14,4.8,No
2303,Oeshi Tank,Male,63,Delhi,2026-03-29,15,Standard,970,14550,Monthly,Credit Card,8,2.7,Yes
2304,Omaja Balakrishnan,Male,18,Pune,2023-04-17,5,Premium,1608,8040,Yearly,Debit Card,15,3.7,Yes
2305,Ikbal Raja,Female,33,Hyderabad,2023-04-13,1,Premium,1646,1646,Monthly,Net Banking,0,1.1,No
2306,Lila Arya,Male,25,Hyderabad,2023-10-11,30,Basic,356,10680,Yearly,UPI,0,3.1,No
2307,Kritika Kalita,Male,33,Bangalore,2021-07-11,26,Standard,711,18486,Yearly,Net Banking,2,2.5,Yes
2308,Zilmil Loke,Male,42,Delhi,2025-09-09,13,Premium,2391,31083,Yearly,Wallet,14,4.0,No
2309,Ridhi Rajagopal,Female,48,Hyderabad,2023-02-25,51,Standard,853,43503,Yearly,Net Banking,2,4.8,No
2310,Darsh Loyal,Male,45,Mumbai,2023-03-02,16,Basic,311,4976,Two Year,UPI,8,3.7,No
2311,Idika Srinivasan,Male,38,Mumbai,2026-03-04,47,Premium,2112,99264,Monthly,Wallet,3,3.1,No
2312,Odika Sethi,Female,27,Delhi,2025-09-03,36,Standard,1055,37980,Monthly,Credit Card,4,4.0,No
2313,Christopher Koshy,Male,35,Kolkata,2021-07-30,41,Basic,640,26240,Monthly,Net Banking,11,1.8,Yes
2314,Anmol Raju,Female,43,Kolkata,2023-12-12,2,Standard,892,1784,Two Year,Net Banking,8,2.1,No
2315,Darika Prakash,Male,26,Jaipur,2024-06-05,10,Standard,748,7480,Monthly,UPI,4,2.1,No
2316,Mahika Das,Female,18,Bangalore,2024-12-07,45,Standard,1171,52695,Monthly,Net Banking,7,3.1,Yes
2317,Adweta Dutta,Female,26,Ahmedabad,2022-06-08,10,Basic,477,4770,Yearly,Credit Card,2,3.0,No
2318,Meera Ganguly,Male,40,Ahmedabad,2022-04-13,51,Premium,1594,81294,Monthly,UPI,5,4.8,No
2319,Geetika Dubey,Female,24,Jaipur,2024-04-10,1,Basic,381,381,Yearly,UPI,4,3.2,No
2320,Kala Bhatnagar,Male,36,Kolkata,2023-10-04,44,Standard,735,32340,Yearly,UPI,10,2.4,Yes
2321,Gautami Som,Female,44,Delhi,2021-09-19,57,Basic,537,30609,Yearly,UPI,7,1.2,No
2322,Pranav Dua,Male,64,Bangalore,2025-07-16,6,Basic,424,2544,Yearly,Credit Card,14,1.3,No
2323,Hemani Sibal,Male,26,Delhi,2024-05-06,58,Basic,676,39208,Two Year,Debit Card,13,1.3,No
2324,Charan Salvi,Female,32,Hyderabad,2022-12-07,35,Standard,705,24675,Monthly,Debit Card,13,2.7,Yes
2325,Varsha Sen,Female,44,Chennai,2023-01-25,25,Standard,1196,29900,Two Year,Debit Card,5,4.6,No
2326,Yashawini Gara,Male,41,Ahmedabad,2021-10-25,25,Premium,1251,31275,Monthly,Credit Card,2,2.3,No
2327,Warhi Bains,Female,23,Ahmedabad,2023-02-11,47,Basic,376,17672,Monthly,Net Banking,11,3.2,No
2328,Odika Mahal,Male,43,Ahmedabad,2025-11-18,35,Basic,462,16170,Yearly,UPI,4,4.3,No
2329,Varenya Pandit,Female,27,Bangalore,2022-03-28,33,Basic,514,16962,Yearly,Debit Card,12,4.7,No
2330,Tarak Basu,Female,50,Hyderabad,2025-07-22,5,Premium,2472,12360,Two Year,Wallet,13,4.4,Yes
2331,Logan Mahal,Male,41,Delhi,2023-10-21,19,Standard,1124,21356,Monthly,UPI,5,3.3,No
2332,Vedika Bhatnagar,Female,37,Bangalore,2025-08-16,27,Premium,1422,38394,Two Year,Credit Card,9,3.0,Yes
2333,Ekani Baral,Female,65,Kolkata,2022-11-21,16,Basic,439,7024,Two Year,Wallet,9,1.2,No
2334,Ekansh Kala,Female,28,Pune,2023-12-06,10,Premium,1508,15080,Monthly,Debit Card,13,4.4,No
2335,Indira Rastogi,Male,25,Mumbai,2026-02-16,37,Standard,708,26196,Two Year,Wallet,8,4.2,No
2336,Hemani Raj,Male,60,Kolkata,2021-07-27,32,Standard,979,31328,Yearly,Credit Card,4,2.9,No
2337,Baghyawati Nigam,Male,64,Mumbai,2025-02-12,20,Basic,646,12920,Yearly,Wallet,9,3.0,No
2338,Ijaya Vyas,Male,40,Mumbai,2024-12-01,34,Basic,514,17476,Yearly,UPI,12,2.6,Yes
2339,Warjas Datta,Female,23,Bangalore,2024-05-20,3,Basic,382,1146,Two Year,Credit Card,11,2.2,Yes
2340,Wyatt Swaminathan,Female,18,Chennai,2022-03-30,56,Basic,662,37072,Monthly,Net Banking,9,3.4,Yes
2341,Brijesh Dar,Male,30,Bangalore,2024-04-05,10,Basic,673,6730,Yearly,UPI,12,1.2,No
2342,Brijesh Bal,Female,20,Delhi,2025-11-18,45,Basic,604,27180,Monthly,Credit Card,1,1.3,Yes
2343,Anvi Batta,Female,65,Mumbai,2022-04-11,20,Premium,2172,43440,Two Year,Wallet,7,1.4,Yes
2344,Alexander Madan,Male,58,Kolkata,2023-02-23,53,Standard,1033,54749,Yearly,Credit Card,1,4.1,No
2345,Aashi Sama,Female,24,Lucknow,2021-09-04,49,Premium,1926,94374,Yearly,Debit Card,1,3.9,No
2346,Chaman Zacharia,Male,58,Mumbai,2021-07-08,55,Premium,2155,118525,Two Year,UPI,10,4.5,No
2347,Yash Garg,Male,48,Bangalore,2021-10-30,14,Premium,1897,26558,Monthly,Wallet,5,3.8,No
2348,Andrew Karpe,Female,56,Delhi,2021-09-19,34,Standard,1128,38352,Monthly,Credit Card,0,2.9,Yes
2349,Ayush Sampath,Male,57,Ahmedabad,2023-08-12,30,Basic,512,15360,Monthly,Credit Card,0,3.2,No
2350,Triveni Borde,Female,25,Jaipur,2023-09-26,9,Premium,2420,21780,Two Year,Credit Card,12,2.0,Yes
2351,Chandran Mohan,Male,18,Bangalore,2023-08-16,32,Basic,416,13312,Monthly,Debit Card,13,3.2,No
2352,Rehaan Venkataraman,Female,50,Delhi,2022-05-04,36,Basic,670,24120,Yearly,UPI,11,4.1,No
2353,Manya Halder,Male,31,Kolkata,2025-04-14,11,Standard,1042,11462,Two Year,Credit Card,6,4.2,No
2354,Leena Lall,Female,56,Kolkata,2023-08-04,11,Premium,1448,15928,Monthly,Wallet,1,4.2,No
2355,Harrison Kohli,Female,61,Pune,2022-12-16,23,Premium,1731,39813,Monthly,UPI,15,1.1,Yes
2356,Darika Mani,Male,23,Pune,2021-09-03,28,Standard,760,21280,Monthly,UPI,11,3.8,Yes
2357,Jack Ramachandran,Male,48,Delhi,2021-09-23,48,Basic,508,24384,Two Year,Credit Card,4,2.6,No
2358,Nirja Mall,Male,36,Chennai,2024-04-20,13,Basic,632,8216,Yearly,UPI,8,4.6,No
2359,Baljiwan Randhawa,Female,50,Mumbai,2024-12-21,40,Standard,813,32520,Yearly,Credit Card,9,3.2,No
2360,Ridhi Mall,Female,32,Delhi,2023-01-19,2,Basic,354,708,Yearly,Credit Card,2,4.3,Yes
2361,Ucchal Guha,Female,62,Hyderabad,2022-03-06,7,Basic,336,2352,Monthly,Net Banking,11,4.1,Yes
2362,Idika Rao,Male,23,Delhi,2021-09-17,46,Standard,818,37628,Yearly,Debit Card,10,1.9,Yes
2363,Benjamin Balay,Male,49,Jaipur,2026-05-12,2,Premium,1765,3530,Two Year,Wallet,13,2.0,Yes
2364,Jatin Sen,Female,38,Mumbai,2024-09-20,51,Standard,1191,60741,Monthly,Credit Card,15,2.0,Yes
2365,Chaman Sodhi,Male,26,Chennai,2022-08-02,35,Standard,1163,40705,Monthly,Wallet,15,2.3,Yes
2366,Anya Goyal,Male,42,Delhi,2025-05-06,24,Standard,954,22896,Yearly,Wallet,10,2.4,Yes
2367,Vasudha Muni,Female,45,Pune,2025-03-22,30,Basic,675,20250,Monthly,Debit Card,4,2.2,Yes
2368,Yashoda Mandal,Male,19,Ahmedabad,2023-12-25,28,Standard,939,26292,Monthly,Credit Card,11,1.3,Yes
2369,Ekansh Bali,Female,52,Chennai,2022-08-30,4,Premium,2149,8596,Monthly,Net Banking,12,4.2,Yes
2370,Ekavir Mallick,Male,51,Delhi,2025-04-27,43,Standard,810,34830,Monthly,Credit Card,10,2.2,Yes
2371,Ojasvi Patil,Female,63,Ahmedabad,2023-11-05,57,Standard,1120,63840,Monthly,Credit Card,9,3.0,No
2372,Indali Ghose,Female,61,Jaipur,2024-07-23,25,Basic,588,14700,Monthly,Net Banking,8,4.1,No
2373,Anya Kale,Female,44,Kolkata,2023-07-21,10,Premium,1580,15800,Yearly,Debit Card,9,5.0,No
2374,Pranit Choudhry,Male,63,Chennai,2026-01-31,9,Basic,634,5706,Two Year,Debit Card,6,1.6,Yes
2375,Chanakya Brar,Male,40,Lucknow,2021-07-13,14,Standard,1195,16730,Two Year,Credit Card,15,2.7,No
2376,Isaac Nadkarni,Female,60,Delhi,2024-08-27,14,Premium,2083,29162,Yearly,Debit Card,15,3.4,No
2377,Aahana Patla,Female,41,Chennai,2026-02-08,34,Premium,2271,77214,Two Year,Debit Card,7,1.7,No
2378,Kala Aggarwal,Female,65,Mumbai,2023-05-20,1,Basic,313,313,Yearly,Debit Card,4,2.9,No
2379,Frederick Sangha,Female,44,Ahmedabad,2024-12-20,39,Premium,2078,81042,Two Year,UPI,0,2.3,No
2380,Anvi Randhawa,Female,34,Bangalore,2024-03-06,48,Standard,1004,48192,Two Year,Net Banking,15,3.8,No
2381,Chandran Thakur,Female,27,Bangalore,2026-01-27,55,Basic,660,36300,Two Year,Net Banking,7,4.3,No
2382,Januja Sanghvi,Male,29,Bangalore,2022-04-05,14,Premium,1466,20524,Monthly,Net Banking,6,1.7,No
2383,Samarth Hayre,Female,45,Lucknow,2026-04-11,7,Basic,338,2366,Two Year,UPI,11,3.6,No
2384,Aahana Rao,Female,25,Hyderabad,2021-07-02,32,Basic,384,12288,Monthly,Debit Card,9,1.6,Yes
2385,Simon Hora,Male,45,Lucknow,2022-09-13,54,Standard,995,53730,Yearly,UPI,1,2.5,No
2386,Vrishti Babu,Female,54,Jaipur,2025-10-29,14,Standard,1112,15568,Monthly,UPI,0,4.6,No
2387,Sanaya Narayanan,Male,21,Kolkata,2025-06-08,7,Premium,1745,12215,Monthly,Wallet,12,2.1,Yes
2388,Amara Bora,Male,43,Chennai,2024-07-28,2,Premium,2122,4244,Monthly,Net Banking,0,4.7,No
2389,Rajata Jaggi,Female,55,Chennai,2025-07-01,57,Standard,1154,65778,Monthly,Credit Card,0,4.8,No
2390,Mitali Seshadri,Male,25,Ahmedabad,2024-06-16,12,Standard,934,11208,Monthly,Credit Card,8,2.5,No
2391,Pratyush Mallick,Male,52,Chennai,2022-03-14,37,Basic,527,19499,Monthly,Wallet,7,4.7,No
2392,Aadhya Borah,Female,57,Lucknow,2026-05-03,3,Standard,1087,3261,Two Year,Wallet,8,1.2,Yes
2393,Raagini Apte,Male,49,Bangalore,2023-11-03,21,Basic,609,12789,Monthly,Wallet,7,1.5,Yes
2394,Vincent Korpal,Male,37,Lucknow,2026-02-04,56,Basic,593,33208,Monthly,Net Banking,12,1.9,Yes
2395,Netra Ramachandran,Female,28,Ahmedabad,2026-03-11,4,Basic,520,2080,Yearly,Credit Card,14,2.6,No
2396,Janya Desai,Female,19,Ahmedabad,2022-08-20,36,Standard,882,31752,Two Year,UPI,15,2.1,Yes
2397,Utkarsh Thaker,Female,41,Kolkata,2021-08-30,33,Premium,2090,68970,Monthly,UPI,0,2.7,Yes
2398,Qabil Shenoy,Male,56,Delhi,2024-07-15,11,Basic,305,3355,Yearly,Credit Card,3,3.3,Yes
2399,Arunima Dugar,Male,57,Delhi,2022-07-20,12,Standard,1162,13944,Monthly,Debit Card,9,4.5,No
2400,Harita Peri,Male,40,Chennai,2021-12-11,17,Standard,1167,19839,Monthly,Credit Card,7,1.7,No
2401,Ekiya Sen,Female,59,Pune,2026-05-28,14,Basic,385,5390,Monthly,Debit Card,2,1.2,Yes
2402,Wridesh Salvi,Female,39,Delhi,2023-10-16,55,Premium,1432,78760,Yearly,Credit Card,7,5.0,No
2403,Ishanvi Vohra,Male,57,Chennai,2024-09-23,55,Standard,958,52690,Two Year,Credit Card,9,3.8,No
2404,Anvi Virk,Female,26,Delhi,2025-02-03,13,Premium,1803,23439,Two Year,Wallet,12,4.7,No
2405,Charles Sule,Female,35,Mumbai,2021-10-29,2,Basic,682,1364,Yearly,Credit Card,7,1.5,No
2406,Upadhriti Gopal,Male,21,Mumbai,2026-02-11,57,Standard,927,52839,Yearly,Credit Card,12,2.3,No
2407,Yug Banik,Female,35,Bangalore,2025-12-03,16,Premium,2022,32352,Monthly,UPI,15,2.8,Yes
2408,Omisha Bains,Male,46,Pune,2025-10-12,59,Basic,393,23187,Yearly,Wallet,8,3.6,No
2409,Qadim Chopra,Male,24,Ahmedabad,2024-09-08,51,Basic,367,18717,Monthly,Debit Card,14,1.3,No
2410,Aryan Dixit,Male,60,Jaipur,2025-10-30,15,Standard,765,11475,Two Year,Net Banking,8,2.9,No
2411,Yadavi Basu,Male,19,Delhi,2024-11-06,17,Basic,372,6324,Yearly,Wallet,13,1.5,No
2412,Chanchal Chaudhuri,Male,35,Delhi,2025-04-15,38,Basic,679,25802,Two Year,Credit Card,8,2.3,Yes
2413,Krishna Ahuja,Female,18,Pune,2023-03-24,11,Standard,732,8052,Monthly,UPI,7,4.4,No
2414,Benjamin Bains,Male,51,Ahmedabad,2025-07-12,18,Basic,695,12510,Monthly,Net Banking,3,2.2,Yes
2415,Nidra Shankar,Male,41,Hyderabad,2023-01-07,59,Standard,1026,60534,Monthly,Credit Card,14,3.4,No
2416,Aadi Mall,Female,62,Jaipur,2025-06-30,10,Premium,2227,22270,Yearly,UPI,8,3.5,No
2417,Prisha Lad,Female,49,Kolkata,2023-08-11,38,Basic,303,11514,Monthly,Wallet,15,3.0,Yes
2418,Nikita Vora,Female,57,Delhi,2024-05-08,13,Premium,1680,21840,Yearly,Credit Card,13,2.4,Yes
2419,Kavya Dani,Female,58,Jaipur,2023-02-17,22,Standard,977,21494,Yearly,Debit Card,13,2.1,Yes
2420,Wazir Pingle,Female,62,Kolkata,2026-05-20,48,Standard,798,38304,Two Year,Net Banking,5,4.9,No
2421,Darika Shroff,Male,60,Lucknow,2025-09-05,9,Standard,788,7092,Monthly,Credit Card,8,2.6,Yes
2422,Sai Ray,Male,55,Kolkata,2026-03-22,24,Basic,410,9840,Two Year,Credit Card,10,3.9,Yes
2423,Abha Dasgupta,Male,40,Kolkata,2024-08-06,36,Basic,393,14148,Two Year,Credit Card,0,4.0,No
2424,Rajata Dugar,Female,29,Delhi,2025-05-27,49,Premium,1814,88886,Monthly,UPI,13,1.8,Yes
2425,Zayan Sane,Male,56,Delhi,2022-12-21,55,Premium,1532,84260,Monthly,UPI,8,1.3,Yes
2426,Eshana Das,Female,43,Delhi,2023-03-09,39,Standard,913,35607,Monthly,Debit Card,14,1.2,No
2427,Forum Rout,Female,45,Chennai,2023-01-06,59,Premium,1901,112159,Two Year,Credit Card,1,4.9,No
2428,Gaurangi Borra,Male,21,Mumbai,2024-08-28,5,Standard,845,4225,Yearly,Wallet,0,3.9,No
2429,Vivaan Virk,Female,47,Mumbai,2023-12-04,15,Basic,690,10350,Monthly,UPI,5,1.5,Yes
2430,Champak Sen,Male,47,Ahmedabad,2024-12-09,38,Basic,302,11476,Yearly,UPI,13,4.9,No
2431,Jackson Joshi,Male,48,Kolkata,2023-03-04,21,Basic,504,10584,Monthly,Credit Card,13,4.3,No
2432,Avni Chad,Female,32,Ahmedabad,2025-11-06,26,Basic,662,17212,Yearly,Credit Card,11,1.0,No
2433,Vivaan Cheema,Male,61,Mumbai,2025-07-17,13,Basic,346,4498,Monthly,Credit Card,13,3.6,No
2434,Keya Basak,Male,45,Hyderabad,2022-11-11,56,Premium,2040,114240,Monthly,Credit Card,8,2.1,Yes
2435,Avni Chahal,Male,47,Bangalore,2025-02-15,13,Standard,899,11687,Monthly,Net Banking,9,1.5,No
2436,Radha Gopal,Male,45,Chennai,2025-10-07,31,Standard,898,27838,Yearly,Debit Card,15,4.8,No
2437,Xiti Mangal,Male,48,Pune,2023-06-03,39,Basic,619,24141,Two Year,Debit Card,8,4.5,No
2438,Pratyush Bath,Female,57,Lucknow,2024-11-11,7,Standard,925,6475,Monthly,Wallet,2,4.3,Yes
2439,Wishi Saran,Male,46,Hyderabad,2022-08-04,13,Basic,657,8541,Monthly,Debit Card,5,2.1,Yes
2440,Tripti Soni,Female,39,Chennai,2026-03-02,50,Basic,693,34650,Monthly,Wallet,7,2.1,Yes
2441,Nachiket Koshy,Female,52,Pune,2023-11-29,53,Basic,430,22790,Monthly,Credit Card,0,1.7,No
2442,Chandran Patla,Female,29,Chennai,2021-06-25,25,Premium,1480,37000,Monthly,Wallet,1,2.1,Yes
2443,Tanmayi Bala,Male,56,Pune,2023-11-06,28,Standard,836,23408,Monthly,Credit Card,0,4.9,No
2444,Lekha Chawla,Female,29,Mumbai,2024-03-26,33,Premium,2481,81873,Two Year,Net Banking,15,4.0,No
2445,Aadi Rattan,Male,55,Chennai,2025-10-28,47,Basic,464,21808,Yearly,Net Banking,0,4.3,No
2446,Omaja Dugar,Female,65,Mumbai,2025-08-27,35,Basic,644,22540,Monthly,Debit Card,9,3.0,Yes
2447,Saumya Cheema,Female,21,Kolkata,2021-09-22,15,Standard,1189,17835,Two Year,Net Banking,8,2.1,Yes
2448,Henry Rege,Female,44,Ahmedabad,2024-08-25,6,Standard,931,5586,Two Year,Credit Card,11,4.5,Yes
2449,Chaaya Iyer,Female,62,Mumbai,2022-03-27,44,Premium,1678,73832,Monthly,Wallet,2,2.5,Yes
2450,Jeremiah Arya,Female,62,Bangalore,2022-11-23,24,Premium,2447,58728,Yearly,Wallet,1,1.6,No
2451,Hredhaan Bhasin,Female,59,Jaipur,2024-03-03,54,Basic,697,37638,Yearly,Net Banking,10,1.2,Yes
2452,Nimrat Choudhry,Male,32,Chennai,2025-09-18,2,Basic,420,840,Monthly,Net Banking,13,1.1,No
2453,Eesha Lad,Female,59,Ahmedabad,2023-04-14,18,Premium,2412,43416,Yearly,Credit Card,6,1.1,No
2454,Amol Devan,Male,29,Bangalore,2022-06-05,2,Premium,2164,4328,Yearly,Net Banking,3,3.2,No
2455,Sathvik Dhaliwal,Male,50,Ahmedabad,2021-07-23,27,Premium,2173,58671,Two Year,Wallet,8,4.1,No
2456,Yashodhara Wali,Male,42,Ahmedabad,2025-08-14,42,Standard,868,36456,Monthly,Credit Card,10,3.7,Yes
2457,Vansha Karan,Female,43,Delhi,2022-08-20,37,Standard,855,31635,Yearly,Debit Card,5,3.8,No
2458,Wahab Bajaj,Male,25,Ahmedabad,2025-10-29,52,Premium,1860,96720,Two Year,UPI,9,3.3,No
2459,Nathaniel Mohanty,Female,61,Ahmedabad,2024-11-12,17,Standard,987,16779,Monthly,UPI,2,3.2,No
2460,Warinder Mani,Male,54,Delhi,2023-11-10,27,Basic,395,10665,Two Year,Net Banking,2,2.6,No
2461,Oni Narayanan,Male,49,Mumbai,2024-10-04,13,Premium,2388,31044,Yearly,Wallet,2,3.7,No
2462,Yashasvi Khosla,Male,47,Mumbai,2025-04-15,10,Standard,865,8650,Two Year,Net Banking,6,4.1,No
2463,Yagnesh Singhal,Male,43,Lucknow,2025-04-02,48,Premium,1212,58176,Yearly,Debit Card,9,3.4,No
2464,Amol Oak,Male,61,Chennai,2025-11-28,11,Basic,667,7337,Yearly,Debit Card,7,4.9,No
2465,Meghana Saran,Female,54,Lucknow,2024-11-13,20,Standard,1027,20540,Yearly,Net Banking,0,1.5,No
2466,Charan Kalla,Female,30,Delhi,2023-11-01,29,Basic,494,14326,Yearly,Debit Card,2,3.5,No
2467,Darika Brahmbhatt,Female,60,Chennai,2022-09-06,17,Premium,2286,38862,Monthly,UPI,8,1.9,Yes
2468,Tamanna Khurana,Male,44,Ahmedabad,2022-09-22,45,Basic,655,29475,Yearly,Wallet,2,2.9,Yes
2469,Nilima Sangha,Male,39,Jaipur,2023-01-04,56,Premium,1991,111496,Yearly,Wallet,8,3.7,No
2470,Fitan Mistry,Female,55,Bangalore,2023-07-22,56,Standard,1162,65072,Two Year,Wallet,3,2.5,No
2471,Nidhi Puri,Male,56,Bangalore,2024-06-16,6,Basic,402,2412,Two Year,Net Banking,1,1.5,Yes
2472,Rudra Narain,Male,51,Mumbai,2022-10-01,41,Basic,528,21648,Two Year,Net Banking,6,1.1,No
2473,Ekapad Sampath,Female,37,Jaipur,2025-06-09,11,Standard,970,10670,Monthly,Debit Card,13,3.2,No
2474,Arya Sarin,Male,59,Ahmedabad,2022-05-25,49,Premium,1239,60711,Monthly,Debit Card,10,4.8,No
2475,Nilima Uppal,Female,25,Bangalore,2024-10-20,6,Basic,576,3456,Monthly,Net Banking,3,3.9,No
2476,Nimrat Nath,Male,57,Mumbai,2022-07-19,26,Basic,307,7982,Yearly,Net Banking,4,4.4,No
2477,Gavin Handa,Female,35,Hyderabad,2023-07-28,4,Standard,1111,4444,Monthly,Credit Card,13,1.8,Yes
2478,Daksha Tandon,Female,51,Ahmedabad,2021-09-23,21,Premium,1981,41601,Yearly,UPI,5,3.6,No
2479,Ekaraj Batta,Female,31,Kolkata,2022-04-06,6,Basic,676,4056,Yearly,Wallet,4,2.2,Yes
2480,Wriddhish Nanda,Male,18,Bangalore,2021-08-29,2,Standard,1180,2360,Two Year,Wallet,7,2.8,No
2481,Anika Balay,Female,59,Ahmedabad,2021-09-09,59,Basic,531,31329,Monthly,UPI,1,2.0,Yes
2482,Gaurangi Ratta,Female,20,Pune,2025-06-17,9,Premium,1801,16209,Monthly,Debit Card,10,1.5,No
2483,Laban Hayre,Female,41,Hyderabad,2023-04-03,15,Standard,917,13755,Monthly,UPI,2,3.8,No
2484,Azad Oak,Female,49,Chennai,2025-01-19,16,Premium,1757,28112,Two Year,Wallet,4,1.5,Yes
2485,Wyatt Jani,Male,32,Kolkata,2025-04-24,24,Basic,664,15936,Monthly,UPI,4,5.0,No
2486,Sara Lal,Male,26,Pune,2021-07-05,25,Standard,937,23425,Yearly,Wallet,13,2.1,No
2487,Finn Ramakrishnan,Male,34,Bangalore,2021-07-27,20,Standard,948,18960,Two Year,Wallet,5,1.5,No
2488,Parth Dutta,Female,43,Mumbai,2022-12-03,34,Basic,384,13056,Two Year,Net Banking,4,1.0,No
2489,Nandini Salvi,Male,55,Lucknow,2022-01-23,60,Standard,908,54480,Monthly,Wallet,11,2.5,Yes
2490,Charan Nadkarni,Female,53,Jaipur,2021-10-26,16,Basic,684,10944,Yearly,Net Banking,15,4.5,No
2491,Pratyush Kade,Male,33,Hyderabad,2025-06-17,46,Standard,1012,46552,Monthly,Wallet,13,1.0,Yes
2492,Nimrat Banik,Male,56,Jaipur,2026-03-21,12,Basic,428,5136,Two Year,Credit Card,7,1.4,Yes
2493,Fiyaz Agrawal,Male,22,Hyderabad,2022-03-21,49,Standard,779,38171,Two Year,Debit Card,12,1.0,No
2494,Ria D’Alia,Male,37,Chennai,2024-03-03,4,Standard,1037,4148,Yearly,UPI,12,1.6,Yes
2495,Advay Sahni,Male,51,Lucknow,2023-10-04,56,Basic,588,32928,Monthly,Net Banking,9,1.5,Yes
2496,Abhiram Puri,Female,59,Pune,2022-09-07,21,Basic,625,13125,Two Year,Net Banking,15,1.5,Yes
2497,Anamika Kulkarni,Male,39,Lucknow,2024-08-03,20,Basic,641,12820,Two Year,Credit Card,4,2.2,No
2498,Dipta Sengupta,Female,45,Kolkata,2023-01-02,4,Standard,819,3276,Monthly,Wallet,7,1.1,No
2499,Megha Boase,Male,59,Pune,2023-02-08,52,Basic,433,22516,Yearly,Net Banking,12,1.5,No
2500,Pallavi Jha,Male,46,Lucknow,2025-06-23,35,Basic,302,10570,Monthly,Net Banking,11,2.0,Yes
2501,Ubika Arora,Male,59,Hyderabad,2023-07-08,27,Basic,569,15363,Monthly,UPI,10,4.9,No
2502,Mohini Tripathi,Female,32,Mumbai,2021-11-21,20,Basic,457,9140,Monthly,Credit Card,3,3.8,No
2503,Jason De,Female,49,Ahmedabad,2023-07-03,31,Standard,861,26691,Two Year,Credit Card,3,1.1,No
2504,Ekavir Boase,Female,23,Lucknow,2022-10-05,42,Basic,554,23268,Two Year,Credit Card,11,1.2,No
2505,Rayaan Pant,Female,30,Chennai,2024-11-25,3,Basic,470,1410,Two Year,Net Banking,2,3.4,No
2506,Avi Nagar,Female,35,Ahmedabad,2025-05-25,3,Basic,674,2022,Monthly,Debit Card,9,4.4,Yes
2507,Lohit Varghese,Female,26,Chennai,2023-01-26,36,Standard,1099,39564,Monthly,Debit Card,13,1.1,No
2508,Bhavani Banik,Male,56,Mumbai,2023-10-28,5,Premium,1210,6050,Yearly,Net Banking,15,2.7,Yes
2509,Qasim Thakur,Male,60,Bangalore,2022-01-15,41,Basic,652,26732,Yearly,Wallet,11,1.4,No
2510,Tarak Gaba,Male,56,Mumbai,2023-02-21,38,Basic,437,16606,Monthly,Wallet,6,4.9,No
2511,Krisha Pau,Male,38,Ahmedabad,2025-09-28,51,Basic,300,15300,Monthly,Debit Card,2,3.9,Yes
2512,Faraj Venkatesh,Male,43,Delhi,2023-03-10,18,Standard,1017,18306,Monthly,Net Banking,11,2.0,No
2513,Girindra Jaggi,Male,63,Hyderabad,2024-11-25,53,Standard,725,38425,Monthly,Debit Card,7,4.6,No
2514,Anamika Din,Male,56,Jaipur,2022-05-07,58,Basic,576,33408,Monthly,Credit Card,0,5.0,No
2515,Mahika Dugar,Female,28,Delhi,2024-08-31,12,Basic,576,6912,Monthly,Credit Card,6,3.4,No
2516,Ekani Kibe,Male,60,Ahmedabad,2022-08-24,33,Basic,578,19074,Yearly,Wallet,8,3.5,No
2517,Zilmil Bajwa,Female,36,Kolkata,2024-11-06,35,Basic,500,17500,Monthly,Wallet,10,1.4,Yes
2518,Aachal Shanker,Male,30,Lucknow,2023-10-20,14,Premium,1684,23576,Monthly,Net Banking,13,1.5,Yes
2519,Ati Wali,Female,49,Delhi,2025-12-08,20,Basic,310,6200,Yearly,Wallet,1,4.0,No
2520,Lipika Bhargava,Male,61,Mumbai,2026-05-21,47,Premium,2343,110121,Monthly,Wallet,1,3.4,No
2521,Champak Parekh,Male,23,Chennai,2025-06-01,45,Standard,976,43920,Two Year,Credit Card,9,4.5,No
2522,Omaja Bhalla,Male,39,Bangalore,2025-11-28,52,Basic,351,18252,Monthly,Net Banking,8,3.2,Yes
2523,Abhimanyu Chanda,Female,61,Bangalore,2024-03-04,16,Basic,361,5776,Monthly,Credit Card,12,1.1,Yes
2524,Gopal Rao,Female,41,Hyderabad,2023-04-11,2,Basic,607,1214,Two Year,Debit Card,0,2.9,Yes
2525,Faris Kumer,Male,23,Ahmedabad,2023-09-28,31,Standard,1190,36890,Yearly,UPI,4,4.7,No
2526,Nitara Ganguly,Female,44,Ahmedabad,2022-10-11,19,Basic,337,6403,Two Year,Net Banking,10,3.9,No
2527,Ronith Bhakta,Female,18,Pune,2022-10-07,27,Basic,508,13716,Monthly,Credit Card,10,3.8,Yes
2528,Faris Parmer,Female,49,Jaipur,2024-10-18,1,Basic,496,496,Monthly,Net Banking,9,1.1,No
2529,Eta Koshy,Male,43,Chennai,2023-10-20,1,Basic,498,498,Yearly,UPI,1,2.3,Yes
2530,Parth Mammen,Male,59,Kolkata,2025-02-05,26,Basic,522,13572,Two Year,Debit Card,11,1.2,No
2531,Chakrika Chada,Male,55,Mumbai,2025-08-17,54,Basic,579,31266,Yearly,Credit Card,0,4.4,No
2532,Sanaya Boase,Male,56,Hyderabad,2026-03-21,4,Premium,1685,6740,Yearly,Debit Card,4,2.5,No
2533,Neelima Narasimhan,Female,32,Mumbai,2021-07-02,11,Standard,1092,12012,Two Year,Wallet,11,3.3,Yes
2534,Lajita Deo,Female,40,Ahmedabad,2026-01-12,42,Premium,2003,84126,Monthly,Debit Card,13,1.2,Yes
2535,Yashawini Modi,Female,65,Jaipur,2025-12-21,43,Basic,439,18877,Two Year,Wallet,4,1.2,No
2536,Samar Shah,Male,58,Jaipur,2023-04-29,19,Standard,1173,22287,Monthly,UPI,2,1.5,No
2537,Oscar Chandran,Female,36,Pune,2021-08-02,46,Standard,899,41354,Monthly,Net Banking,11,3.1,No
2538,Shaurya Dugar,Female,57,Ahmedabad,2024-01-12,26,Basic,385,10010,Yearly,UPI,11,1.6,Yes
2539,Zilmil Nadig,Female,26,Hyderabad,2025-12-22,21,Standard,894,18774,Monthly,Wallet,13,1.4,Yes
2540,Chaaya Subramanian,Female,19,Bangalore,2023-11-29,28,Basic,305,8540,Monthly,Credit Card,4,4.0,No
2541,Gaurang Kamdar,Female,30,Delhi,2022-05-12,23,Standard,732,16836,Monthly,UPI,11,1.1,Yes
2542,Upkaar Bail,Male,38,Kolkata,2021-06-24,29,Basic,671,19459,Yearly,UPI,2,2.7,No
2543,Michael Kakar,Female,22,Chennai,2025-07-31,23,Standard,992,22816,Monthly,Credit Card,4,1.7,No
2544,Yahvi Mangal,Female,64,Pune,2023-07-28,38,Basic,526,19988,Yearly,Credit Card,1,3.8,No
2545,Wahab Joshi,Female,64,Ahmedabad,2023-11-02,7,Standard,863,6041,Yearly,UPI,14,3.3,Yes
2546,Sara Master,Female,63,Kolkata,2024-01-15,37,Premium,1363,50431,Yearly,Wallet,12,2.7,Yes
2547,Yashoda Bandi,Female,63,Lucknow,2026-04-11,14,Standard,898,12572,Two Year,Net Banking,7,1.8,Yes
2548,Mohammed Anand,Female,21,Bangalore,2023-11-08,17,Standard,986,16762,Monthly,Credit Card,0,2.5,Yes
2549,Meghana Rajan,Male,18,Mumbai,2022-08-12,48,Standard,1133,54384,Monthly,Wallet,2,3.2,No
2550,Karan Narayanan,Male,27,Lucknow,2023-12-04,12,Basic,608,7296,Monthly,Net Banking,15,2.0,Yes
2551,Ubika Choudhury,Male,29,Jaipur,2021-10-08,14,Standard,768,10752,Monthly,Credit Card,12,2.2,Yes
2552,Zaid Sem,Male,34,Bangalore,2024-05-02,21,Basic,383,8043,Two Year,Net Banking,14,2.5,Yes
2553,Omkaar Narula,Female,59,Bangalore,2024-10-02,31,Premium,2473,76663,Two Year,UPI,5,1.9,No
2554,Isha Bassi,Male,22,Kolkata,2022-01-24,9,Basic,393,3537,Monthly,Wallet,3,2.0,No
2555,Bakhshi Dayal,Female,49,Mumbai,2024-09-26,13,Basic,389,5057,Yearly,Wallet,9,1.6,Yes
2556,Falguni Dhar,Female,23,Pune,2023-07-17,38,Standard,1155,43890,Yearly,Debit Card,15,2.3,No
2557,Aachal Batta,Male,30,Jaipur,2023-02-14,45,Basic,499,22455,Monthly,Credit Card,14,2.3,Yes
2558,Faraj Pingle,Male,61,Bangalore,2024-11-15,8,Basic,666,5328,Two Year,Credit Card,9,4.9,Yes
2559,Urmi Pathak,Female,46,Ahmedabad,2021-08-13,50,Standard,1020,51000,Yearly,Net Banking,4,4.7,No
2560,Tejas Das,Female,37,Ahmedabad,2025-04-09,14,Basic,338,4732,Monthly,UPI,1,4.8,No
2561,Ubika Subramanian,Female,20,Pune,2024-12-24,60,Premium,1207,72420,Monthly,Wallet,11,1.2,Yes
2562,Yashoda Varma,Male,64,Delhi,2025-04-13,21,Basic,557,11697,Yearly,Net Banking,4,3.5,No
2563,Rajeshri Arora,Female,48,Pune,2025-05-15,51,Standard,1072,54672,Monthly,Wallet,15,2.1,Yes
2564,Vedhika Thakkar,Female,28,Delhi,2023-05-15,11,Standard,915,10065,Monthly,UPI,0,4.4,Yes
2565,Nikita Sodhi,Female,34,Kolkata,2024-10-25,16,Standard,797,12752,Two Year,UPI,11,3.5,No
2566,Eshana Chandra,Male,24,Jaipur,2026-01-31,19,Standard,836,15884,Monthly,Credit Card,15,3.6,Yes
2567,Leena Garde,Male,34,Lucknow,2025-02-24,38,Standard,992,37696,Yearly,Wallet,8,4.4,No
2568,Arya Reddy,Male,36,Lucknow,2022-11-23,28,Basic,678,18984,Yearly,Credit Card,10,4.3,No
2569,Hardik Kakar,Male,55,Hyderabad,2021-12-03,10,Premium,2093,20930,Monthly,Net Banking,4,1.5,No
2570,Maanav Buch,Male,39,Lucknow,2025-09-16,7,Basic,380,2660,Yearly,Debit Card,2,3.6,No
2571,Ekaja Choudhury,Male,61,Ahmedabad,2021-10-22,36,Premium,1666,59976,Monthly,Net Banking,0,3.8,No
2572,Zansi Bala,Female,49,Hyderabad,2024-11-29,48,Standard,1170,56160,Two Year,Credit Card,4,4.6,No
2573,Nandini Dhaliwal,Female,22,Jaipur,2023-06-11,53,Premium,1530,81090,Monthly,Wallet,14,4.0,Yes
2574,Dipta Murty,Female,22,Kolkata,2023-03-16,34,Basic,365,12410,Monthly,Wallet,15,1.2,Yes
2575,Abhiram Varma,Female,54,Pune,2025-11-10,4,Basic,339,1356,Two Year,Net Banking,6,3.8,No
2576,Aarush Sengupta,Female,50,Kolkata,2024-01-08,20,Standard,994,19880,Yearly,Net Banking,8,2.6,No
2577,Gautam Din,Male,18,Lucknow,2024-01-15,40,Basic,696,27840,Yearly,Net Banking,6,4.5,No
2578,Radha Narang,Male,44,Mumbai,2023-06-06,10,Basic,361,3610,Monthly,Net Banking,1,3.3,No
2579,Faris Narula,Female,61,Jaipur,2024-01-19,26,Basic,350,9100,Monthly,Net Banking,11,4.6,Yes
2580,Osha Ramaswamy,Female,49,Pune,2024-06-25,18,Basic,640,11520,Two Year,UPI,12,2.3,No
2581,Aarush Madan,Female,39,Jaipur,2023-06-22,12,Basic,520,6240,Monthly,Net Banking,0,1.2,Yes
2582,Indrajit Bandi,Female,42,Pune,2023-01-26,52,Standard,767,39884,Monthly,Debit Card,1,2.4,No
2583,Yashoda Dutta,Female,36,Delhi,2021-06-22,21,Basic,389,8169,Two Year,Credit Card,9,2.0,Yes
2584,Rajeshri Khalsa,Female,19,Jaipur,2022-09-30,52,Premium,1613,83876,Monthly,Credit Card,13,4.6,Yes
2585,Viraj Basak,Male,44,Chennai,2026-02-10,54,Basic,540,29160,Two Year,UPI,2,2.8,No
2586,Oviya Purohit,Female,21,Bangalore,2025-10-11,57,Standard,1114,63498,Two Year,UPI,4,4.7,No
2587,Vivaan Rajagopal,Female,65,Mumbai,2025-10-26,52,Standard,1074,55848,Monthly,Credit Card,7,1.1,Yes
2588,Joshua Chana,Female,56,Ahmedabad,2023-06-27,18,Standard,706,12708,Yearly,Wallet,13,3.6,No
2589,Joshua Grover,Male,31,Pune,2021-12-09,57,Standard,1130,64410,Monthly,Net Banking,4,3.2,Yes
2590,Teerth Brahmbhatt,Female,42,Ahmedabad,2024-12-28,40,Basic,306,12240,Monthly,Debit Card,1,2.9,No
2591,Vasatika Sule,Male,54,Hyderabad,2025-03-18,33,Premium,1229,40557,Yearly,UPI,15,3.6,No
2592,Jyoti Borde,Female,18,Bangalore,2026-05-06,57,Basic,621,35397,Yearly,Wallet,1,1.6,No
2593,Nikita Banik,Male,40,Jaipur,2021-08-06,17,Basic,633,10761,Two Year,Wallet,1,4.2,No
2594,Ekaraj Gopal,Female,27,Delhi,2025-08-11,49,Basic,566,27734,Monthly,Credit Card,0,2.9,Yes
2595,Sudiksha Dube,Female,47,Pune,2025-02-17,7,Standard,925,6475,Yearly,Wallet,15,2.1,Yes
2596,Darpan Bhandari,Female,65,Hyderabad,2022-11-27,24,Premium,1432,34368,Yearly,Wallet,2,3.1,No
2597,Edhitha Raval,Female,59,Jaipur,2025-10-18,47,Basic,301,14147,Yearly,Net Banking,4,4.4,No
2598,Max Rastogi,Male,28,Kolkata,2024-08-06,45,Standard,1180,53100,Monthly,UPI,13,1.6,Yes
2599,Meghana Nanda,Female,48,Hyderabad,2025-01-09,48,Standard,1069,51312,Yearly,Wallet,8,1.7,Yes
2600,Jeremiah Chokshi,Male,55,Chennai,2021-10-28,14,Basic,527,7378,Monthly,UPI,0,2.5,Yes
2601,Tripti Sahni,Male,36,Bangalore,2022-01-30,24,Basic,571,13704,Two Year,Net Banking,2,2.9,No
2602,Veda Sachdev,Male,44,Bangalore,2025-11-15,53,Basic,474,25122,Yearly,Credit Card,13,3.5,Yes
2603,Neel Kale,Male,27,Bangalore,2026-04-29,9,Standard,773,6957,Monthly,Credit Card,15,1.5,Yes
2604,Meera Kulkarni,Female,63,Jaipur,2025-06-20,31,Standard,993,30783,Monthly,Net Banking,13,2.3,Yes
2605,Sathvik Sanghvi,Female,63,Hyderabad,2022-06-15,4,Standard,982,3928,Monthly,UPI,14,4.9,Yes
2606,Yashvi Oza,Male,52,Jaipur,2026-01-01,41,Standard,915,37515,Monthly,Wallet,10,1.8,Yes
2607,Bhanumati Dugar,Female,55,Mumbai,2024-02-20,44,Basic,531,23364,Yearly,Debit Card,14,3.1,Yes
2608,Yauvani Mody,Female,28,Kolkata,2022-05-17,32,Standard,985,31520,Yearly,Wallet,11,3.0,No
2609,Faraj Suri,Male,27,Delhi,2024-10-22,14,Standard,981,13734,Yearly,Net Banking,13,1.8,No
2610,Sai Bobal,Male,58,Pune,2025-12-27,26,Basic,421,10946,Yearly,UPI,3,1.7,Yes
2611,Warda Devan,Male,50,Bangalore,2025-11-15,36,Premium,2319,83484,Monthly,UPI,12,4.4,No
2612,Netra Parmer,Male,25,Delhi,2023-09-25,42,Premium,1214,50988,Two Year,Net Banking,12,3.9,Yes
2613,Nandini Ray,Male,32,Hyderabad,2026-06-17,38,Basic,546,20748,Yearly,Wallet,4,2.6,Yes
2614,Irya Malhotra,Male,63,Pune,2022-12-07,43,Premium,2094,90042,Yearly,UPI,14,4.7,No
2615,Brinda Gopal,Male,30,Pune,2022-10-03,27,Standard,935,25245,Yearly,Debit Card,13,4.4,No
2616,Krisha Dayal,Male,60,Chennai,2024-02-02,45,Standard,1109,49905,Monthly,UPI,7,4.0,Yes
2617,Warhi Rai,Male,40,Bangalore,2026-03-12,21,Basic,623,13083,Monthly,UPI,10,2.8,Yes
2618,Lopa Chakraborty,Female,34,Delhi,2021-09-16,34,Standard,1008,34272,Yearly,Debit Card,7,3.1,No
2619,Chasmum Gopal,Female,48,Delhi,2023-01-27,24,Premium,2300,55200,Monthly,UPI,2,2.2,No
2620,Isaac Swamy,Male,43,Jaipur,2025-10-13,49,Basic,416,20384,Two Year,Net Banking,10,4.4,No
2621,Priya Swaminathan,Female,46,Lucknow,2021-12-12,8,Basic,684,5472,Monthly,Net Banking,2,4.0,No
2622,Zayan Gole,Female,40,Kolkata,2022-05-20,35,Basic,372,13020,Monthly,Wallet,9,4.2,No
2623,Wridesh Dixit,Male,45,Kolkata,2023-05-25,19,Basic,542,10298,Yearly,Debit Card,9,1.1,Yes
2624,Omaja Chaudhary,Female,31,Ahmedabad,2023-10-15,53,Basic,521,27613,Monthly,Wallet,4,3.5,No
2625,Yuvraj Keer,Male,56,Bangalore,2021-06-26,43,Basic,360,15480,Monthly,Net Banking,15,2.5,Yes
2626,Maanas Kala,Male,54,Mumbai,2023-11-15,15,Basic,501,7515,Two Year,Debit Card,6,3.8,No
2627,Gunbir Deo,Male,32,Bangalore,2026-03-30,36,Basic,661,23796,Yearly,Debit Card,5,5.0,No
2628,Onkar Gokhale,Female,52,Chennai,2025-10-07,6,Basic,677,4062,Monthly,Wallet,11,3.5,No
2629,Libni Guha,Female,48,Hyderabad,2023-06-09,28,Standard,712,19936,Two Year,Net Banking,6,2.2,No
2630,Barkha Barad,Male,58,Ahmedabad,2025-11-07,12,Standard,876,10512,Yearly,Debit Card,11,3.2,No
2631,Jagat Kumer,Female,18,Bangalore,2026-04-06,48,Premium,2448,117504,Monthly,Credit Card,2,2.8,No
2632,Anika Sandal,Female,24,Chennai,2023-08-30,5,Standard,748,3740,Monthly,Debit Card,2,3.6,No
2633,Jeet Jhaveri,Female,53,Chennai,2023-04-08,54,Basic,545,29430,Monthly,Net Banking,1,3.8,Yes
2634,Nathan Bora,Male,52,Kolkata,2023-08-07,52,Standard,713,37076,Yearly,Debit Card,4,3.4,No
2635,Aarna Malhotra,Female,58,Pune,2023-04-04,43,Standard,823,35389,Two Year,UPI,0,4.2,No
2636,Baljiwan Parmar,Male,44,Kolkata,2025-01-13,37,Standard,999,36963,Monthly,Net Banking,5,1.5,No
2637,Sachi Nigam,Male,18,Bangalore,2021-08-14,30,Basic,682,20460,Monthly,Debit Card,13,2.7,No
2638,Madhav Doshi,Male,26,Chennai,2022-09-18,48,Basic,423,20304,Monthly,Debit Card,1,1.5,No
2639,Krishna Toor,Female,53,Chennai,2026-03-07,40,Standard,720,28800,Monthly,Net Banking,6,3.9,No
2640,Ayushman Zacharia,Male,38,Bangalore,2025-12-08,32,Basic,679,21728,Monthly,Debit Card,15,4.5,No
2641,Benjamin Khurana,Male,33,Pune,2025-04-13,18,Premium,1446,26028,Monthly,UPI,0,3.5,No
2642,Abhiram Pandey,Male,42,Delhi,2022-08-05,30,Basic,502,15060,Two Year,UPI,13,4.5,Yes
2643,Manbir Dube,Female,65,Kolkata,2026-02-23,36,Basic,550,19800,Yearly,Wallet,12,1.9,No
2644,Eesha Mukherjee,Female,42,Hyderabad,2023-08-22,41,Basic,598,24518,Yearly,UPI,5,2.9,No
2645,Mitesh Sant,Male,65,Pune,2025-10-01,20,Standard,713,14260,Monthly,Debit Card,10,1.0,Yes
2646,Nachiket Kannan,Female,53,Kolkata,2021-11-09,5,Standard,806,4030,Two Year,Net Banking,8,4.1,No
2647,Jatin Lal,Male,32,Mumbai,2022-08-20,10,Basic,574,5740,Monthly,Debit Card,0,2.2,No
2648,Neha Nagarajan,Female,36,Lucknow,2023-12-16,60,Basic,493,29580,Yearly,Credit Card,2,2.5,No
2649,Yashvi Nagarajan,Female,55,Pune,2025-10-29,10,Basic,358,3580,Monthly,Credit Card,14,3.1,Yes
2650,Avni Soman,Female,33,Ahmedabad,2024-07-15,5,Basic,652,3260,Monthly,Net Banking,0,3.3,No
2651,Janani Ramakrishnan,Female,50,Delhi,2024-05-13,42,Standard,748,31416,Yearly,UPI,1,3.8,No
2652,William Goda,Male,55,Mumbai,2022-12-17,7,Standard,974,6818,Monthly,Debit Card,7,1.3,Yes
2653,Bhavika Mistry,Male,58,Mumbai,2021-07-05,6,Premium,1712,10272,Monthly,UPI,15,3.1,Yes
2654,Tanish Sawhney,Female,58,Jaipur,2022-09-16,32,Standard,739,23648,Yearly,Debit Card,3,1.2,Yes
2655,Yashica Krishnan,Male,27,Kolkata,2025-07-13,28,Basic,469,13132,Yearly,Wallet,1,2.6,No
2656,Shravya Hora,Male,18,Kolkata,2024-07-26,43,Basic,669,28767,Monthly,UPI,8,1.7,Yes
2657,Advik Savant,Female,62,Delhi,2023-12-27,4,Basic,327,1308,Monthly,Debit Card,13,4.5,No
2658,Chaaya Patel,Male,19,Kolkata,2024-12-26,59,Premium,1544,91096,Monthly,Net Banking,3,1.4,No
2659,Orinder Chad,Male,19,Mumbai,2025-02-13,31,Basic,461,14291,Monthly,Net Banking,10,4.0,Yes
2660,Lakshit Borah,Male,35,Delhi,2024-08-10,28,Premium,1621,45388,Two Year,UPI,4,1.5,No
2661,Omisha Mall,Female,26,Delhi,2025-02-16,21,Basic,600,12600,Monthly,UPI,5,1.2,Yes
2662,Dhriti Ram,Male,34,Jaipur,2022-08-27,43,Standard,1087,46741,Monthly,Debit Card,2,1.5,No
2663,Arya Din,Female,25,Chennai,2025-10-09,14,Basic,351,4914,Monthly,Credit Card,5,2.5,Yes
2664,Theodore Chaudhuri,Female,26,Chennai,2024-11-27,16,Standard,830,13280,Monthly,Debit Card,13,3.7,No
2665,Anjali Majumdar,Female,18,Bangalore,2025-01-29,12,Standard,852,10224,Yearly,Debit Card,9,3.4,No
2666,Ekansh Kamdar,Female,33,Kolkata,2024-02-02,38,Standard,919,34922,Monthly,Net Banking,5,4.0,No
2667,Kalpit Murty,Female,29,Lucknow,2023-11-01,41,Standard,1020,41820,Two Year,Net Banking,7,2.1,Yes
2668,Thomas Goswami,Male,42,Kolkata,2021-08-03,54,Basic,507,27378,Two Year,Debit Card,2,2.3,No
2669,Vedhika Rai,Female,33,Jaipur,2025-11-21,53,Basic,333,17649,Monthly,UPI,12,4.8,No
2670,Pallavi Pillay,Female,32,Chennai,2025-09-21,40,Premium,2052,82080,Monthly,Net Banking,8,2.9,Yes
2671,Caleb Sharaf,Female,43,Kolkata,2022-06-04,55,Standard,889,48895,Monthly,Debit Card,14,4.1,No
2672,Adya Sharma,Female,65,Chennai,2024-09-21,43,Basic,406,17458,Yearly,Credit Card,13,1.5,Yes
2673,Michael Aggarwal,Male,37,Mumbai,2025-01-20,19,Basic,662,12578,Yearly,Debit Card,12,3.0,No
2674,Ekbal Dass,Male,38,Hyderabad,2022-09-02,31,Basic,628,19468,Monthly,Credit Card,13,4.8,Yes
2675,Geetika Memon,Male,44,Mumbai,2025-05-06,43,Basic,580,24940,Monthly,Net Banking,13,2.0,No
2676,Irya Dixit,Male,44,Mumbai,2024-09-26,47,Standard,851,39997,Yearly,Debit Card,7,3.5,No
2677,Eesha Ramakrishnan,Male,62,Ahmedabad,2025-08-02,56,Basic,556,31136,Monthly,UPI,12,4.6,Yes
2678,Ekiya Sastry,Male,48,Bangalore,2023-08-22,2,Basic,554,1108,Two Year,UPI,15,1.5,Yes
2679,Ekavir Sura,Male,53,Bangalore,2021-09-08,7,Basic,614,4298,Monthly,Net Banking,15,4.8,Yes
2680,Lajita Kari,Female,30,Lucknow,2026-03-17,47,Basic,406,19082,Monthly,Debit Card,3,4.9,No
2681,Manan Gera,Male,42,Hyderabad,2023-04-08,51,Standard,903,46053,Monthly,Debit Card,8,4.4,No
2682,Bimala Mahal,Female,18,Chennai,2022-05-26,49,Standard,1169,57281,Two Year,Net Banking,3,2.8,No
2683,Bhavini Iyengar,Male,29,Kolkata,2021-06-22,53,Standard,958,50774,Two Year,Net Banking,2,5.0,No
2684,Kalpit Tella,Male,44,Jaipur,2024-03-26,46,Basic,535,24610,Monthly,Credit Card,13,2.8,Yes
2685,Janani Mutti,Male,28,Pune,2023-11-19,14,Basic,607,8498,Monthly,Wallet,3,4.8,No
2686,Victor Taneja,Male,23,Chennai,2021-09-27,2,Basic,697,1394,Yearly,Credit Card,8,3.9,Yes
2687,Anjali Wali,Male,61,Hyderabad,2023-04-16,15,Basic,439,6585,Monthly,Wallet,13,4.3,Yes
2688,Divya Goda,Male,22,Kolkata,2021-11-12,51,Basic,323,16473,Two Year,Net Banking,8,1.4,No
2689,Bina Palla,Male,36,Lucknow,2023-05-14,39,Basic,337,13143,Two Year,Wallet,2,1.4,No
2690,Jagvi Bawa,Male,20,Bangalore,2023-12-25,43,Standard,1095,47085,Monthly,Wallet,9,3.6,Yes
2691,Manthan Sundaram,Male,65,Mumbai,2024-09-22,36,Premium,2054,73944,Two Year,Wallet,3,2.6,No
2692,Sneha Buch,Female,37,Jaipur,2022-05-10,39,Basic,449,17511,Monthly,Debit Card,6,2.0,No
2693,Gautami Dutt,Male,62,Ahmedabad,2025-05-02,57,Basic,330,18810,Monthly,Wallet,6,1.3,Yes
2694,Robert Cherian,Female,48,Mumbai,2023-03-26,43,Basic,602,25886,Monthly,UPI,12,1.2,Yes
2695,Sai Chowdhury,Female,19,Bangalore,2026-01-15,51,Standard,804,41004,Two Year,Debit Card,3,3.3,No
2696,Andrew Khare,Male,26,Jaipur,2025-04-29,58,Standard,1144,66352,Monthly,Net Banking,2,2.2,Yes
2697,Chaitaly Bakshi,Male,56,Chennai,2024-04-13,55,Standard,862,47410,Monthly,Net Banking,15,4.7,No
2698,Pooja Mand,Male,56,Mumbai,2023-12-17,31,Premium,1954,60574,Monthly,Credit Card,9,4.4,Yes
2699,Ojasvi Chaudry,Male,60,Kolkata,2022-06-11,36,Standard,740,26640,Monthly,UPI,15,2.2,Yes
2700,Azad Ramesh,Female,21,Mumbai,2026-05-30,51,Standard,846,43146,Monthly,Credit Card,4,1.5,No
2701,Nisha Tata,Female,60,Bangalore,2025-06-10,6,Premium,1646,9876,Monthly,Net Banking,13,3.4,Yes
2702,Arjun Bansal,Female,29,Ahmedabad,2022-12-17,5,Standard,829,4145,Two Year,Debit Card,10,1.7,No
2703,Aadhya Bhatnagar,Male,63,Ahmedabad,2025-12-01,58,Basic,371,21518,Yearly,Wallet,9,2.9,Yes
2704,Jhalak Tata,Female,50,Lucknow,2025-08-05,35,Standard,1014,35490,Monthly,Wallet,11,2.7,Yes
2705,Lipika Wagle,Female,60,Kolkata,2025-04-21,15,Premium,1262,18930,Monthly,Credit Card,10,2.7,Yes
2706,Radha Kibe,Male,46,Mumbai,2024-04-08,24,Basic,558,13392,Monthly,Net Banking,4,4.4,No
2707,Ekalinga Hayre,Male,34,Kolkata,2026-05-29,10,Basic,368,3680,Yearly,UPI,11,2.6,Yes
2708,Sanaya Rajan,Male,18,Kolkata,2024-10-01,31,Basic,321,9951,Monthly,Wallet,8,1.4,Yes
2709,Hardik Bawa,Female,24,Delhi,2024-03-08,42,Premium,2062,86604,Two Year,UPI,8,1.2,Yes
2710,William Dubey,Male,49,Bangalore,2023-04-15,41,Premium,2043,83763,Monthly,Wallet,1,3.7,No
2711,Turvi Chowdhury,Male,26,Chennai,2022-11-07,10,Basic,508,5080,Monthly,Credit Card,3,1.5,No
2712,Pranav Lad,Female,48,Pune,2025-11-18,36,Basic,389,14004,Yearly,Credit Card,9,1.1,Yes
2713,Chandran Narayanan,Female,23,Delhi,2021-12-24,34,Basic,610,20740,Yearly,Wallet,9,1.1,Yes
2714,Janaki Bahri,Male,63,Mumbai,2024-04-24,18,Standard,1110,19980,Monthly,Credit Card,11,4.6,Yes
2715,Nidra Parekh,Female,27,Bangalore,2021-09-16,23,Standard,1122,25806,Two Year,Wallet,10,1.8,Yes
2716,Keya Shankar,Female,49,Jaipur,2025-08-18,38,Basic,303,11514,Yearly,UPI,13,2.2,Yes
2717,Yash Pingle,Male,22,Delhi,2025-02-16,39,Standard,968,37752,Monthly,Debit Card,4,4.7,No
2718,Oviya Verma,Male,57,Pune,2025-07-01,7,Standard,1165,8155,Two Year,Credit Card,10,2.0,No
2719,Manan Korpal,Female,47,Hyderabad,2025-07-05,51,Standard,1089,55539,Two Year,Credit Card,8,2.2,No
2720,Dominic Ganguly,Male,40,Ahmedabad,2024-06-01,36,Basic,343,12348,Yearly,Wallet,7,1.1,Yes
2721,George Hari,Male,60,Bangalore,2023-02-13,42,Standard,712,29904,Yearly,UPI,7,2.9,No
2722,Leela Venkataraman,Male,64,Kolkata,2023-11-11,15,Premium,2470,37050,Yearly,Wallet,14,2.0,No
2723,Indrajit Sur,Female,55,Lucknow,2022-10-16,37,Basic,469,17353,Yearly,Debit Card,11,4.7,No
2724,Jairaj Gulati,Male,44,Lucknow,2025-03-04,45,Standard,978,44010,Yearly,Net Banking,5,3.3,No
2725,Ansh Raval,Female,18,Kolkata,2024-03-27,37,Standard,1053,38961,Monthly,UPI,4,3.1,No
2726,Hemangini Luthra,Female,41,Ahmedabad,2026-02-01,47,Basic,469,22043,Monthly,UPI,7,1.9,Yes
2727,Krishna Sule,Female,60,Jaipur,2023-06-16,6,Basic,373,2238,Monthly,UPI,2,4.7,Yes
2728,Umang Kala,Male,50,Hyderabad,2022-05-25,20,Standard,982,19640,Monthly,Credit Card,11,1.9,Yes
2729,Ekta Kant,Female,47,Ahmedabad,2024-05-12,31,Standard,1015,31465,Yearly,Credit Card,12,2.2,Yes
2730,Aarini Luthra,Male,34,Bangalore,2022-09-15,21,Premium,1218,25578,Yearly,Credit Card,5,2.0,No
2731,Advik Randhawa,Male,37,Mumbai,2021-11-27,20,Standard,1092,21840,Monthly,Debit Card,2,2.8,No
2732,Fitan Karpe,Female,47,Hyderabad,2024-10-24,22,Basic,503,11066,Yearly,Wallet,10,3.1,No
2733,Suhani Modi,Female,28,Pune,2022-09-20,60,Basic,389,23340,Two Year,Net Banking,12,1.1,Yes
2734,Veer Biswas,Female,61,Lucknow,2025-11-07,4,Basic,690,2760,Monthly,Debit Card,4,3.5,No
2735,Qasim Malhotra,Male,51,Kolkata,2025-12-03,23,Basic,413,9499,Two Year,Credit Card,10,3.6,No
2736,Charvi Bawa,Male,46,Bangalore,2023-07-17,3,Basic,371,1113,Yearly,UPI,12,1.7,No
2737,Aarnav Karnik,Male,44,Ahmedabad,2025-11-07,32,Basic,380,12160,Yearly,Wallet,4,1.1,No
2738,Eta Sur,Female,42,Lucknow,2022-05-28,60,Standard,1163,69780,Monthly,Credit Card,7,3.4,No
2739,David Pandey,Male,31,Mumbai,2026-06-03,31,Premium,1210,37510,Monthly,Credit Card,4,4.3,No
2740,Pushti Dugar,Male,20,Kolkata,2024-01-02,38,Basic,323,12274,Monthly,UPI,11,1.0,Yes
2741,Utkarsh Sha,Male,49,Lucknow,2024-02-06,43,Standard,754,32422,Yearly,Net Banking,7,1.8,No
2742,Bhavika Natt,Female,45,Mumbai,2024-05-05,6,Standard,701,4206,Monthly,Net Banking,0,1.7,Yes
2743,Frederick Brar,Male,50,Pune,2023-10-26,10,Basic,474,4740,Monthly,Debit Card,8,3.8,Yes
2744,Nihal Kibe,Female,40,Chennai,2024-05-08,39,Basic,672,26208,Monthly,Credit Card,4,1.9,Yes
2745,Anthony Gopal,Male,36,Pune,2022-05-03,48,Basic,497,23856,Yearly,Net Banking,14,2.9,No
2746,Indali Boase,Male,57,Hyderabad,2022-12-12,19,Standard,847,16093,Two Year,Debit Card,14,1.1,No
2747,Adya Sibal,Female,45,Kolkata,2022-09-07,13,Standard,1058,13754,Two Year,Net Banking,2,3.7,No
2748,Patrick Zachariah,Male,54,Bangalore,2025-05-01,22,Basic,390,8580,Yearly,Wallet,13,1.3,Yes
2749,Pahal Kala,Male,64,Lucknow,2023-11-10,6,Premium,1857,11142,Monthly,UPI,1,2.6,No
2750,Keya Narayanan,Female,19,Kolkata,2023-08-20,10,Basic,335,3350,Yearly,Net Banking,12,2.9,Yes
2751,Ekantika Baral,Female,25,Jaipur,2022-07-23,41,Standard,871,35711,Monthly,Debit Card,4,1.8,Yes
2752,Inaya Das,Female,44,Chennai,2024-08-28,38,Basic,370,14060,Monthly,Net Banking,9,3.6,No
2753,Avni Misra,Male,65,Chennai,2022-12-07,6,Basic,377,2262,Yearly,Net Banking,6,1.1,Yes
2754,Naveen Mahajan,Male,31,Bangalore,2025-02-05,54,Basic,425,22950,Yearly,Debit Card,4,4.5,No
2755,Indali Barad,Male,26,Ahmedabad,2024-08-27,28,Basic,637,17836,Yearly,Wallet,12,2.5,No
2756,Darsh Magar,Female,44,Pune,2024-12-31,46,Basic,551,25346,Yearly,Wallet,6,4.2,No
2757,Balvan Dora,Male,35,Delhi,2025-12-29,5,Premium,1898,9490,Two Year,Net Banking,4,1.2,No
2758,Nirja Ram,Female,32,Pune,2026-02-02,52,Basic,658,34216,Monthly,UPI,9,1.7,No
2759,Ishita Luthra,Male,33,Ahmedabad,2022-10-12,52,Basic,393,20436,Two Year,Debit Card,10,4.8,No
2760,Farhan Sem,Female,51,Ahmedabad,2023-07-21,44,Basic,684,30096,Monthly,Wallet,15,4.9,Yes
2761,Gayathri Sood,Male,19,Hyderabad,2021-12-29,19,Standard,781,14839,Monthly,Net Banking,9,3.8,Yes
2762,Edhitha Varghese,Female,38,Kolkata,2025-10-12,41,Basic,302,12382,Two Year,Wallet,4,4.9,No
2763,Lavanya Narasimhan,Male,46,Kolkata,2026-02-28,60,Basic,356,21360,Monthly,Net Banking,1,4.5,No
2764,Kevin Naidu,Male,34,Hyderabad,2023-10-08,12,Standard,818,9816,Yearly,Credit Card,0,3.5,No
2765,Yatan Salvi,Male,27,Chennai,2026-02-02,5,Basic,356,1780,Monthly,Debit Card,11,4.6,Yes
2766,Vinaya Gandhi,Female,49,Lucknow,2025-11-11,58,Standard,981,56898,Two Year,Net Banking,0,2.1,No
2767,Aarna Sagar,Male,47,Delhi,2022-11-04,55,Premium,1965,108075,Monthly,Credit Card,9,3.8,No
2768,Tanay Chandran,Male,33,Chennai,2023-11-06,15,Standard,971,14565,Monthly,Net Banking,9,2.8,Yes
2769,Rayaan Sankaran,Female,49,Kolkata,2023-01-14,42,Standard,779,32718,Yearly,Net Banking,8,2.3,No
2770,Anusha Ramanathan,Female,30,Delhi,2024-01-15,1,Basic,508,508,Yearly,UPI,4,4.4,No
2771,Yatin Narang,Female,50,Hyderabad,2022-04-25,5,Premium,1510,7550,Monthly,Credit Card,1,4.6,Yes
2772,Lopa Shukla,Female,61,Lucknow,2023-03-13,25,Premium,2312,57800,Monthly,Net Banking,6,2.7,Yes
2773,Ucchal Bains,Male,62,Chennai,2025-02-28,2,Premium,2243,4486,Monthly,Net Banking,12,3.0,No
2774,Neelima Dey,Male,19,Jaipur,2023-01-12,1,Premium,1718,1718,Yearly,Debit Card,9,4.6,No
2775,Ekta Bhardwaj,Male,27,Hyderabad,2021-09-04,59,Standard,990,58410,Yearly,Wallet,1,1.5,No
2776,Udant Lad,Male,22,Mumbai,2022-09-27,24,Standard,747,17928,Two Year,Debit Card,6,2.5,No
2777,Kalpit Dada,Male,31,Jaipur,2022-11-07,19,Basic,543,10317,Monthly,Wallet,1,3.2,Yes
2778,Nandini Ramesh,Male,21,Hyderabad,2024-02-29,37,Standard,1072,39664,Yearly,UPI,9,2.0,Yes
2779,Udyati Khalsa,Male,39,Chennai,2023-02-02,18,Basic,478,8604,Monthly,Wallet,10,1.3,Yes
2780,Jagat Cherian,Female,38,Pune,2022-01-17,41,Standard,840,34440,Yearly,Wallet,6,2.9,Yes
2781,Anika Gaba,Female,42,Hyderabad,2024-01-26,4,Basic,619,2476,Yearly,Net Banking,3,4.7,Yes
2782,Teerth Suri,Male,27,Ahmedabad,2022-12-31,8,Standard,1117,8936,Monthly,UPI,8,1.1,No
2783,Yashodhara Ben,Male,45,Mumbai,2023-02-10,26,Premium,2279,59254,Yearly,UPI,6,2.9,No
2784,Samaksh Munshi,Female,42,Ahmedabad,2025-07-26,24,Standard,899,21576,Monthly,Debit Card,13,1.5,Yes
2785,Oni Raghavan,Male,48,Delhi,2023-11-16,38,Standard,966,36708,Monthly,Debit Card,6,1.6,No
2786,Aashi Shere,Male,55,Pune,2022-10-05,56,Basic,574,32144,Monthly,Net Banking,6,2.0,Yes
2787,Advay Dutta,Male,33,Lucknow,2023-08-23,21,Standard,776,16296,Yearly,Wallet,7,2.5,No
2788,Vrishti Naidu,Male,24,Ahmedabad,2025-12-27,50,Standard,783,39150,Monthly,Net Banking,12,2.6,Yes
2789,Lucky Jani,Female,53,Ahmedabad,2026-01-27,22,Standard,734,16148,Yearly,Wallet,8,4.7,No
2790,Chatresh Menon,Female,31,Bangalore,2021-08-22,56,Basic,697,39032,Monthly,Net Banking,4,4.2,No
2791,Xiti Bir,Male,58,Pune,2022-11-20,12,Standard,896,10752,Monthly,UPI,7,2.0,No
2792,Om Dhawan,Male,18,Jaipur,2026-05-19,11,Basic,565,6215,Monthly,Net Banking,9,2.7,No
2793,Tarak Dasgupta,Male,58,Ahmedabad,2022-04-12,53,Basic,303,16059,Yearly,Credit Card,15,1.5,No
2794,Thomas Dhar,Male,25,Jaipur,2025-05-10,36,Premium,1541,55476,Two Year,Debit Card,15,2.9,Yes
2795,Atharv Venkataraman,Male,18,Ahmedabad,2021-07-09,9,Basic,654,5886,Yearly,UPI,12,1.8,Yes
2796,Varsha Tailor,Female,61,Hyderabad,2023-02-17,10,Basic,372,3720,Yearly,Net Banking,8,1.6,No
2797,Kritika Badami,Female,48,Mumbai,2023-06-06,14,Premium,1306,18284,Monthly,Wallet,15,4.4,Yes
2798,Warda Sundaram,Female,63,Lucknow,2024-12-07,54,Premium,2074,111996,Two Year,Net Banking,15,1.4,No
2799,Xiti Subramanian,Female,51,Chennai,2022-07-10,23,Standard,906,20838,Yearly,Credit Card,13,2.2,No
2800,Oeshi Sathe,Female,26,Kolkata,2025-12-23,19,Standard,708,13452,Monthly,Debit Card,11,1.6,Yes
2801,Zilmil Bahl,Male,55,Mumbai,2024-06-20,13,Standard,1019,13247,Monthly,Debit Card,5,1.5,No
2802,Anmol Oak,Female,60,Chennai,2026-02-13,16,Premium,1227,19632,Monthly,Net Banking,11,3.8,No
2803,Manan Sinha,Female,20,Mumbai,2024-04-16,4,Standard,871,3484,Monthly,UPI,3,1.3,No
2804,Karan Lata,Male,43,Pune,2021-08-24,5,Basic,377,1885,Monthly,Wallet,0,3.0,No
2805,Vaishnavi Karan,Female,53,Chennai,2025-03-18,37,Standard,1042,38554,Monthly,Credit Card,14,4.6,No
2806,Panini Suresh,Male,56,Bangalore,2024-02-28,21,Basic,556,11676,Yearly,UPI,11,3.0,No
2807,Dhruv Bora,Female,58,Kolkata,2024-01-02,19,Standard,941,17879,Yearly,Debit Card,8,2.5,No
2808,Devika Puri,Female,62,Bangalore,2024-07-25,44,Premium,1519,66836,Monthly,Net Banking,6,1.4,Yes
2809,Faris Mallick,Female,34,Lucknow,2025-08-23,28,Basic,698,19544,Yearly,Credit Card,9,2.6,Yes
2810,Aashi Mitra,Male,19,Jaipur,2024-02-27,47,Standard,765,35955,Monthly,Net Banking,1,4.2,No
2811,Urvashi Khare,Female,23,Lucknow,2022-07-31,43,Basic,455,19565,Yearly,UPI,12,4.2,Yes
2812,Jonathan Chadha,Male,43,Chennai,2026-02-22,36,Standard,843,30348,Monthly,UPI,4,3.0,No
2813,Neha Doshi,Female,59,Chennai,2024-08-04,57,Standard,1071,61047,Monthly,Net Banking,7,2.3,No
2814,Samaksh Toor,Male,21,Delhi,2022-01-10,39,Standard,1126,43914,Two Year,Wallet,0,1.4,Yes
2815,Charita Bassi,Male,64,Delhi,2025-03-02,4,Standard,1004,4016,Yearly,Debit Card,2,3.2,No
2816,Dhruv Hayer,Female,22,Pune,2023-10-16,55,Premium,1291,71005,Monthly,Wallet,7,2.3,No
2817,Gagan Taneja,Male,21,Hyderabad,2022-11-13,57,Premium,1568,89376,Yearly,Credit Card,1,3.5,No
2818,Ekiya Sant,Male,50,Mumbai,2021-12-20,41,Standard,917,37597,Monthly,Credit Card,13,2.6,Yes
2819,Harini Dewan,Female,47,Hyderabad,2025-05-04,9,Standard,919,8271,Yearly,Net Banking,11,4.4,Yes
2820,Pahal Maharaj,Male,20,Pune,2022-03-19,55,Basic,477,26235,Two Year,Wallet,7,1.3,No
2821,Damini Edwin,Male,56,Ahmedabad,2025-02-27,14,Standard,1079,15106,Monthly,Wallet,13,3.0,No
2822,Priya Dara,Male,60,Kolkata,2023-10-22,33,Basic,371,12243,Monthly,Wallet,3,4.0,Yes
2823,Urishilla Bakshi,Male,43,Ahmedabad,2023-05-09,15,Standard,908,13620,Yearly,Net Banking,11,3.6,No
2824,Pushti Kalla,Male,60,Jaipur,2024-03-03,31,Standard,750,23250,Yearly,Wallet,15,2.6,Yes
2825,Ucchal Dhar,Female,19,Mumbai,2024-02-10,52,Premium,2037,105924,Two Year,Net Banking,13,3.2,No
2826,Unni Lall,Male,29,Kolkata,2022-04-01,57,Standard,1027,58539,Monthly,Net Banking,12,1.7,No
2827,Nidra Pillai,Male,46,Kolkata,2025-04-17,28,Standard,1125,31500,Yearly,UPI,0,3.3,No
2828,Adweta Keer,Male,38,Lucknow,2025-07-01,26,Premium,1865,48490,Monthly,Wallet,0,2.9,Yes
2829,Yatan Chakrabarti,Female,38,Lucknow,2025-05-04,7,Basic,474,3318,Yearly,Net Banking,15,2.9,Yes
2830,Lakshmi Chana,Male,38,Delhi,2022-03-14,25,Basic,581,14525,Two Year,UPI,11,4.8,Yes
2831,Yatin Pandey,Female,39,Ahmedabad,2022-09-23,59,Standard,1178,69502,Monthly,Wallet,14,1.4,Yes
2832,Tarak Lad,Female,43,Pune,2022-06-15,38,Basic,335,12730,Two Year,UPI,4,3.4,No
2833,Panini Hora,Male,21,Pune,2025-12-25,35,Standard,741,25935,Yearly,UPI,9,3.1,Yes
2834,Jackson Sule,Female,53,Ahmedabad,2022-02-10,1,Standard,794,794,Monthly,Debit Card,5,3.1,Yes
2835,Umang Bhagat,Male,19,Mumbai,2022-12-11,41,Standard,725,29725,Yearly,UPI,0,4.1,No
2836,Rajeshri Gandhi,Female,58,Delhi,2024-04-06,47,Premium,1896,89112,Yearly,Net Banking,2,3.6,No
2837,Aryan Wable,Female,27,Bangalore,2023-07-11,18,Basic,686,12348,Two Year,Credit Card,12,3.6,No
2838,Bakhshi Uppal,Male,42,Bangalore,2022-08-30,15,Premium,2035,30525,Yearly,UPI,3,3.5,No
2839,Ikshita Sane,Female,29,Kolkata,2021-11-24,1,Standard,955,955,Yearly,Net Banking,0,4.8,No
2840,Qasim Setty,Female,19,Pune,2023-06-01,9,Basic,593,5337,Monthly,Net Banking,7,2.9,Yes
2841,Ekansh Patla,Female,44,Ahmedabad,2026-04-23,57,Standard,747,42579,Two Year,Debit Card,8,2.2,No
2842,Vivaan Padmanabhan,Female,34,Pune,2022-03-15,4,Standard,977,3908,Two Year,Credit Card,6,2.4,No
2843,Gaurangi Verma,Female,40,Jaipur,2024-05-08,17,Basic,333,5661,Monthly,Credit Card,13,4.6,No
2844,Pavani Parekh,Male,60,Pune,2024-06-19,43,Standard,837,35991,Yearly,Wallet,9,3.2,No
2845,Urishilla Tripathi,Female,37,Jaipur,2025-07-18,28,Standard,1137,31836,Monthly,Debit Card,15,1.9,Yes
2846,Warinder Chokshi,Female,18,Jaipur,2024-05-25,16,Basic,639,10224,Two Year,Wallet,15,2.5,Yes
2847,Gaurangi Thaker,Male,60,Hyderabad,2022-03-27,19,Basic,695,13205,Two Year,Debit Card,13,4.1,No
2848,Hemangini Sanghvi,Male,40,Delhi,2026-06-18,16,Premium,2081,33296,Two Year,Debit Card,10,4.5,No
2849,Unni Peri,Female,43,Ahmedabad,2024-07-12,21,Standard,884,18564,Two Year,Credit Card,1,3.4,No
2850,Nachiket Issac,Male,54,Delhi,2022-12-02,47,Premium,1304,61288,Monthly,Net Banking,8,1.7,Yes
2851,Krish Dasgupta,Female,35,Pune,2023-02-20,29,Basic,678,19662,Monthly,UPI,4,4.4,No
2852,Rachit Dube,Female,25,Pune,2025-03-23,16,Standard,714,11424,Monthly,UPI,4,2.3,Yes
2853,Orinder Prashad,Male,60,Bangalore,2022-03-27,44,Basic,656,28864,Yearly,Wallet,9,5.0,Yes
2854,Sathvik Ramachandran,Female,56,Hyderabad,2024-04-12,7,Basic,475,3325,Monthly,Credit Card,2,1.6,No
2855,Zansi Kunda,Male,25,Bangalore,2022-09-26,53,Basic,551,29203,Yearly,Credit Card,10,1.8,Yes
2856,Priya Purohit,Male,47,Hyderabad,2025-01-16,43,Basic,314,13502,Monthly,Credit Card,5,2.6,Yes
2857,Joshua Jani,Female,25,Delhi,2026-02-28,36,Standard,1045,37620,Monthly,Wallet,5,4.2,Yes
2858,Benjamin Dutta,Female,23,Hyderabad,2023-08-04,24,Standard,970,23280,Monthly,Net Banking,11,2.4,Yes
2859,Gautam Amble,Female,24,Mumbai,2022-05-06,3,Standard,1121,3363,Two Year,Net Banking,2,3.3,Yes
2860,Tanmayi Nazareth,Male,62,Ahmedabad,2025-05-24,43,Premium,1823,78389,Monthly,UPI,11,2.3,Yes
2861,Wyatt Choudhury,Male,33,Ahmedabad,2026-01-27,60,Standard,769,46140,Monthly,Debit Card,3,2.7,No
2862,Matthew Sinha,Female,45,Bangalore,2023-02-23,25,Basic,371,9275,Two Year,Net Banking,10,4.3,No
2863,Nitara Ganesh,Male,50,Ahmedabad,2025-01-28,17,Premium,1555,26435,Yearly,Net Banking,0,3.1,No
2864,Oviya Badal,Male,56,Kolkata,2023-12-08,11,Basic,618,6798,Two Year,Credit Card,13,3.3,No
2865,Nitesh Wagle,Female,65,Ahmedabad,2022-05-09,2,Standard,820,1640,Two Year,UPI,10,4.8,No
2866,Jack Gill,Male,61,Kolkata,2022-01-19,20,Basic,664,13280,Monthly,Net Banking,4,4.7,No
2867,Bina Sachdeva,Male,51,Jaipur,2025-04-11,15,Standard,751,11265,Two Year,Wallet,6,2.1,No
2868,Amara Parmar,Male,21,Bangalore,2023-10-18,3,Basic,476,1428,Two Year,Debit Card,2,3.6,No
2869,Jacob Soni,Male,53,Bangalore,2025-04-30,39,Premium,2020,78780,Monthly,Credit Card,1,4.4,No
2870,Tanveer Palla,Female,29,Lucknow,2022-07-17,7,Basic,367,2569,Monthly,Wallet,11,2.8,Yes
2871,Upma Ravel,Female,30,Mumbai,2024-12-20,5,Basic,469,2345,Monthly,Wallet,0,4.0,No
2872,Kala Naik,Female,32,Mumbai,2024-12-24,55,Standard,1031,56705,Monthly,UPI,13,4.5,No
2873,Vanya Khalsa,Male,38,Delhi,2022-03-18,44,Standard,780,34320,Yearly,Net Banking,15,2.9,No
2874,Rajata Krishna,Female,39,Mumbai,2025-01-29,10,Standard,758,7580,Two Year,Net Banking,14,3.4,No
2875,Daksha Srivastava,Male,65,Delhi,2026-03-07,14,Premium,2242,31388,Monthly,Wallet,13,1.6,Yes
2876,Aadi Baria,Male,43,Lucknow,2022-04-14,32,Basic,616,19712,Monthly,UPI,3,3.4,No
2877,Ayaan Mistry,Male,19,Pune,2021-11-13,51,Basic,411,20961,Yearly,Credit Card,13,4.1,No
2878,Charan Natarajan,Female,56,Lucknow,2026-02-08,37,Standard,931,34447,Monthly,UPI,14,3.6,Yes
2879,Hritik Wagle,Male,18,Bangalore,2021-09-19,24,Premium,1315,31560,Monthly,Net Banking,10,1.2,Yes
2880,Gautam Nagar,Female,58,Pune,2023-07-24,48,Premium,1699,81552,Yearly,UPI,1,4.5,No
2881,Nikita Das,Male,35,Delhi,2025-05-08,11,Standard,957,10527,Monthly,Wallet,12,1.2,Yes
2882,Eshana Ramachandran,Female,58,Mumbai,2023-07-13,50,Standard,805,40250,Monthly,Wallet,14,3.7,No
2883,Michael Agrawal,Male,53,Bangalore,2024-12-11,46,Standard,822,37812,Yearly,Net Banking,3,1.2,Yes
2884,Ekapad Misra,Female,21,Mumbai,2025-03-04,12,Basic,684,8208,Monthly,Wallet,7,2.0,Yes
2885,Guneet Sharaf,Male,29,Delhi,2025-11-14,20,Basic,301,6020,Monthly,Wallet,5,2.4,Yes
2886,Balendra Mittal,Female,32,Kolkata,2022-05-01,48,Basic,674,32352,Monthly,UPI,12,3.1,No
2887,Tanmayi Saini,Female,33,Kolkata,2021-09-19,16,Standard,1046,16736,Yearly,Wallet,2,3.6,No
2888,Tanish Munshi,Female,48,Bangalore,2025-12-07,1,Standard,961,961,Yearly,UPI,9,3.6,No
2889,Hemani Talwar,Female,18,Ahmedabad,2026-01-24,3,Basic,366,1098,Monthly,UPI,3,4.1,No
2890,Aashi Hari,Female,24,Bangalore,2022-01-06,28,Basic,587,16436,Monthly,Credit Card,0,4.2,No
2891,Aahana Behl,Male,57,Hyderabad,2024-05-10,30,Basic,490,14700,Monthly,Debit Card,3,4.5,No
2892,Finn Sur,Female,40,Pune,2024-08-01,24,Basic,486,11664,Monthly,Net Banking,15,1.6,Yes
2893,Tarak Basak,Female,46,Mumbai,2023-06-21,53,Basic,395,20935,Monthly,Wallet,15,1.3,Yes
2894,Omisha Das,Female,24,Bangalore,2024-11-24,33,Standard,772,25476,Two Year,Net Banking,7,3.3,No
2895,Ayushman Thaman,Female,31,Ahmedabad,2023-01-04,49,Premium,2102,102998,Yearly,UPI,0,2.5,Yes
2896,Karan Randhawa,Male,28,Bangalore,2024-09-04,13,Standard,1136,14768,Yearly,Credit Card,9,4.3,No
2897,Caleb Cherian,Male,37,Hyderabad,2022-07-20,44,Standard,1067,46948,Yearly,Net Banking,9,3.7,No
2898,Wridesh Dhar,Male,22,Ahmedabad,2023-11-07,57,Basic,553,31521,Monthly,Net Banking,6,1.0,Yes
2899,Yochana Korpal,Female,50,Chennai,2023-02-24,50,Basic,452,22600,Monthly,UPI,3,2.5,Yes
2900,Rohan Hora,Female,34,Ahmedabad,2026-05-21,39,Basic,572,22308,Yearly,UPI,6,4.5,No
2901,Vasudha Thaker,Female,19,Chennai,2024-01-25,54,Basic,460,24840,Monthly,Net Banking,12,3.4,Yes
2902,Ethan Chakraborty,Male,49,Lucknow,2024-07-01,36,Standard,1192,42912,Monthly,Credit Card,0,2.1,No
2903,Jagat Buch,Male,65,Bangalore,2025-06-05,26,Standard,1053,27378,Two Year,Wallet,11,3.3,Yes
2904,Osha Handa,Male,35,Mumbai,2023-02-10,8,Standard,785,6280,Monthly,UPI,1,2.5,Yes
2905,Oliver Narula,Male,52,Ahmedabad,2021-12-05,59,Basic,493,29087,Yearly,Credit Card,4,3.3,No
2906,Eta Devan,Male,46,Lucknow,2025-05-29,9,Standard,843,7587,Monthly,Net Banking,6,1.1,Yes
2907,Yashodhara Pandey,Female,54,Ahmedabad,2025-04-27,42,Basic,545,22890,Monthly,Debit Card,14,3.1,No
2908,Ekani Majumdar,Male,24,Ahmedabad,2025-01-24,38,Standard,1019,38722,Yearly,UPI,10,1.6,Yes
2909,Avni Golla,Male,53,Lucknow,2024-04-08,8,Basic,509,4072,Yearly,Wallet,13,2.4,Yes
2910,Keya Bains,Female,44,Chennai,2024-10-07,43,Basic,304,13072,Monthly,UPI,15,1.8,Yes
2911,Riya Nigam,Female,40,Ahmedabad,2022-08-30,27,Basic,348,9396,Monthly,Credit Card,14,4.9,Yes
2912,Ekapad Agarwal,Male,49,Jaipur,2024-10-13,48,Premium,2048,98304,Monthly,Wallet,9,3.4,Yes
2913,Manbir Murty,Male,62,Delhi,2025-02-24,5,Basic,408,2040,Yearly,UPI,1,2.6,No
2914,Triya Maharaj,Female,30,Bangalore,2026-02-15,49,Basic,306,14994,Monthly,UPI,13,5.0,No
2915,Samaksh Mishra,Male,22,Ahmedabad,2024-03-11,25,Basic,653,16325,Monthly,Wallet,3,4.2,Yes
2916,Zayyan Dalal,Male,33,Ahmedabad,2025-04-16,56,Standard,837,46872,Yearly,Credit Card,1,2.2,No
2917,Gayathri Dutta,Female,62,Kolkata,2025-05-07,39,Basic,451,17589,Monthly,Credit Card,10,3.0,No
2918,Ucchal Sunder,Female,64,Chennai,2025-12-18,44,Standard,1000,44000,Yearly,Wallet,3,1.6,No
2919,Upkaar Solanki,Female,22,Lucknow,2022-05-30,41,Basic,464,19024,Yearly,Credit Card,10,1.4,Yes
2920,Naveen Chandra,Female,29,Mumbai,2025-08-24,21,Standard,1149,24129,Monthly,Credit Card,8,4.3,No
2921,Saksham Naidu,Female,40,Hyderabad,2021-11-23,46,Basic,319,14674,Monthly,UPI,12,1.9,Yes
2922,Harinakshi Pillai,Female,42,Chennai,2024-01-25,53,Basic,695,36835,Yearly,UPI,10,1.9,No
2923,Simon Bansal,Female,57,Delhi,2023-12-21,39,Basic,695,27105,Two Year,Wallet,12,3.1,No
2924,Owen Peri,Female,64,Delhi,2021-09-18,28,Standard,856,23968,Monthly,Wallet,14,1.5,Yes
2925,Rushil Parikh,Male,39,Mumbai,2023-07-07,48,Standard,1143,54864,Monthly,Net Banking,3,2.8,Yes
2926,Shravya Sengupta,Female,30,Kolkata,2022-06-08,26,Standard,734,19084,Two Year,Net Banking,6,4.9,No
2927,Kabir Ramanathan,Male,63,Bangalore,2021-07-18,2,Standard,769,1538,Monthly,Debit Card,7,3.8,No
2928,Joshua Kashyap,Male,21,Kolkata,2022-08-07,9,Standard,1030,9270,Monthly,Credit Card,8,1.4,No
2929,Krisha Doctor,Male,59,Hyderabad,2022-01-20,12,Standard,922,11064,Monthly,Debit Card,0,1.4,No
2930,Oni Gola,Male,28,Hyderabad,2024-01-16,18,Basic,689,12402,Two Year,Credit Card,8,1.6,No
2931,Girindra Mahajan,Female,62,Mumbai,2026-04-06,52,Premium,1953,101556,Monthly,UPI,9,2.8,Yes
2932,Alexander Sarraf,Female,18,Lucknow,2025-07-25,43,Standard,918,39474,Yearly,Wallet,10,2.7,No
2933,Vedant Wason,Female,20,Pune,2023-12-11,19,Basic,553,10507,Monthly,Debit Card,2,4.6,Yes
2934,Urvashi Sachdev,Male,50,Bangalore,2025-05-29,54,Standard,853,46062,Two Year,Net Banking,2,3.7,No
2935,Lakshmi Bhasin,Female,57,Hyderabad,2022-08-14,56,Basic,699,39144,Monthly,Credit Card,6,2.3,No
2936,Harrison Shroff,Female,63,Kolkata,2024-11-13,48,Standard,789,37872,Monthly,Net Banking,5,2.0,Yes
2937,Meghana Kulkarni,Male,32,Jaipur,2022-03-25,38,Standard,916,34808,Yearly,Net Banking,5,3.3,No
2938,Bahadurjit Singhal,Male,57,Chennai,2021-10-06,6,Standard,747,4482,Two Year,Debit Card,6,3.4,No
2939,Ati Rajagopalan,Female,61,Bangalore,2024-11-14,9,Basic,623,5607,Two Year,Wallet,9,1.0,No
2940,Libni Pal,Male,33,Hyderabad,2023-10-14,48,Basic,509,24432,Monthly,Credit Card,9,3.7,Yes
2941,Lavanya Chauhan,Female,64,Delhi,2024-10-10,31,Basic,677,20987,Yearly,Wallet,13,4.6,No
2942,Maanav Seth,Male,42,Lucknow,2024-09-13,28,Standard,885,24780,Two Year,Credit Card,5,2.1,No
2943,Banjeet Magar,Male,54,Pune,2023-01-25,36,Basic,310,11160,Monthly,Credit Card,6,2.4,Yes
2944,Bhavini Ganguly,Female,58,Delhi,2024-12-22,49,Premium,2497,122353,Two Year,Credit Card,11,3.4,No
2945,Unnati Borde,Male,38,Lucknow,2023-06-25,37,Standard,1163,43031,Yearly,UPI,13,2.1,No
2946,Ranveer Dhaliwal,Male,18,Delhi,2025-08-13,54,Premium,2029,109566,Monthly,Wallet,8,2.8,Yes
2947,Advay Mohan,Female,36,Lucknow,2021-08-26,52,Standard,840,43680,Monthly,Net Banking,14,1.8,Yes
2948,Ekaja Bath,Female,62,Mumbai,2024-11-04,43,Basic,522,22446,Monthly,Net Banking,8,2.8,Yes
2949,Logan Aurora,Male,34,Lucknow,2025-11-12,45,Premium,1245,56025,Two Year,Net Banking,13,3.3,No
2950,Aarav Bora,Female,63,Ahmedabad,2023-04-07,59,Basic,313,18467,Two Year,UPI,6,4.2,No
2951,Andrew Mitter,Female,22,Jaipur,2023-12-20,22,Basic,483,10626,Monthly,Wallet,10,1.0,No
2952,Amaira Parikh,Male,31,Hyderabad,2025-04-12,28,Premium,1396,39088,Monthly,Credit Card,9,2.0,Yes
2953,Mitali Pandey,Female,38,Delhi,2022-05-13,24,Standard,1027,24648,Two Year,Debit Card,10,1.1,No
2954,Vrinda Talwar,Female,20,Bangalore,2025-04-07,51,Standard,1138,58038,Yearly,Debit Card,7,2.9,No
2955,Pushti Pandya,Male,39,Ahmedabad,2023-05-19,58,Basic,587,34046,Monthly,UPI,15,4.3,No
2956,Jairaj Dayal,Female,45,Bangalore,2025-09-29,20,Premium,1466,29320,Monthly,Net Banking,7,3.2,No
2957,Azaan Srivastava,Male,51,Hyderabad,2024-05-16,56,Premium,2253,126168,Two Year,Wallet,2,3.5,No
2958,Yamini Krishnan,Male,38,Jaipur,2022-10-08,16,Standard,908,14528,Two Year,Debit Card,1,3.7,No
2959,Tristan Borde,Male,46,Jaipur,2021-10-28,15,Basic,343,5145,Monthly,Wallet,2,4.4,No
2960,Meera Venkataraman,Female,59,Jaipur,2025-12-30,25,Standard,743,18575,Two Year,Debit Card,6,1.0,No
2961,Meera Kurian,Male,31,Kolkata,2022-12-17,10,Premium,2202,22020,Monthly,Debit Card,12,4.0,Yes
2962,Faqid Palan,Female,31,Lucknow,2025-12-06,27,Basic,399,10773,Yearly,Debit Card,6,2.0,No
2963,Prisha Rama,Male,61,Bangalore,2023-06-12,26,Standard,1006,26156,Monthly,Credit Card,7,1.9,Yes
2964,Ekantika Luthra,Male,46,Chennai,2021-12-13,15,Basic,647,9705,Monthly,UPI,15,3.9,No
2965,Vritti Bhakta,Female,29,Kolkata,2023-03-20,57,Standard,843,48051,Two Year,Credit Card,14,2.8,No
2966,Peter Kant,Female,49,Hyderabad,2026-04-12,25,Basic,500,12500,Monthly,Net Banking,10,3.8,No
2967,Frederick Swaminathan,Female,50,Pune,2023-10-12,50,Premium,2455,122750,Monthly,Credit Card,9,3.6,No
2968,Kashish Palla,Male,33,Ahmedabad,2024-11-05,38,Basic,397,15086,Monthly,Net Banking,14,4.1,No
2969,Unnati Divan,Male,48,Kolkata,2025-01-02,30,Standard,943,28290,Monthly,Net Banking,8,4.5,No
2970,Varsha Sahni,Male,38,Ahmedabad,2021-12-04,23,Basic,605,13915,Monthly,Credit Card,6,2.2,Yes
2971,Benjamin Raman,Male,54,Hyderabad,2021-08-22,42,Standard,730,30660,Yearly,UPI,1,4.2,No
2972,Frederick Chawla,Female,64,Hyderabad,2021-09-16,51,Standard,903,46053,Monthly,Debit Card,4,2.0,Yes
2973,Charita Devan,Female,29,Chennai,2025-04-04,16,Standard,1190,19040,Two Year,Credit Card,13,2.5,No
2974,Tripti Sathe,Male,34,Ahmedabad,2025-11-03,27,Standard,716,19332,Yearly,UPI,0,4.4,No
2975,Rachana Devi,Female,44,Mumbai,2022-10-04,55,Premium,1361,74855,Monthly,UPI,7,4.3,No
2976,Veda Chowdhury,Male,23,Jaipur,2023-01-01,39,Standard,1006,39234,Yearly,UPI,12,4.3,Yes
2977,Zilmil Kara,Female,43,Kolkata,2023-06-24,44,Premium,2228,98032,Monthly,UPI,14,4.2,No
2978,Zehaan Dugar,Female,50,Ahmedabad,2022-03-16,20,Standard,940,18800,Monthly,UPI,2,3.0,Yes
2979,Jairaj Bhardwaj,Female,53,Bangalore,2023-01-07,18,Standard,1075,19350,Yearly,Wallet,12,3.7,No
2980,Ladli Sant,Female,19,Jaipur,2024-10-30,2,Standard,1064,2128,Monthly,Wallet,12,2.4,No
2981,Hritik Dua,Male,54,Bangalore,2022-08-15,5,Basic,384,1920,Yearly,Net Banking,7,1.0,Yes
2982,Yahvi Raja,Female,29,Bangalore,2023-06-20,28,Premium,1235,34580,Monthly,UPI,15,3.7,Yes
2983,Urishilla Bhatia,Female,20,Hyderabad,2024-07-10,17,Basic,334,5678,Monthly,Net Banking,2,3.1,No
2984,Umang Ramanathan,Female,28,Hyderabad,2022-02-17,20,Standard,824,16480,Monthly,Net Banking,2,2.0,No
2985,Udarsh Jhaveri,Female,24,Delhi,2025-04-07,20,Premium,1462,29240,Monthly,Credit Card,10,3.4,No
2986,Tanish Mani,Male,52,Kolkata,2024-12-25,59,Standard,1100,64900,Yearly,Net Banking,7,4.4,No
2987,Janani Tara,Male,41,Mumbai,2023-07-30,20,Premium,2217,44340,Monthly,Wallet,3,1.8,Yes
2988,Ati Ramanathan,Female,38,Jaipur,2025-06-05,44,Basic,372,16368,Monthly,UPI,11,1.8,Yes
2989,Samuel Pingle,Male,49,Jaipur,2026-03-14,23,Basic,618,14214,Two Year,Wallet,11,3.6,No
2990,Balvan Kannan,Female,63,Mumbai,2024-05-16,21,Basic,618,12978,Two Year,Credit Card,1,4.2,No
2991,Frado Murthy,Female,57,Bangalore,2024-03-25,36,Premium,1876,67536,Monthly,Credit Card,3,2.5,Yes
2992,Lavanya Kaul,Male,53,Delhi,2021-09-20,35,Basic,349,12215,Yearly,UPI,9,3.1,No
2993,Xalak Bhargava,Male,63,Lucknow,2025-12-05,13,Premium,1333,17329,Two Year,Credit Card,12,1.8,No
2994,William Garde,Male,21,Lucknow,2024-01-23,20,Premium,1410,28200,Yearly,UPI,11,3.3,No
2995,Ekaja Wable,Male,36,Kolkata,2023-03-17,12,Basic,460,5520,Monthly,UPI,6,2.2,Yes
2996,Ekapad Chatterjee,Male,22,Pune,2024-03-25,13,Basic,470,6110,Two Year,Credit Card,11,2.4,No
2997,Falak Patla,Male,60,Mumbai,2025-06-02,3,Basic,457,1371,Monthly,UPI,14,2.8,Yes
2998,Hemangini Wagle,Female,38,Ahmedabad,2022-12-25,40,Premium,2034,81360,Monthly,Net Banking,9,3.7,Yes
2999,Advaith Bahri,Female,25,Jaipur,2022-10-14,48,Premium,2085,100080,Monthly,Credit Card,9,2.3,Yes
3000,Aadhya Sundaram,Male,44,Hyderabad,2022-03-11,39,Standard,772,30108,Monthly,UPI,8,2.4,No
3001,Caleb Kothari,Male,62,Kolkata,2021-10-20,60,Standard,1075,64500,Two Year,Net Banking,0,2.7,No
3002,Turvi Bumb,Female,26,Mumbai,2024-07-22,45,Standard,708,31860,Monthly,Net Banking,4,1.6,No
3003,Pranit Sagar,Female,40,Kolkata,2025-06-20,35,Basic,557,19495,Two Year,Credit Card,4,3.7,No
3004,Aradhana Dewan,Male,51,Chennai,2023-03-09,42,Standard,1127,47334,Yearly,Debit Card,12,4.8,No
3005,Unni Ghosh,Male,26,Pune,2021-08-15,32,Standard,1177,37664,Yearly,Net Banking,0,1.0,No
3006,Harrison Varty,Male,27,Delhi,2024-04-18,9,Standard,982,8838,Yearly,UPI,1,3.8,No
3007,Varsha Bhatia,Male,34,Chennai,2026-02-28,42,Standard,1167,49014,Two Year,Wallet,10,3.5,No
3008,Nicholas Sabharwal,Male,63,Delhi,2026-05-30,30,Premium,1496,44880,Yearly,Debit Card,2,2.2,Yes
3009,Hemang Bobal,Female,19,Kolkata,2025-08-06,44,Premium,1247,54868,Yearly,UPI,4,4.7,No
3010,Mohini Soni,Female,40,Hyderabad,2022-09-09,19,Standard,788,14972,Yearly,Net Banking,5,2.0,Yes
3011,Arjun Wali,Male,34,Mumbai,2025-03-20,17,Standard,1111,18887,Monthly,Wallet,10,1.2,Yes
3012,Lakshit Jani,Male,42,Pune,2022-12-10,47,Standard,869,40843,Monthly,Debit Card,8,1.8,Yes
3013,Darpan Hari,Female,64,Kolkata,2023-03-28,28,Premium,1651,46228,Yearly,Debit Card,15,3.1,No
3014,Janya Swamy,Female,60,Delhi,2025-06-26,28,Standard,1166,32648,Two Year,Net Banking,7,1.3,No
3015,Chasmum Sagar,Male,64,Chennai,2024-10-26,42,Basic,370,15540,Two Year,Wallet,0,4.5,No
3016,Faraj Dugal,Female,23,Lucknow,2024-10-03,25,Basic,443,11075,Monthly,Wallet,8,3.7,No
3017,Ansh Varughese,Female,51,Lucknow,2023-02-23,1,Basic,308,308,Monthly,Debit Card,3,4.0,No
3018,Rachit Korpal,Male,34,Ahmedabad,2022-10-02,47,Basic,386,18142,Two Year,Wallet,9,2.2,Yes
3019,Girindra Devan,Male,55,Pune,2026-02-19,47,Basic,485,22795,Monthly,UPI,14,1.5,Yes
3020,Gabriel Manda,Male,60,Kolkata,2022-10-03,48,Standard,810,38880,Yearly,Net Banking,10,3.9,No
3021,Aryan Uppal,Female,39,Kolkata,2026-01-13,1,Premium,1723,1723,Two Year,Credit Card,12,4.3,Yes
3022,Laban Lad,Male,51,Bangalore,2022-12-28,38,Premium,1952,74176,Yearly,Wallet,5,4.5,No
3023,Oliver Pall,Female,31,Delhi,2022-04-18,58,Basic,691,40078,Monthly,Net Banking,6,1.6,No
3024,Mohammed Hans,Female,49,Kolkata,2021-07-15,58,Standard,875,50750,Monthly,Net Banking,9,3.7,Yes
3025,Anthony Gour,Female,64,Hyderabad,2023-09-23,33,Basic,504,16632,Monthly,Wallet,7,2.9,Yes
3026,Bhavika Brar,Male,23,Ahmedabad,2023-08-31,21,Premium,2172,45612,Monthly,Debit Card,2,1.9,Yes
3027,Lavanya Mandal,Female,35,Jaipur,2022-09-30,58,Basic,663,38454,Monthly,Net Banking,5,4.7,No
3028,Veda Sami,Female,61,Bangalore,2025-04-03,18,Basic,651,11718,Monthly,Net Banking,9,4.9,No
3029,Advaith Chada,Female,45,Hyderabad,2022-05-08,29,Basic,361,10469,Two Year,Debit Card,3,4.2,No
3030,Prisha Bhatnagar,Female,59,Kolkata,2023-05-18,15,Basic,508,7620,Monthly,Debit Card,10,1.3,Yes
3031,Brijesh Merchant,Male,21,Lucknow,2024-04-21,57,Basic,506,28842,Monthly,Credit Card,13,2.0,Yes
3032,Teerth Varkey,Male,20,Mumbai,2022-01-29,23,Standard,1118,25714,Monthly,Debit Card,3,2.6,Yes
3033,Nathaniel Patil,Female,52,Chennai,2026-03-23,37,Standard,1027,37999,Monthly,Debit Card,8,1.6,No
3034,Ekansh Kar,Female,45,Delhi,2025-04-04,50,Standard,785,39250,Monthly,UPI,13,3.2,Yes
3035,Gautami Saini,Male,30,Hyderabad,2024-02-26,52,Standard,959,49868,Two Year,Wallet,8,1.0,Yes
3036,Meera Walla,Female,51,Kolkata,2023-08-06,1,Basic,470,470,Two Year,Net Banking,14,4.0,Yes
3037,Falguni Sharma,Male,40,Chennai,2022-08-07,48,Standard,1175,56400,Monthly,Wallet,8,2.1,Yes
3038,Deepa Hora,Female,65,Kolkata,2021-06-27,10,Premium,1283,12830,Yearly,Credit Card,13,2.9,No
3039,Ekavir Mann,Female,57,Lucknow,2022-07-09,32,Basic,622,19904,Monthly,UPI,6,2.6,Yes
3040,Benjamin Randhawa,Male,50,Pune,2025-03-02,7,Standard,778,5446,Yearly,UPI,11,2.6,Yes
3041,Balendra Gill,Male,61,Ahmedabad,2025-04-17,11,Premium,1931,21241,Two Year,Net Banking,6,3.2,No
3042,Vedhika Issac,Female,34,Chennai,2026-06-08,22,Premium,2324,51128,Monthly,Wallet,5,2.5,No
3043,Krish Kumar,Male,46,Jaipur,2024-03-21,24,Basic,628,15072,Yearly,Wallet,9,4.0,Yes
3044,Sneha Wagle,Male,56,Jaipur,2025-09-08,50,Premium,2184,109200,Two Year,UPI,2,3.7,No
3045,Bakhshi Deshpande,Female,56,Bangalore,2024-02-25,30,Standard,889,26670,Monthly,Debit Card,8,2.2,No
3046,Zarna Sankar,Male,51,Pune,2026-05-21,14,Standard,919,12866,Two Year,Wallet,5,3.1,No
3047,Isaiah Boase,Male,48,Delhi,2022-08-01,31,Basic,527,16337,Monthly,Debit Card,12,4.1,Yes
3048,Gautami Pingle,Female,32,Kolkata,2025-03-02,21,Basic,613,12873,Monthly,Wallet,6,3.6,No
3049,Girish Oak,Male,27,Delhi,2022-03-10,31,Standard,752,23312,Monthly,Wallet,13,4.2,Yes
3050,Damyanti Uppal,Male,37,Mumbai,2022-01-21,18,Standard,1139,20502,Two Year,Debit Card,15,2.6,Yes
3051,Netra Shroff,Male,25,Pune,2023-06-10,14,Basic,537,7518,Monthly,Debit Card,1,3.7,Yes
3052,Samuel Datta,Male,60,Hyderabad,2026-02-26,30,Standard,817,24510,Yearly,Wallet,8,2.0,No
3053,Madhavi Pau,Female,43,Hyderabad,2021-08-22,31,Basic,480,14880,Two Year,UPI,14,4.8,No
3054,Harish Nori,Female,52,Pune,2021-10-13,15,Basic,631,9465,Two Year,Debit Card,15,2.2,Yes
3055,Patrick Taneja,Female,41,Pune,2022-12-09,30,Basic,640,19200,Monthly,Wallet,7,4.4,No
3056,Azad Lalla,Female,49,Pune,2026-05-05,2,Premium,2392,4784,Yearly,Wallet,11,2.9,No
3057,Ishwar Batra,Male,30,Kolkata,2023-12-16,7,Standard,906,6342,Monthly,Credit Card,8,3.5,No
3058,Chanchal Menon,Female,19,Ahmedabad,2023-08-09,16,Basic,676,10816,Yearly,UPI,9,2.8,Yes
3059,Aarna Sura,Male,34,Ahmedabad,2022-04-16,17,Standard,1003,17051,Two Year,Wallet,14,3.5,Yes
3060,Yutika Badal,Male,53,Pune,2024-08-17,32,Standard,1112,35584,Two Year,Debit Card,7,4.9,No
3061,Chandani Kunda,Female,41,Kolkata,2025-08-12,37,Basic,321,11877,Yearly,UPI,6,3.0,No
3062,Charles Kaul,Male,47,Pune,2023-10-13,8,Standard,797,6376,Yearly,Wallet,12,1.4,Yes
3063,Abdul Dhingra,Female,47,Lucknow,2023-06-13,44,Basic,320,14080,Yearly,Debit Card,14,4.0,No
3064,Mason Chopra,Female,38,Mumbai,2022-04-02,37,Basic,578,21386,Monthly,Net Banking,5,4.8,No
3065,Jagvi Ranganathan,Male,60,Jaipur,2025-04-24,58,Standard,756,43848,Yearly,Wallet,11,3.3,No
3066,Max Manne,Female,33,Pune,2024-02-13,28,Standard,1046,29288,Monthly,Debit Card,6,4.2,No
3067,Anay Madan,Male,52,Jaipur,2024-06-30,46,Standard,908,41768,Monthly,Credit Card,1,2.8,Yes
3068,Chatresh Parikh,Male,57,Delhi,2023-03-25,18,Standard,1195,21510,Monthly,UPI,11,4.3,No
3069,Sai Seshadri,Female,57,Chennai,2021-12-27,18,Basic,609,10962,Monthly,Net Banking,9,1.7,Yes
3070,Yamini Nagi,Male,62,Hyderabad,2024-08-15,26,Premium,1660,43160,Monthly,Wallet,13,2.8,Yes
3071,Pooja Gola,Female,61,Chennai,2024-07-01,2,Basic,693,1386,Two Year,Debit Card,0,3.7,No
3072,Mugdha Gulati,Male,50,Bangalore,2021-11-16,50,Standard,1131,56550,Monthly,Debit Card,4,2.6,No
3073,Aditya Puri,Female,63,Mumbai,2023-08-16,12,Premium,2050,24600,Monthly,Credit Card,15,4.2,Yes
3074,Jackson Randhawa,Male,23,Bangalore,2021-10-09,57,Standard,1090,62130,Yearly,Credit Card,13,4.8,No
3075,Caleb More,Male,42,Mumbai,2022-04-10,13,Standard,785,10205,Monthly,UPI,5,2.3,No
3076,Wriddhish Lata,Female,43,Pune,2025-09-28,38,Standard,1028,39064,Yearly,Net Banking,4,4.4,No
3077,Vanya Krishnan,Male,41,Pune,2023-01-18,17,Standard,839,14263,Monthly,Debit Card,11,3.8,No
3078,Aarav Gandhi,Female,46,Chennai,2024-10-17,19,Premium,1424,27056,Yearly,Wallet,10,1.3,Yes
3079,Pranav Dhaliwal,Male,46,Kolkata,2025-02-08,2,Standard,773,1546,Monthly,Wallet,3,3.8,Yes
3080,Saanvi Raja,Male,34,Kolkata,2021-11-27,20,Standard,974,19480,Yearly,Credit Card,8,4.4,No
3081,Yashawini Vohra,Female,35,Delhi,2025-07-01,11,Basic,338,3718,Monthly,UPI,7,1.8,No
3082,Yahvi Sarma,Male,50,Ahmedabad,2025-01-08,8,Basic,386,3088,Yearly,Net Banking,12,1.0,No
3083,Raksha Bhakta,Female,45,Mumbai,2025-09-16,59,Basic,547,32273,Monthly,Wallet,0,5.0,Yes
3084,Upadhriti Dhingra,Female,59,Ahmedabad,2023-09-17,16,Standard,893,14288,Monthly,UPI,11,1.0,Yes
3085,Udarsh Srinivas,Female,53,Delhi,2021-11-07,41,Standard,1190,48790,Monthly,Debit Card,4,1.2,No
3086,Dhriti Chhabra,Male,42,Hyderabad,2024-04-21,7,Standard,1116,7812,Yearly,Debit Card,1,1.9,No
3087,Vyanjana Vaidya,Male,43,Delhi,2025-03-09,51,Standard,1014,51714,Monthly,Debit Card,9,1.4,Yes
3088,Oliver Ganesh,Female,54,Delhi,2021-10-07,46,Premium,1672,76912,Yearly,Wallet,0,2.5,Yes
3089,Samuel Murty,Female,60,Mumbai,2022-10-05,47,Standard,949,44603,Yearly,Wallet,7,2.2,No
3090,Nandini Swaminathan,Male,30,Kolkata,2022-08-29,29,Standard,763,22127,Yearly,Wallet,11,3.2,No
3091,William Chadha,Male,39,Chennai,2021-11-28,10,Standard,937,9370,Two Year,UPI,14,2.1,Yes
3092,Radha Deol,Female,18,Bangalore,2025-01-22,39,Basic,503,19617,Yearly,Credit Card,10,4.8,No
3093,Aadhya Bhakta,Female,41,Hyderabad,2026-05-04,8,Standard,1076,8608,Two Year,Wallet,0,3.2,No
3094,Idika Swaminathan,Female,30,Lucknow,2022-05-24,1,Basic,608,608,Monthly,UPI,11,3.2,No
3095,Vivaan Kata,Female,37,Pune,2023-10-03,1,Standard,929,929,Monthly,Debit Card,10,4.4,Yes
3096,Vasatika Kalita,Male,65,Mumbai,2022-02-23,25,Standard,1095,27375,Yearly,Debit Card,11,1.5,No
3097,Guneet Kanda,Female,41,Jaipur,2022-02-11,4,Premium,1381,5524,Monthly,Wallet,7,1.8,No
3098,Hemani Dhingra,Female,24,Ahmedabad,2022-12-05,46,Standard,996,45816,Monthly,Net Banking,7,2.4,Yes
3099,Wriddhish Mistry,Female,21,Lucknow,2024-07-24,6,Premium,1254,7524,Monthly,Debit Card,11,2.6,Yes
3100,Falan Balay,Female,34,Jaipur,2023-08-06,5,Basic,657,3285,Monthly,Credit Card,10,1.4,Yes
3101,Rayaan Dalal,Female,53,Hyderabad,2021-07-24,49,Standard,984,48216,Yearly,UPI,6,2.0,Yes
3102,Nihal Sankar,Female,21,Delhi,2022-06-29,49,Standard,1091,53459,Two Year,Net Banking,14,2.9,No
3103,Teerth Buch,Male,23,Ahmedabad,2025-06-30,18,Basic,466,8388,Two Year,Credit Card,14,3.7,No
3104,Dalbir Bedi,Female,39,Ahmedabad,2023-10-30,3,Basic,390,1170,Monthly,Debit Card,13,4.0,Yes
3105,Agastya Savant,Male,55,Hyderabad,2021-10-19,56,Basic,699,39144,Monthly,Net Banking,8,4.6,No
3106,Aishani Seth,Female,36,Bangalore,2021-08-18,47,Premium,1439,67633,Yearly,Net Banking,11,2.5,Yes
3107,Warinder Sur,Female,48,Kolkata,2024-09-01,4,Standard,1099,4396,Two Year,UPI,11,4.3,No
3108,Hitesh Tak,Female,41,Hyderabad,2021-10-11,7,Basic,547,3829,Two Year,Debit Card,15,2.6,Yes
3109,Nachiket Bhavsar,Female,61,Lucknow,2024-03-30,27,Basic,376,10152,Yearly,Credit Card,14,1.6,No
3110,Max Deshpande,Male,56,Jaipur,2021-07-27,19,Standard,837,15903,Two Year,Debit Card,0,4.0,No
3111,Chaman Keer,Female,64,Lucknow,2024-10-25,44,Basic,478,21032,Yearly,Wallet,0,4.4,No
3112,Lipika Bail,Female,20,Lucknow,2023-03-04,12,Premium,2035,24420,Monthly,Net Banking,4,4.7,Yes
3113,Anamika Grover,Male,54,Lucknow,2024-05-22,57,Standard,933,53181,Monthly,Net Banking,11,2.9,Yes
3114,Baghyawati Dash,Female,22,Mumbai,2022-02-27,10,Basic,554,5540,Monthly,UPI,5,4.5,Yes
3115,Chaitanya Sur,Male,44,Jaipur,2025-09-24,29,Standard,883,25607,Monthly,Credit Card,13,1.7,Yes
3116,Christopher Char,Male,31,Lucknow,2022-09-17,19,Basic,418,7942,Monthly,Wallet,7,1.2,No
3117,Ayushman Kala,Male,42,Lucknow,2023-06-05,60,Basic,443,26580,Monthly,Debit Card,12,4.3,No
3118,Shivani Mittal,Male,39,Ahmedabad,2021-12-21,46,Basic,301,13846,Monthly,Wallet,11,3.6,Yes
3119,Divya Chhabra,Female,33,Ahmedabad,2024-04-21,57,Basic,698,39786,Monthly,UPI,9,1.4,Yes
3120,Urvi Bandi,Female,36,Jaipur,2025-04-23,3,Standard,1141,3423,Two Year,Net Banking,8,3.1,No
3121,Chanakya Din,Female,40,Hyderabad,2022-10-23,50,Premium,1702,85100,Monthly,Credit Card,0,2.0,Yes
3122,Ganga Vasa,Female,26,Pune,2021-11-19,34,Premium,1863,63342,Monthly,Debit Card,14,2.6,Yes
3123,Dayita Chand,Female,52,Kolkata,2022-05-25,52,Basic,585,30420,Two Year,UPI,13,3.2,Yes
3124,Watika Bhandari,Male,22,Ahmedabad,2024-01-07,44,Basic,417,18348,Yearly,UPI,4,1.7,No
3125,Xalak Venkatesh,Female,31,Lucknow,2025-11-02,58,Premium,2472,143376,Two Year,Wallet,10,3.2,No
3126,Viraj Sane,Female,30,Mumbai,2024-02-11,43,Basic,541,23263,Yearly,Debit Card,15,1.6,No
3127,Vincent Aurora,Male,48,Lucknow,2023-06-19,52,Basic,458,23816,Yearly,Net Banking,13,1.7,No
3128,Chaman Goda,Male,48,Delhi,2025-11-03,20,Basic,518,10360,Monthly,UPI,6,4.0,Yes
3129,Sachi Wali,Male,27,Delhi,2025-02-22,21,Basic,321,6741,Monthly,Credit Card,15,2.2,No
3130,Manan Buch,Female,41,Hyderabad,2022-09-03,44,Basic,660,29040,Yearly,Debit Card,0,1.3,No
3131,Falguni Saini,Male,21,Hyderabad,2023-12-11,18,Basic,441,7938,Yearly,Net Banking,4,3.6,No
3132,Jeet Nath,Female,28,Kolkata,2022-08-17,27,Basic,538,14526,Monthly,Wallet,0,4.1,No
3133,Hitesh Sagar,Female,21,Ahmedabad,2025-11-04,29,Basic,387,11223,Two Year,Wallet,7,4.5,No
3134,Hritik Mukherjee,Female,50,Ahmedabad,2024-11-25,59,Standard,849,50091,Yearly,Credit Card,6,1.8,No
3135,Zaid Mitter,Male,34,Pune,2024-02-16,58,Basic,584,33872,Monthly,Net Banking,0,2.7,Yes
3136,Ekani Nayak,Female,50,Mumbai,2023-02-25,39,Basic,368,14352,Monthly,Wallet,2,2.1,No
3137,Janani Bhargava,Female,56,Ahmedabad,2023-11-15,41,Standard,748,30668,Monthly,Credit Card,3,3.3,No
3138,Tejas Dalal,Male,53,Pune,2026-05-27,2,Standard,879,1758,Monthly,Credit Card,4,1.2,No
3139,Michael Sethi,Female,54,Chennai,2026-03-27,16,Basic,376,6016,Two Year,Net Banking,14,4.4,No
3140,Michael Bhatti,Female,38,Mumbai,2026-01-10,38,Basic,382,14516,Yearly,UPI,3,2.4,Yes
3141,Baghyawati Deo,Male,19,Ahmedabad,2023-04-24,28,Premium,2437,68236,Yearly,Debit Card,2,2.1,No
3142,Anita Sandhu,Female,29,Hyderabad,2021-08-13,54,Premium,1819,98226,Yearly,Wallet,3,5.0,No
3143,Dakshesh Wali,Female,56,Mumbai,2022-06-21,52,Standard,821,42692,Yearly,Wallet,5,2.5,No
3144,Vasana Halder,Female,64,Ahmedabad,2024-10-31,60,Standard,1054,63240,Monthly,Credit Card,9,3.6,No
3145,Chakradev Tara,Female,37,Chennai,2024-02-01,49,Premium,2089,102361,Yearly,Debit Card,14,2.9,Yes
3146,Upkaar Banerjee,Male,56,Kolkata,2021-12-10,13,Standard,875,11375,Two Year,Debit Card,14,3.1,No
3147,Jeremiah Panchal,Male,28,Lucknow,2021-09-08,31,Basic,507,15717,Yearly,Wallet,9,1.9,No
3148,Abha Goda,Male,36,Ahmedabad,2025-04-24,4,Standard,815,3260,Monthly,Wallet,0,3.6,No
3149,Shaurya Prabhakar,Male,56,Mumbai,2023-05-25,56,Standard,725,40600,Yearly,Net Banking,1,3.3,No
3150,Vedant Mital,Male,43,Kolkata,2023-02-27,45,Basic,416,18720,Monthly,Credit Card,4,2.2,Yes
3151,Bhavika Jayaraman,Male,21,Lucknow,2022-10-12,9,Basic,604,5436,Monthly,UPI,1,1.9,Yes
3152,Oliver Kamdar,Male,47,Chennai,2021-12-14,46,Premium,2489,114494,Two Year,UPI,3,3.7,No
3153,Balhaar Garg,Male,34,Ahmedabad,2021-08-19,46,Basic,535,24610,Monthly,Debit Card,5,2.6,No
3154,Nilima Sheth,Female,26,Lucknow,2022-10-13,27,Standard,1103,29781,Monthly,Credit Card,0,3.5,No
3155,Ekani Butala,Female,28,Bangalore,2024-05-25,14,Premium,2450,34300,Yearly,Wallet,8,2.8,No
3156,Upadhriti D’Alia,Female,62,Ahmedabad,2025-11-15,35,Standard,1127,39445,Yearly,Net Banking,10,3.5,No
3157,Azaan Mody,Male,45,Bangalore,2021-09-27,52,Premium,1922,99944,Monthly,Debit Card,0,4.2,No
3158,Anay Kibe,Male,27,Lucknow,2021-09-13,30,Standard,820,24600,Monthly,Wallet,0,1.2,Yes
3159,Thomas Upadhyay,Female,44,Mumbai,2024-10-06,2,Standard,1060,2120,Two Year,Debit Card,1,2.7,No
3160,Manthan Srinivas,Male,63,Hyderabad,2024-04-16,20,Basic,557,11140,Monthly,Credit Card,10,2.3,Yes
3161,Krishna Cheema,Male,65,Kolkata,2025-03-30,42,Basic,505,21210,Yearly,Net Banking,4,3.9,No
3162,Ekansh Dyal,Female,32,Lucknow,2023-05-11,24,Premium,1748,41952,Two Year,Net Banking,7,3.5,No
3163,Lakshmi Tiwari,Female,29,Jaipur,2026-03-25,38,Basic,463,17594,Two Year,Net Banking,5,4.2,No
3164,Baljiwan Sen,Male,32,Chennai,2025-03-26,36,Standard,871,31356,Monthly,UPI,7,4.3,No
3165,Anamika Virk,Male,45,Hyderabad,2026-03-25,60,Standard,841,50460,Monthly,UPI,6,1.2,Yes
3166,Ira Om,Female,30,Ahmedabad,2023-06-10,55,Basic,450,24750,Yearly,Credit Card,8,1.1,No
3167,Vedant Narang,Male,33,Bangalore,2024-03-12,4,Basic,477,1908,Monthly,Debit Card,2,2.6,No
3168,Ira Zachariah,Female,52,Ahmedabad,2022-02-03,7,Premium,2198,15386,Yearly,UPI,11,4.8,Yes
3169,Jatin Behl,Male,59,Hyderabad,2023-10-13,52,Standard,1194,62088,Monthly,Debit Card,1,2.1,No
3170,Aishani Pillai,Female,23,Bangalore,2023-11-14,26,Basic,340,8840,Yearly,Debit Card,5,2.5,No
3171,Falak Goswami,Male,55,Mumbai,2025-09-26,15,Standard,1116,16740,Monthly,Credit Card,15,4.1,No
3172,Chaman Rau,Male,64,Hyderabad,2024-09-20,53,Premium,1907,101071,Two Year,Wallet,11,3.9,No
3173,Hritik Kala,Female,38,Pune,2025-08-27,17,Premium,1340,22780,Yearly,Net Banking,15,1.4,Yes
3174,Hredhaan Zacharia,Male,35,Kolkata,2023-09-30,8,Premium,2003,16024,Monthly,Credit Card,7,1.7,Yes
3175,Irya Dash,Male,60,Jaipur,2025-05-26,2,Premium,2081,4162,Monthly,Debit Card,13,1.5,Yes
3176,Varsha Gill,Male,47,Kolkata,2023-09-19,58,Premium,2085,120930,Monthly,UPI,4,1.0,Yes
3177,Lajita Biswas,Female,60,Kolkata,2025-09-07,21,Basic,378,7938,Monthly,Wallet,12,3.0,No
3178,Pranav Zachariah,Female,19,Jaipur,2023-08-25,29,Standard,739,21431,Monthly,UPI,6,3.8,No
3179,Kavya Sani,Female,64,Mumbai,2025-06-22,48,Standard,719,34512,Monthly,UPI,2,4.7,No
3180,Qarin Vohra,Male,20,Hyderabad,2025-03-15,47,Basic,376,17672,Monthly,Net Banking,3,3.2,No
3181,Anya Oommen,Female,63,Jaipur,2024-11-25,43,Basic,424,18232,Yearly,Debit Card,3,2.6,Yes
3182,Yash Acharya,Male,40,Delhi,2021-12-29,6,Standard,1050,6300,Monthly,Wallet,13,4.7,Yes
3183,Oscar Yogi,Male,51,Delhi,2025-03-09,25,Basic,504,12600,Yearly,UPI,5,2.5,No
3184,Arjun Master,Male,61,Hyderabad,2022-10-12,31,Premium,2199,68169,Monthly,Net Banking,0,3.9,Yes
3185,Ishani Rai,Female,51,Chennai,2021-07-17,10,Standard,934,9340,Monthly,UPI,13,2.1,Yes
3186,Aarav Lala,Female,24,Hyderabad,2024-01-22,35,Basic,693,24255,Monthly,Debit Card,14,4.8,No
3187,Abhimanyu Buch,Female,34,Lucknow,2022-03-06,19,Standard,804,15276,Monthly,UPI,2,2.0,Yes
3188,Balhaar Acharya,Female,49,Mumbai,2023-10-08,28,Basic,563,15764,Yearly,UPI,14,2.5,Yes
3189,Karan Palla,Male,37,Chennai,2021-07-03,28,Basic,520,14560,Monthly,UPI,11,4.3,No
3190,Dalaja Kant,Male,19,Delhi,2025-11-22,33,Basic,620,20460,Yearly,Credit Card,6,3.4,No
3191,Ridhi Bahl,Male,33,Ahmedabad,2021-06-28,23,Standard,1192,27416,Monthly,Net Banking,10,4.0,Yes
3192,Triveni Chopra,Female,24,Lucknow,2026-01-04,31,Standard,709,21979,Yearly,Credit Card,3,2.5,No
3193,Aradhana Choudhry,Male,24,Bangalore,2023-01-19,54,Standard,890,48060,Monthly,Debit Card,15,3.7,No
3194,Indrajit Keer,Male,60,Delhi,2022-05-07,43,Basic,491,21113,Two Year,Debit Card,9,2.3,Yes
3195,George Manda,Male,54,Ahmedabad,2022-06-20,19,Standard,716,13604,Yearly,Net Banking,1,3.7,No
3196,Janaki Walia,Male,43,Chennai,2021-11-20,41,Standard,966,39606,Yearly,UPI,4,2.2,No
3197,Guneet Chander,Male,19,Delhi,2022-08-26,13,Standard,1095,14235,Monthly,Wallet,7,4.1,No
3198,Nimrat Ramakrishnan,Male,19,Ahmedabad,2022-01-26,6,Basic,460,2760,Monthly,Debit Card,9,3.5,No
3199,Rachit Sagar,Female,44,Kolkata,2024-10-25,7,Standard,990,6930,Yearly,Credit Card,13,2.3,Yes
3200,Qasim Koshy,Female,28,Bangalore,2024-08-20,33,Standard,1054,34782,Monthly,Debit Card,3,3.1,No
3201,Manan Gill,Male,33,Delhi,2022-06-27,10,Standard,867,8670,Yearly,Credit Card,1,1.0,No
3202,Janya Kannan,Female,24,Bangalore,2021-12-13,15,Premium,1787,26805,Monthly,Debit Card,12,4.0,No
3203,Dominic Narasimhan,Male,51,Bangalore,2024-07-10,6,Standard,965,5790,Yearly,Wallet,1,4.3,No
3204,Frado Prasad,Male,29,Chennai,2023-12-24,57,Premium,1889,107673,Monthly,Wallet,12,2.7,No
3205,Gunbir Baria,Male,55,Jaipur,2021-07-31,9,Standard,983,8847,Monthly,Net Banking,8,2.9,Yes
3206,Rachit Divan,Female,53,Hyderabad,2024-10-08,52,Basic,342,17784,Monthly,Debit Card,15,2.6,No
3207,Maya Johal,Male,34,Jaipur,2023-06-25,20,Basic,374,7480,Monthly,Wallet,8,3.8,No
3208,Yashodhara Pillay,Male,37,Pune,2021-07-21,54,Basic,670,36180,Monthly,UPI,14,1.9,Yes
3209,Warda Vohra,Female,61,Kolkata,2024-01-25,15,Premium,1425,21375,Two Year,Wallet,1,3.8,No
3210,Azad Peri,Female,18,Kolkata,2026-02-05,52,Basic,434,22568,Yearly,UPI,7,3.7,No
3211,Nitesh Barad,Male,64,Pune,2022-04-21,2,Basic,700,1400,Yearly,Net Banking,3,4.3,No
3212,Jalsa Sahota,Male,36,Mumbai,2021-11-25,43,Standard,773,33239,Two Year,UPI,15,2.6,No
3213,Baljiwan Rama,Male,53,Mumbai,2024-11-08,15,Basic,443,6645,Monthly,Debit Card,2,3.1,Yes
3214,Vedika Pathak,Male,46,Lucknow,2024-06-16,1,Premium,1900,1900,Two Year,UPI,7,1.6,No
3215,Wahab Palla,Female,21,Kolkata,2023-06-24,20,Basic,319,6380,Yearly,Net Banking,13,1.0,Yes
3216,Xavier Mall,Male,24,Hyderabad,2026-02-18,7,Basic,557,3899,Monthly,Debit Card,6,1.3,Yes
3217,Aryan Sahni,Male,47,Pune,2024-02-01,49,Premium,1756,86044,Monthly,Net Banking,4,4.8,Yes
3218,Nitara Peri,Male,46,Hyderabad,2024-10-22,39,Basic,327,12753,Monthly,Debit Card,8,1.1,Yes
3219,Dominic Basu,Male,33,Lucknow,2024-09-25,40,Standard,1014,40560,Two Year,UPI,14,1.0,No
3220,Mohammed Sarna,Female,37,Mumbai,2023-08-16,46,Basic,682,31372,Two Year,UPI,9,1.4,No
3221,Bimala Narain,Male,62,Jaipur,2022-10-20,54,Basic,414,22356,Monthly,UPI,14,2.4,Yes
3222,Lavanya Kannan,Male,23,Delhi,2022-07-10,23,Standard,1185,27255,Monthly,Wallet,2,3.7,Yes
3223,Theodore Krishnamurthy,Male,43,Delhi,2024-07-17,39,Standard,870,33930,Monthly,Net Banking,3,1.7,Yes
3224,Rohan Narula,Female,47,Lucknow,2022-08-22,60,Basic,331,19860,Monthly,Debit Card,9,4.8,Yes
3225,Bhavya Dasgupta,Male,47,Delhi,2023-02-18,57,Standard,1096,62472,Yearly,Credit Card,8,3.0,No
3226,Fitan Raval,Male,22,Ahmedabad,2024-04-19,26,Premium,1251,32526,Two Year,Net Banking,14,4.2,No
3227,Daniel Mangat,Male,20,Ahmedabad,2025-11-18,49,Premium,2184,107016,Monthly,Wallet,9,3.4,Yes
3228,Chandran Bhandari,Male,35,Lucknow,2024-10-14,7,Basic,337,2359,Monthly,UPI,13,4.3,Yes
3229,Maanav Dada,Female,39,Lucknow,2024-06-23,11,Premium,1748,19228,Monthly,Net Banking,2,4.8,Yes
3230,Faqid Dugar,Female,62,Pune,2025-06-18,29,Basic,418,12122,Monthly,Debit Card,9,3.7,Yes
3231,Dalaja Nagarajan,Male,41,Chennai,2024-04-19,11,Basic,355,3905,Monthly,UPI,0,4.3,No
3232,Chanakya Pandey,Female,40,Chennai,2022-10-17,57,Premium,1313,74841,Monthly,Net Banking,5,2.5,No
3233,Saumya Rattan,Female,31,Lucknow,2023-08-02,46,Basic,678,31188,Yearly,Debit Card,14,1.9,Yes
3234,Avi Ravi,Male,30,Jaipur,2022-08-28,49,Standard,1167,57183,Monthly,Debit Card,15,3.9,Yes
3235,Anusha Nadkarni,Male,48,Kolkata,2024-03-12,55,Standard,1139,62645,Monthly,Wallet,7,4.3,No
3236,Niharika Bhatti,Male,25,Ahmedabad,2024-11-12,30,Standard,833,24990,Yearly,Wallet,7,2.1,Yes
3237,Ganga Dhawan,Male,48,Chennai,2021-11-19,25,Standard,717,17925,Monthly,Debit Card,11,2.5,Yes
3238,Qabil Khare,Female,19,Kolkata,2025-12-16,30,Standard,760,22800,Two Year,Wallet,3,2.6,No
3239,Hardik Chana,Female,31,Lucknow,2025-09-13,36,Standard,1178,42408,Two Year,Wallet,8,2.6,No
3240,Rishi Kadakia,Female,41,Ahmedabad,2023-03-17,45,Standard,707,31815,Monthly,UPI,9,3.7,No
3241,Aadi Doctor,Female,62,Mumbai,2023-03-11,55,Premium,2427,133485,Yearly,Wallet,8,3.6,No
3242,Aishani Loyal,Male,56,Delhi,2025-09-09,26,Basic,682,17732,Yearly,Debit Card,4,2.4,No
3243,Forum Khanna,Male,25,Delhi,2022-03-14,2,Standard,788,1576,Monthly,UPI,1,1.0,Yes
3244,Abeer Rau,Female,34,Lucknow,2024-11-12,53,Basic,337,17861,Monthly,Wallet,14,1.8,Yes
3245,Balveer Pandya,Male,59,Chennai,2026-06-05,6,Basic,344,2064,Two Year,Wallet,0,1.2,No
3246,Siddharth Choudhry,Female,48,Bangalore,2025-03-15,55,Basic,492,27060,Two Year,Credit Card,1,4.1,No
3247,Bimala Varughese,Female,61,Ahmedabad,2026-02-05,44,Premium,1350,59400,Monthly,Credit Card,8,3.1,No
3248,Ijaya Gokhale,Male,26,Mumbai,2025-11-09,41,Premium,1943,79663,Two Year,Wallet,13,1.3,Yes
3249,Zarna Soman,Female,36,Mumbai,2024-09-18,36,Basic,371,13356,Monthly,Net Banking,6,4.0,No
3250,Yashica Mahal,Male,30,Kolkata,2025-05-21,25,Basic,622,15550,Yearly,Debit Card,7,4.3,No
3251,William Kakar,Male,38,Lucknow,2026-01-16,49,Basic,621,30429,Monthly,Wallet,7,2.7,Yes
3252,Gaurika Chad,Male,32,Lucknow,2024-07-06,5,Standard,936,4680,Monthly,UPI,0,4.3,Yes
3253,Dayita Barad,Male,58,Kolkata,2024-09-27,46,Standard,816,37536,Yearly,Net Banking,10,1.6,No
3254,Luke Dugar,Female,56,Lucknow,2023-11-02,59,Basic,494,29146,Two Year,Wallet,7,2.8,Yes
3255,Viraj Vasa,Female,34,Hyderabad,2023-05-15,21,Premium,1538,32298,Two Year,Debit Card,10,1.7,Yes
3256,Timothy Khurana,Female,50,Mumbai,2024-01-18,44,Standard,1089,47916,Two Year,UPI,13,4.1,Yes
3257,Teerth Parikh,Male,38,Jaipur,2021-12-30,5,Basic,413,2065,Monthly,Net Banking,13,2.0,Yes
3258,Lajita Kala,Male,58,Kolkata,2021-11-14,31,Basic,470,14570,Monthly,Credit Card,11,3.4,Yes
3259,Janya Rana,Female,54,Mumbai,2026-01-15,50,Standard,945,47250,Two Year,Credit Card,1,1.7,No
3260,Oeshi Sehgal,Male,44,Bangalore,2023-08-24,2,Standard,836,1672,Two Year,Net Banking,7,2.9,No
3261,Deepa Saxena,Male,52,Delhi,2022-10-04,26,Standard,810,21060,Monthly,Credit Card,10,3.0,Yes
3262,Ayaan Bhasin,Male,64,Ahmedabad,2023-12-21,40,Basic,636,25440,Yearly,Wallet,15,2.9,Yes
3263,Lohit Chandran,Male,54,Bangalore,2024-05-30,13,Standard,883,11479,Two Year,Debit Card,10,4.1,No
3264,Aarush Bansal,Male,43,Ahmedabad,2024-08-25,47,Standard,1049,49303,Monthly,UPI,2,2.9,Yes
3265,Ishita Seth,Female,45,Mumbai,2021-12-08,14,Standard,917,12838,Monthly,UPI,11,2.6,Yes
3266,Madhav Pant,Male,18,Jaipur,2022-07-23,11,Basic,584,6424,Monthly,UPI,5,1.8,Yes
3267,Vihaan Nori,Male,58,Hyderabad,2024-05-30,24,Basic,427,10248,Monthly,Wallet,4,3.3,No
3268,Lohit Kala,Male,48,Jaipur,2023-11-21,9,Standard,814,7326,Two Year,Wallet,5,4.2,No
3269,Jason Loke,Female,52,Pune,2024-07-07,13,Basic,625,8125,Monthly,Credit Card,13,4.9,No
3270,Aahana Parmar,Female,26,Jaipur,2026-04-30,12,Basic,368,4416,Monthly,Net Banking,14,4.4,No
3271,Dakshesh Chatterjee,Female,31,Kolkata,2022-07-18,17,Premium,1342,22814,Monthly,Debit Card,5,3.0,No
3272,Hredhaan Dugar,Male,19,Pune,2022-11-19,5,Basic,674,3370,Yearly,UPI,11,2.3,Yes
3273,Yadavi Nagarajan,Male,45,Bangalore,2025-10-26,3,Standard,1016,3048,Monthly,Credit Card,8,3.8,No
3274,Vinaya Basu,Male,38,Delhi,2023-04-15,45,Basic,407,18315,Monthly,Credit Card,14,1.5,Yes
3275,Ishanvi Krishna,Male,58,Hyderabad,2023-02-11,48,Standard,818,39264,Monthly,Credit Card,6,3.7,No
3276,Vedhika Bhakta,Male,53,Delhi,2023-02-22,30,Basic,404,12120,Yearly,Wallet,13,4.1,No
3277,Balendra Atwal,Female,57,Kolkata,2025-11-13,8,Premium,2011,16088,Monthly,Wallet,13,4.4,No
3278,Victor Sane,Female,41,Hyderabad,2021-09-30,31,Standard,856,26536,Monthly,Debit Card,6,4.4,No
3279,Matthew Raghavan,Female,18,Delhi,2023-08-04,5,Premium,1997,9985,Monthly,Wallet,12,2.1,Yes
3280,Aarush Kade,Male,49,Kolkata,2022-12-12,19,Basic,676,12844,Monthly,Debit Card,0,1.4,No
3281,Tristan Pandey,Male,36,Mumbai,2025-03-17,10,Standard,911,9110,Two Year,UPI,5,3.1,No
3282,Liam Chaudhry,Female,24,Chennai,2024-05-06,23,Basic,309,7107,Yearly,UPI,13,3.5,Yes
3283,Dakshesh Bhavsar,Male,60,Jaipur,2023-11-11,22,Premium,1878,41316,Monthly,UPI,7,3.8,No
3284,Radha Bhargava,Female,33,Pune,2023-11-18,21,Standard,980,20580,Monthly,Debit Card,14,3.6,No
3285,Naksh Bhatti,Female,29,Pune,2022-10-25,48,Basic,658,31584,Two Year,Credit Card,9,3.0,No
3286,Charita Kibe,Male,38,Pune,2025-12-26,39,Basic,695,27105,Monthly,Wallet,3,4.7,Yes
3287,Fiyaz Panchal,Male,23,Ahmedabad,2025-04-06,44,Standard,792,34848,Monthly,Debit Card,5,2.6,Yes
3288,Balveer Parekh,Female,52,Jaipur,2021-06-20,35,Standard,1196,41860,Monthly,UPI,8,4.6,No
3289,Hemangini Bera,Female,26,Bangalore,2023-07-26,46,Standard,941,43286,Monthly,Wallet,13,1.3,No
3290,Pratyush Ravi,Female,56,Bangalore,2023-11-13,58,Basic,659,38222,Monthly,UPI,9,3.6,Yes
3291,Frado Anne,Female,56,Lucknow,2022-08-08,21,Standard,880,18480,Yearly,UPI,14,2.3,Yes
3292,Megha Kala,Female,39,Ahmedabad,2021-08-19,7,Standard,1102,7714,Monthly,Net Banking,7,1.1,No
3293,Aashi Radhakrishnan,Female,18,Jaipur,2022-11-20,10,Standard,828,8280,Monthly,Wallet,3,1.4,Yes
3294,Krish Kalla,Male,40,Bangalore,2024-12-15,58,Premium,2286,132588,Yearly,Credit Card,1,4.2,No
3295,Liam Kar,Male,35,Ahmedabad,2021-10-10,8,Standard,803,6424,Monthly,Net Banking,12,1.2,No
3296,Girish Buch,Female,35,Kolkata,2024-03-29,44,Standard,766,33704,Yearly,UPI,7,1.0,Yes
3297,Irya Balay,Male,47,Mumbai,2022-05-06,48,Basic,426,20448,Yearly,Debit Card,15,3.3,No
3298,Amara Garde,Female,65,Jaipur,2022-04-14,45,Basic,324,14580,Two Year,Wallet,7,1.8,Yes
3299,Ishani Vig,Male,52,Hyderabad,2022-08-02,44,Basic,374,16456,Yearly,Credit Card,12,3.1,No
3300,Vidhi Bora,Female,33,Ahmedabad,2022-03-19,37,Standard,1056,39072,Monthly,Wallet,0,3.6,No
3301,Oliver Swamy,Female,47,Hyderabad,2022-09-13,19,Standard,1013,19247,Two Year,Debit Card,9,4.1,No
3302,Azaan Shetty,Male,42,Pune,2025-01-15,18,Basic,322,5796,Monthly,Debit Card,5,4.0,No
3303,Dev Saraf,Male,62,Kolkata,2024-12-30,42,Basic,693,29106,Monthly,UPI,11,5.0,No
3304,Omya Wadhwa,Female,58,Lucknow,2022-11-29,60,Premium,1730,103800,Monthly,UPI,6,4.7,No
3305,Gagan Dhawan,Female,46,Jaipur,2023-02-23,30,Premium,2372,71160,Two Year,Credit Card,11,3.0,Yes
3306,Garima Dugal,Female,31,Hyderabad,2024-10-05,60,Standard,868,52080,Monthly,UPI,2,2.5,Yes
3307,Dalaja Agate,Male,61,Ahmedabad,2022-01-15,32,Premium,1631,52192,Monthly,Net Banking,14,3.6,Yes
3308,Adweta Sarin,Male,59,Delhi,2024-02-11,25,Basic,651,16275,Yearly,Net Banking,6,2.3,Yes
3309,Tara Mittal,Female,36,Delhi,2021-08-20,33,Standard,898,29634,Yearly,Credit Card,4,1.8,No
3310,Krisha Parikh,Female,61,Delhi,2023-11-27,58,Basic,597,34626,Yearly,Credit Card,10,1.5,Yes
3311,Charles Dora,Male,47,Chennai,2022-08-09,15,Basic,370,5550,Two Year,Debit Card,12,2.3,No
3312,Bimala Desai,Male,34,Lucknow,2025-06-04,45,Standard,869,39105,Two Year,UPI,9,3.5,No
3313,Harshil Ramachandran,Female,45,Lucknow,2021-12-16,13,Basic,365,4745,Monthly,Debit Card,15,2.9,Yes
3314,Zaitra Sandhu,Female,20,Bangalore,2023-08-07,57,Basic,424,24168,Yearly,UPI,10,2.5,Yes
3315,Divya Singh,Female,34,Pune,2023-08-09,3,Standard,940,2820,Monthly,Wallet,6,2.7,Yes
3316,Saanvi Mittal,Male,60,Lucknow,2024-12-27,18,Standard,1109,19962,Monthly,UPI,5,1.4,No
3317,Chameli Nori,Female,19,Ahmedabad,2026-01-29,41,Basic,646,26486,Yearly,Net Banking,0,4.4,No
3318,Urmi Krishna,Male,41,Kolkata,2026-04-23,7,Premium,1545,10815,Two Year,Debit Card,7,3.6,Yes
3319,Siddharth Bose,Female,41,Pune,2024-12-12,19,Standard,1055,20045,Monthly,Debit Card,0,4.7,No
3320,Zayan Gour,Female,18,Ahmedabad,2022-11-18,38,Basic,364,13832,Two Year,Net Banking,6,3.8,No
3321,Ishwar Vyas,Male,32,Bangalore,2024-10-04,32,Standard,1010,32320,Two Year,Net Banking,9,4.7,No
3322,Champak Balan,Female,20,Delhi,2024-05-18,27,Premium,1592,42984,Yearly,Wallet,1,2.1,Yes
3323,Ayush Oommen,Male,45,Lucknow,2025-04-24,12,Standard,1122,13464,Monthly,UPI,12,3.9,No
3324,Zayyan Verma,Female,61,Delhi,2025-01-01,12,Premium,1576,18912,Monthly,Net Banking,14,2.5,Yes
3325,Sathvik Thaman,Male,39,Mumbai,2025-07-02,7,Standard,1010,7070,Monthly,Credit Card,14,1.1,Yes
3326,Jeet Sachdev,Male,47,Kolkata,2023-11-22,3,Basic,599,1797,Two Year,Wallet,8,2.2,No
3327,Nimrat Bera,Male,61,Chennai,2023-07-31,31,Premium,1434,44454,Monthly,Credit Card,2,3.2,No
3328,Bishakha Keer,Female,59,Lucknow,2022-09-22,38,Standard,1137,43206,Two Year,Credit Card,5,3.3,No
3329,Chanakya Chawla,Male,44,Delhi,2024-08-06,8,Basic,472,3776,Monthly,UPI,15,1.3,Yes
3330,Wyatt Batra,Female,65,Hyderabad,2021-10-17,58,Standard,1152,66816,Monthly,Credit Card,7,3.6,No
3331,Ikshita Nath,Female,28,Jaipur,2025-05-21,30,Standard,861,25830,Monthly,Credit Card,10,3.0,No
3332,Yashoda Basu,Male,44,Lucknow,2024-09-05,4,Standard,777,3108,Monthly,Wallet,0,4.8,No
3333,Lakshit Kota,Female,26,Hyderabad,2024-09-27,4,Premium,1729,6916,Monthly,Net Banking,13,2.5,Yes
3334,Saumya Bhalla,Female,46,Bangalore,2024-08-04,27,Basic,590,15930,Monthly,Debit Card,0,3.6,Yes
3335,Falan Pandit,Female,62,Hyderabad,2022-08-08,59,Premium,1901,112159,Monthly,Net Banking,14,1.9,No
3336,Gaurangi Bhattacharyya,Female,44,Pune,2026-01-10,32,Standard,974,31168,Monthly,Net Banking,14,1.0,Yes
3337,Yahvi Ray,Female,27,Jaipur,2022-05-13,30,Standard,1144,34320,Monthly,Debit Card,13,1.3,No
3338,Hemang Arora,Male,43,Mumbai,2024-09-14,10,Basic,331,3310,Yearly,Net Banking,4,3.1,No
3339,Rudra Acharya,Male,59,Jaipur,2024-04-13,17,Basic,313,5321,Monthly,Net Banking,6,4.5,No
3340,Hemang Mangal,Male,62,Kolkata,2023-09-08,3,Basic,673,2019,Yearly,Net Banking,0,4.2,No
3341,Keya Sinha,Male,25,Bangalore,2024-06-16,20,Premium,2382,47640,Two Year,Debit Card,2,1.6,No
3342,Ishwar Rai,Female,23,Kolkata,2023-10-13,9,Standard,884,7956,Monthly,UPI,11,3.7,Yes
3343,Rudra Hegde,Female,18,Mumbai,2024-10-02,6,Standard,743,4458,Two Year,Net Banking,8,3.2,No
3344,Anika Raja,Male,41,Bangalore,2024-04-14,1,Standard,1099,1099,Yearly,UPI,12,2.9,Yes
3345,Viraj Vohra,Female,21,Hyderabad,2024-09-18,31,Standard,752,23312,Yearly,Credit Card,1,2.9,No
3346,Gaurav Sankar,Female,62,Bangalore,2021-08-03,15,Standard,980,14700,Yearly,Debit Card,14,3.4,No
3347,Yachana Goswami,Male,21,Ahmedabad,2022-02-15,27,Basic,327,8829,Monthly,UPI,2,1.4,Yes
3348,Tanish Patla,Male,41,Delhi,2022-11-11,53,Basic,584,30952,Yearly,Credit Card,0,3.9,No
3349,Samarth Banik,Male,20,Mumbai,2025-07-28,23,Standard,989,22747,Monthly,UPI,7,3.8,No
3350,Madhavi Kapadia,Female,61,Pune,2025-02-10,44,Basic,540,23760,Monthly,Credit Card,15,2.1,Yes
3351,Gunbir Pall,Female,28,Pune,2025-03-02,56,Standard,864,48384,Yearly,Credit Card,14,4.0,Yes
3352,Prisha Mangal,Male,21,Hyderabad,2022-01-22,25,Standard,1048,26200,Yearly,UPI,8,3.7,No
3353,George Keer,Male,61,Pune,2023-08-24,26,Basic,478,12428,Yearly,UPI,6,2.8,No
3354,Hemal Sridhar,Female,43,Lucknow,2026-04-08,58,Premium,1584,91872,Monthly,Wallet,7,4.5,No
3355,Mitali Khanna,Male,51,Pune,2025-01-14,29,Basic,358,10382,Yearly,Debit Card,12,4.1,Yes
3356,Bhavini Tara,Male,41,Jaipur,2024-06-15,32,Standard,1113,35616,Yearly,Debit Card,9,3.4,Yes
3357,Dayita Ravi,Male,50,Delhi,2023-07-15,40,Standard,964,38560,Yearly,Credit Card,8,2.1,No
3358,Nirja Sheth,Female,46,Hyderabad,2024-02-19,53,Standard,957,50721,Monthly,Debit Card,9,3.9,Yes
3359,Chanchal Bhatia,Female,41,Chennai,2024-05-03,22,Basic,616,13552,Yearly,Debit Card,13,1.8,No
3360,David Balay,Male,62,Jaipur,2024-08-06,10,Premium,2410,24100,Monthly,Debit Card,3,1.4,Yes
3361,Jack Sangha,Female,50,Lucknow,2024-04-18,52,Standard,736,38272,Two Year,Wallet,8,2.6,No
3362,Samesh Dixit,Female,54,Kolkata,2022-04-07,43,Premium,1858,79894,Yearly,UPI,5,1.3,Yes
3363,Rajeshri Hayre,Male,59,Hyderabad,2021-07-31,33,Standard,726,23958,Two Year,Wallet,14,3.9,No
3364,Aradhana Sama,Female,34,Bangalore,2023-07-24,1,Premium,1281,1281,Two Year,Debit Card,4,3.6,No
3365,Guneet Biswas,Female,36,Jaipur,2025-09-07,40,Premium,2214,88560,Yearly,Credit Card,4,1.0,No
3366,Nisha Ramaswamy,Male,63,Lucknow,2023-11-26,53,Standard,1145,60685,Two Year,Credit Card,15,4.7,No
3367,Kashish Pau,Female,46,Hyderabad,2026-02-23,5,Premium,1777,8885,Monthly,Net Banking,8,3.4,Yes
3368,Nikita Zachariah,Female,64,Jaipur,2026-01-14,1,Basic,598,598,Monthly,Debit Card,14,4.8,Yes
3369,Caleb Anand,Male,47,Bangalore,2022-05-04,44,Standard,1106,48664,Two Year,Net Banking,2,2.0,Yes
3370,Samaksh Arora,Male,45,Ahmedabad,2024-08-03,22,Standard,1114,24508,Monthly,Net Banking,4,3.5,No
3371,Jyoti Dara,Female,48,Pune,2023-01-31,40,Premium,2261,90440,Yearly,Debit Card,14,3.4,Yes
3372,Ati Sama,Male,35,Delhi,2025-12-09,18,Basic,432,7776,Two Year,UPI,9,4.9,No
3373,Zansi Dara,Male,62,Pune,2022-01-17,59,Standard,769,45371,Yearly,Wallet,6,2.7,Yes
3374,Dayamai Luthra,Male,34,Kolkata,2023-08-22,28,Basic,532,14896,Monthly,Credit Card,2,5.0,No
3375,Jhalak De,Female,36,Ahmedabad,2023-08-12,34,Standard,756,25704,Monthly,Wallet,8,4.4,No
3376,Aadhya Bajaj,Male,41,Kolkata,2023-02-18,16,Standard,1103,17648,Yearly,Wallet,13,1.5,No
3377,Sara Arya,Male,47,Delhi,2025-08-31,52,Standard,1061,55172,Monthly,Net Banking,7,4.5,No
3378,Manan Ahuja,Male,42,Delhi,2023-01-23,22,Standard,965,21230,Monthly,Credit Card,10,4.9,Yes
3379,Adweta Deshpande,Male,46,Bangalore,2024-07-16,46,Basic,625,28750,Two Year,Net Banking,7,2.0,Yes
3380,Omkaar Srinivasan,Female,44,Chennai,2026-03-11,5,Standard,1025,5125,Yearly,UPI,9,2.2,Yes
3381,Hamsini Goswami,Male,49,Jaipur,2024-06-09,52,Premium,1466,76232,Yearly,Credit Card,6,3.2,No
3382,Garima Balakrishnan,Female,22,Pune,2025-05-17,36,Premium,2305,82980,Yearly,Debit Card,1,4.6,No
3383,Upma Morar,Female,45,Pune,2026-06-04,23,Standard,961,22103,Monthly,Debit Card,12,2.5,Yes
3384,Balhaar Jha,Male,28,Jaipur,2022-06-11,6,Standard,714,4284,Monthly,Wallet,5,2.4,Yes
3385,Jeremiah Luthra,Female,42,Lucknow,2025-04-28,25,Standard,721,18025,Two Year,Wallet,10,4.3,Yes
3386,Patrick Randhawa,Female,46,Delhi,2024-04-21,34,Standard,789,26826,Yearly,Debit Card,5,5.0,No
3387,Dalaja Vaidya,Female,23,Bangalore,2026-02-12,10,Basic,340,3400,Yearly,Credit Card,5,4.3,No
3388,Champak Halder,Female,36,Bangalore,2023-07-06,48,Basic,308,14784,Monthly,Net Banking,13,4.8,No
3389,Chatura Mammen,Female,29,Ahmedabad,2022-06-06,60,Premium,2184,131040,Yearly,Credit Card,4,2.7,Yes
3390,Kabir Subramaniam,Female,46,Jaipur,2024-05-26,34,Standard,893,30362,Two Year,Credit Card,7,1.6,No
3391,Nandini Borah,Male,32,Hyderabad,2023-12-14,54,Basic,340,18360,Two Year,Debit Card,0,2.6,No
3392,Bishakha Sastry,Male,30,Bangalore,2025-07-01,53,Premium,1954,103562,Monthly,Net Banking,10,4.6,No
3393,Om Sarraf,Female,51,Pune,2024-11-14,32,Standard,1092,34944,Monthly,Wallet,8,2.3,No
3394,Gaurangi Kala,Male,28,Jaipur,2026-06-04,31,Basic,364,11284,Yearly,Debit Card,7,4.0,No
3395,Dipta Brar,Male,34,Delhi,2023-11-14,53,Premium,2117,112201,Two Year,Credit Card,0,2.2,No
3396,Naveen Gill,Female,47,Delhi,2026-02-16,22,Basic,448,9856,Two Year,Debit Card,7,4.9,No
3397,Samaksh Mallick,Female,58,Hyderabad,2022-11-20,7,Basic,544,3808,Two Year,Net Banking,2,2.4,No
3398,Nimrat Dada,Male,37,Hyderabad,2024-09-30,56,Standard,819,45864,Yearly,Wallet,10,2.5,No
3399,Tejas Bhagat,Male,31,Bangalore,2026-01-31,43,Premium,1741,74863,Yearly,Credit Card,13,3.0,Yes
3400,Teerth Kuruvilla,Female,62,Ahmedabad,2023-06-23,40,Premium,1533,61320,Monthly,UPI,10,2.4,Yes
3401,Advaith Thakkar,Female,38,Lucknow,2022-04-14,1,Standard,916,916,Two Year,Wallet,7,3.7,Yes
3402,Gunbir Sahni,Male,58,Jaipur,2024-05-28,44,Premium,1526,67144,Monthly,Wallet,1,3.0,Yes
3403,Jonathan Johal,Male,54,Jaipur,2022-05-17,21,Basic,343,7203,Monthly,UPI,1,1.9,No
3404,Reyansh Dalal,Female,27,Jaipur,2024-03-05,45,Basic,669,30105,Two Year,Credit Card,15,1.4,Yes
3405,Aachal Joshi,Male,20,Jaipur,2022-08-13,16,Basic,581,9296,Yearly,UPI,10,4.6,No
3406,Janani Venkatesh,Male,38,Kolkata,2026-04-09,8,Basic,411,3288,Monthly,Net Banking,8,4.4,No
3407,Oeshi Warrior,Female,22,Pune,2026-02-27,2,Basic,635,1270,Monthly,Net Banking,5,3.0,No
3408,Tristan Bajwa,Female,40,Ahmedabad,2026-03-14,24,Standard,1037,24888,Yearly,Debit Card,14,3.8,No
3409,Om Badami,Female,38,Chennai,2025-10-25,37,Basic,591,21867,Monthly,Net Banking,11,1.1,Yes
3410,Quincy Nigam,Female,36,Mumbai,2022-06-02,9,Standard,1023,9207,Monthly,Wallet,3,2.2,Yes
3411,Osha Biswas,Female,27,Delhi,2022-07-05,15,Standard,1182,17730,Monthly,Net Banking,10,1.5,Yes
3412,Niharika Panchal,Male,43,Pune,2022-01-03,58,Standard,971,56318,Yearly,UPI,5,4.1,No
3413,Oni Chokshi,Female,49,Hyderabad,2025-01-26,56,Basic,622,34832,Yearly,Debit Card,2,2.2,Yes
3414,Mohini Cheema,Female,57,Hyderabad,2021-11-11,21,Basic,404,8484,Monthly,Net Banking,4,2.9,Yes
3415,Jasmit Rege,Male,30,Pune,2022-05-25,13,Basic,674,8762,Yearly,Credit Card,4,2.2,No
3416,Baghyawati Wadhwa,Female,18,Bangalore,2025-11-30,12,Standard,746,8952,Yearly,Wallet,9,4.5,No
3417,Aarna Mander,Male,29,Mumbai,2025-10-17,13,Premium,2093,27209,Monthly,Wallet,0,3.3,No
3418,Madhavi De,Female,55,Lucknow,2022-07-28,58,Basic,667,38686,Two Year,UPI,5,2.4,No
3419,Manthan Samra,Male,27,Pune,2024-05-22,46,Basic,544,25024,Yearly,Debit Card,8,1.4,Yes
3420,Ubika Kulkarni,Male,31,Hyderabad,2023-02-16,27,Basic,583,15741,Two Year,Credit Card,2,4.8,No
3421,Vincent Basu,Female,62,Bangalore,2025-04-24,17,Premium,1951,33167,Monthly,Net Banking,6,1.9,No
3422,Amaira Mahal,Male,25,Mumbai,2021-08-04,28,Standard,744,20832,Monthly,Credit Card,7,2.2,No
3423,Siya Viswanathan,Male,20,Mumbai,2021-10-17,2,Standard,1017,2034,Monthly,Debit Card,6,3.0,No
3424,Zansi Merchant,Male,55,Kolkata,2026-05-04,38,Premium,2347,89186,Monthly,Net Banking,1,3.2,Yes
3425,Rehaan Shetty,Male,50,Bangalore,2022-05-07,20,Premium,1523,30460,Monthly,UPI,3,3.7,No
3426,Libni Bose,Male,32,Kolkata,2022-05-07,43,Basic,464,19952,Monthly,Net Banking,6,1.4,No
3427,Keya Khalsa,Male,18,Chennai,2026-02-23,32,Basic,453,14496,Two Year,Wallet,2,4.6,No
3428,Inaya Grewal,Female,19,Mumbai,2025-05-07,58,Standard,1016,58928,Monthly,Credit Card,15,2.2,Yes
3429,Jacob Solanki,Female,55,Pune,2025-04-08,47,Basic,381,17907,Monthly,Net Banking,7,2.1,No
3430,Darika Sankar,Female,21,Ahmedabad,2022-11-30,2,Premium,1356,2712,Monthly,Net Banking,15,4.1,Yes
3431,Faras Bandi,Male,42,Chennai,2023-09-14,23,Standard,778,17894,Monthly,UPI,14,1.6,Yes
3432,Manan Natarajan,Male,38,Ahmedabad,2022-02-08,26,Basic,400,10400,Yearly,UPI,2,1.4,No
3433,Harinakshi Narang,Female,47,Delhi,2025-11-13,13,Standard,993,12909,Yearly,UPI,6,1.2,No
3434,Advika Dada,Male,63,Bangalore,2025-06-26,23,Standard,843,19389,Monthly,Credit Card,12,2.6,Yes
3435,Kai Naidu,Female,51,Delhi,2023-03-14,14,Standard,730,10220,Monthly,UPI,3,4.0,No
3436,Aryan Kapadia,Male,33,Bangalore,2022-07-05,38,Standard,1167,44346,Monthly,Credit Card,1,3.2,No
3437,Jason Srinivas,Female,36,Hyderabad,2023-01-24,20,Basic,315,6300,Yearly,Wallet,12,2.4,Yes
3438,Karan Murthy,Female,56,Delhi,2023-06-18,45,Standard,798,35910,Yearly,Wallet,5,2.0,No
3439,Varsha Pau,Male,61,Pune,2024-05-13,32,Basic,568,18176,Two Year,Wallet,10,4.7,No
3440,Rehaan Kala,Male,54,Kolkata,2024-08-05,22,Standard,882,19404,Monthly,UPI,3,1.8,No
3441,Kevin Chakraborty,Male,53,Ahmedabad,2023-11-23,14,Premium,2263,31682,Two Year,Credit Card,7,2.7,No
3442,Geetika Thakur,Male,34,Chennai,2023-08-21,26,Premium,2500,65000,Monthly,Net Banking,7,3.1,No
3443,Udant Talwar,Female,51,Kolkata,2023-04-12,17,Standard,965,16405,Monthly,Net Banking,13,4.6,Yes
3444,Isaac Krishnamurthy,Female,32,Mumbai,2026-01-27,46,Basic,501,23046,Monthly,Net Banking,2,1.5,No
3445,Irya Khatri,Male,34,Pune,2025-04-03,22,Basic,386,8492,Yearly,Wallet,15,2.6,No
3446,Ishaan Narain,Male,41,Ahmedabad,2024-01-22,20,Basic,352,7040,Monthly,Credit Card,8,2.0,No
3447,Kamya Amble,Male,44,Jaipur,2021-09-16,35,Basic,459,16065,Yearly,Net Banking,12,4.6,No
3448,Ubika Dixit,Male,23,Jaipur,2023-04-13,8,Basic,497,3976,Two Year,Wallet,6,4.5,No
3449,Devika Aurora,Female,42,Pune,2022-04-19,11,Basic,683,7513,Monthly,Debit Card,10,2.4,Yes
3450,Kashish Dua,Female,32,Ahmedabad,2021-09-18,12,Standard,956,11472,Two Year,Net Banking,12,3.0,Yes
3451,Nidra Nair,Female,35,Pune,2024-05-27,6,Premium,1255,7530,Monthly,Wallet,8,3.5,No
3452,Ikbal Suresh,Male,23,Mumbai,2022-05-28,23,Standard,1103,25369,Monthly,Wallet,0,1.9,No
3453,Jonathan Jain,Female,55,Ahmedabad,2021-11-10,27,Standard,770,20790,Monthly,Debit Card,4,4.8,No
3454,Frado Guha,Male,42,Jaipur,2022-11-14,44,Basic,350,15400,Yearly,Credit Card,14,4.0,No
3455,Yatan Sami,Female,19,Lucknow,2025-12-25,35,Basic,328,11480,Two Year,Credit Card,10,4.4,No
3456,Darika Muni,Female,20,Jaipur,2023-05-21,17,Basic,666,11322,Yearly,UPI,2,2.6,Yes
3457,Hemani Ravi,Female,53,Hyderabad,2023-05-09,5,Basic,654,3270,Yearly,Credit Card,0,2.0,No
3458,Mason Vaidya,Female,29,Ahmedabad,2026-01-29,56,Standard,942,52752,Two Year,Wallet,1,1.1,No
3459,Advik Varma,Male,56,Pune,2022-03-03,22,Standard,995,21890,Monthly,Debit Card,3,2.2,No
3460,Damini Shan,Male,65,Ahmedabad,2026-03-21,19,Standard,898,17062,Monthly,Debit Card,10,2.2,Yes
3461,Simon Khurana,Male,44,Mumbai,2021-06-21,55,Standard,943,51865,Monthly,Net Banking,0,4.9,No
3462,Unnati Gour,Female,55,Bangalore,2022-11-05,14,Basic,536,7504,Yearly,Credit Card,9,3.8,Yes
3463,Viraj Nayar,Male,45,Hyderabad,2022-02-14,21,Standard,1117,23457,Monthly,Wallet,6,3.2,No
3464,Vasudha Dani,Female,18,Ahmedabad,2023-03-25,39,Standard,746,29094,Yearly,Wallet,1,1.2,No
3465,Vidhi Narayanan,Male,65,Chennai,2022-02-25,7,Basic,664,4648,Yearly,UPI,10,2.8,Yes
3466,Bimala Krish,Male,62,Hyderabad,2023-11-15,55,Basic,698,38390,Two Year,Credit Card,9,3.2,No
3467,Hemal Kala,Female,27,Jaipur,2025-03-25,41,Standard,1026,42066,Two Year,Credit Card,7,2.3,No
3468,Gauri Jain,Female,60,Ahmedabad,2022-10-10,41,Basic,386,15826,Yearly,Wallet,15,3.9,No
3469,Maya Kota,Female,42,Hyderabad,2021-08-31,36,Basic,406,14616,Monthly,Net Banking,4,2.7,No
3470,Zilmil Buch,Male,51,Ahmedabad,2025-03-03,46,Standard,1123,51658,Monthly,UPI,4,4.5,Yes
3471,Gavin Bala,Male,25,Kolkata,2023-08-24,44,Premium,2417,106348,Monthly,UPI,0,3.0,Yes
3472,Ria Venkatesh,Male,24,Lucknow,2024-02-21,5,Basic,505,2525,Monthly,Wallet,12,3.9,No
3473,Bhanumati Balakrishnan,Female,49,Chennai,2023-10-27,16,Basic,595,9520,Monthly,Wallet,9,1.7,Yes
3474,Nandini Patla,Female,36,Jaipur,2022-11-23,59,Standard,1033,60947,Yearly,Net Banking,5,2.0,No
3475,Deepa Dora,Female,33,Bangalore,2024-12-30,30,Basic,540,16200,Yearly,Debit Card,3,3.5,No
3476,Urvashi Mani,Male,28,Kolkata,2025-02-21,60,Basic,344,20640,Yearly,Net Banking,0,3.2,No
3477,Advay Varty,Male,27,Jaipur,2023-02-08,37,Premium,1323,48951,Yearly,Net Banking,12,2.6,No
3478,Oliver Oak,Female,47,Mumbai,2025-04-07,24,Premium,1616,38784,Yearly,Net Banking,6,4.3,No
3479,Chakradev Bedi,Male,18,Chennai,2023-09-02,20,Standard,1122,22440,Yearly,Net Banking,4,4.9,No
3480,Lakshit Hegde,Male,49,Jaipur,2021-09-01,1,Premium,2415,2415,Two Year,UPI,0,2.8,Yes
3481,Bahadurjit Korpal,Male,28,Delhi,2024-06-02,34,Standard,1084,36856,Yearly,Net Banking,13,4.0,Yes
3482,Kalpit Jhaveri,Female,56,Bangalore,2025-08-17,52,Premium,1271,66092,Yearly,Net Banking,7,2.1,No
3483,Lipika Pall,Male,57,Kolkata,2026-02-01,32,Standard,976,31232,Monthly,Debit Card,13,4.7,Yes
3484,Azaan Minhas,Female,38,Ahmedabad,2024-11-10,4,Premium,1786,7144,Yearly,Credit Card,8,4.2,No
3485,Timothy Garg,Male,50,Mumbai,2023-10-24,28,Standard,884,24752,Yearly,Net Banking,2,4.1,No
3486,Gautami Doshi,Male,30,Hyderabad,2021-08-19,38,Basic,544,20672,Yearly,Debit Card,0,4.4,No
3487,Gaurang Reddy,Female,57,Chennai,2024-03-28,49,Basic,376,18424,Monthly,UPI,13,4.9,Yes
3488,Gauri Dalal,Female,46,Chennai,2021-10-31,14,Basic,680,9520,Monthly,Credit Card,8,2.4,Yes
3489,Pranit Tripathi,Female,20,Kolkata,2025-01-08,1,Standard,1066,1066,Yearly,Credit Card,14,4.0,Yes
3490,Aayush Rajagopal,Female,65,Ahmedabad,2024-09-25,22,Basic,563,12386,Monthly,Debit Card,4,2.1,Yes
3491,Shaurya Keer,Male,21,Pune,2024-09-08,8,Basic,662,5296,Yearly,Credit Card,15,4.0,Yes
3492,Ryan Nadig,Female,45,Chennai,2024-04-05,26,Standard,1092,28392,Monthly,Credit Card,6,1.8,No
3493,Yochana Oommen,Male,47,Bangalore,2025-05-02,17,Basic,572,9724,Two Year,Credit Card,12,1.6,No
3494,Bakhshi Bhandari,Male,32,Ahmedabad,2024-12-06,32,Standard,795,25440,Monthly,UPI,6,1.4,No
3495,Aditya Hari,Male,31,Ahmedabad,2024-05-13,1,Standard,999,999,Monthly,UPI,6,2.0,Yes
3496,Mugdha Majumdar,Male,52,Hyderabad,2025-06-13,18,Basic,419,7542,Two Year,Debit Card,6,3.7,No
3497,Ikshita Konda,Male,35,Ahmedabad,2026-03-10,26,Standard,1195,31070,Monthly,Credit Card,11,3.6,No
3498,Aashi Dube,Male,48,Kolkata,2023-12-18,29,Basic,568,16472,Two Year,Wallet,11,4.0,No
3499,Zarna Bansal,Female,37,Hyderabad,2024-03-24,43,Basic,308,13244,Two Year,Credit Card,12,2.2,Yes
3500,Hiral Anand,Male,45,Hyderabad,2024-09-18,7,Basic,640,4480,Yearly,UPI,7,2.9,No
3501,Faris Minhas,Female,51,Jaipur,2021-07-13,21,Basic,374,7854,Yearly,Debit Card,14,1.8,Yes
3502,Lopa Shan,Male,32,Lucknow,2022-10-25,40,Basic,671,26840,Two Year,Net Banking,6,3.5,No
3503,Praneel Sani,Male,62,Pune,2022-01-15,40,Premium,2159,86360,Two Year,UPI,6,3.7,No
3504,Upasna Uppal,Female,23,Delhi,2026-01-21,16,Basic,604,9664,Yearly,Credit Card,13,4.9,Yes
3505,Rajeshri Agate,Male,43,Ahmedabad,2022-08-21,22,Basic,523,11506,Monthly,Credit Card,12,3.6,No
3506,Jagat Rout,Female,33,Bangalore,2022-09-19,20,Standard,941,18820,Monthly,Wallet,9,4.3,No
3507,Dakshesh Chandran,Female,29,Hyderabad,2026-05-14,38,Basic,615,23370,Monthly,Credit Card,0,1.9,No
3508,Turvi Joshi,Female,33,Ahmedabad,2021-08-19,55,Standard,786,43230,Monthly,Debit Card,10,2.4,Yes
3509,Neha Shankar,Female,18,Chennai,2022-11-09,14,Standard,912,12768,Monthly,Wallet,8,3.5,No
3510,Chandran Prabhu,Female,30,Mumbai,2024-11-06,37,Basic,680,25160,Monthly,Net Banking,11,2.7,Yes
3511,Hitesh Thakur,Male,19,Bangalore,2023-10-06,4,Standard,811,3244,Monthly,Net Banking,4,4.0,Yes
3512,Gaurav Ahuja,Female,60,Ahmedabad,2025-05-17,14,Basic,492,6888,Monthly,Credit Card,5,2.4,Yes
3513,Gauri Devan,Female,35,Lucknow,2023-11-12,47,Standard,795,37365,Monthly,Credit Card,6,2.1,No
3514,Nihal Varma,Male,20,Lucknow,2024-01-03,39,Premium,2072,80808,Yearly,UPI,0,4.2,No
3515,Gavin Chaudhuri,Male,65,Bangalore,2021-10-30,20,Standard,920,18400,Monthly,Net Banking,0,4.0,No
3516,Vedhika Loyal,Female,57,Pune,2023-10-28,20,Basic,686,13720,Monthly,Debit Card,6,3.7,No
3517,Oviya Char,Female,24,Kolkata,2022-05-25,6,Standard,920,5520,Yearly,Debit Card,0,3.4,Yes
3518,Om Sanghvi,Female,49,Chennai,2022-05-07,59,Premium,1949,114991,Yearly,Debit Card,3,1.1,No
3519,Sneha Tailor,Male,62,Chennai,2024-02-04,27,Standard,994,26838,Two Year,Wallet,8,4.7,No
3520,Chaitaly Jha,Male,60,Pune,2021-08-20,29,Standard,1151,33379,Monthly,Net Banking,10,1.5,Yes
3521,Indira Dass,Female,65,Ahmedabad,2022-09-01,28,Basic,344,9632,Yearly,Net Banking,14,3.2,Yes
3522,Agastya Badal,Female,33,Hyderabad,2022-02-19,6,Standard,1172,7032,Yearly,Debit Card,7,4.9,No
3523,Qushi Karpe,Female,28,Pune,2022-05-24,3,Standard,906,2718,Yearly,UPI,6,3.0,No
3524,Hritik Bava,Male,34,Chennai,2022-12-25,10,Basic,561,5610,Two Year,Debit Card,12,2.1,Yes
3525,Hitesh Sarraf,Male,25,Bangalore,2022-02-20,50,Premium,1933,96650,Monthly,UPI,12,3.4,Yes
3526,Yashasvi De,Male,31,Pune,2023-12-01,44,Basic,316,13904,Two Year,Debit Card,14,1.3,Yes
3527,Elijah Behl,Male,31,Ahmedabad,2022-11-18,27,Standard,895,24165,Monthly,Net Banking,9,3.3,No
3528,Dhruv Gera,Male,45,Mumbai,2022-05-09,17,Standard,935,15895,Monthly,Credit Card,3,3.6,No
3529,Lakshmi Naidu,Female,62,Pune,2024-10-19,12,Basic,473,5676,Monthly,Debit Card,7,3.9,No
3530,Sara Din,Male,20,Hyderabad,2022-02-07,36,Standard,1063,38268,Yearly,UPI,2,3.6,No
3531,Yuvraj Balan,Female,63,Kolkata,2024-09-22,21,Standard,813,17073,Monthly,UPI,11,1.5,Yes
3532,Wridesh Ramakrishnan,Male,28,Lucknow,2021-08-02,7,Premium,2255,15785,Monthly,Debit Card,0,4.1,No
3533,Anay Loke,Male,22,Bangalore,2024-11-12,51,Premium,1595,81345,Yearly,Debit Card,0,1.4,No
3534,Shivansh Kapur,Male,42,Mumbai,2022-01-30,52,Basic,538,27976,Monthly,Wallet,2,4.6,No
3535,Riya Mistry,Female,20,Pune,2024-11-14,19,Standard,1094,20786,Yearly,Debit Card,6,4.7,No
3536,Madhavi Samra,Female,52,Ahmedabad,2025-09-06,8,Standard,1043,8344,Two Year,UPI,7,4.3,Yes
3537,Reva Sane,Male,59,Hyderabad,2023-12-06,33,Standard,1038,34254,Monthly,Wallet,15,1.0,Yes
3538,Maanav Ramakrishnan,Male,56,Kolkata,2022-10-03,10,Standard,804,8040,Yearly,UPI,11,1.1,Yes
3539,Manya Madan,Male,35,Lucknow,2024-09-22,10,Premium,1650,16500,Monthly,Debit Card,4,1.3,Yes
3540,Dayita Kara,Male,31,Ahmedabad,2025-07-23,11,Premium,1286,14146,Yearly,UPI,8,1.2,Yes
3541,Ria Pathak,Female,34,Jaipur,2022-04-18,60,Premium,2215,132900,Monthly,UPI,11,2.5,Yes
3542,Alexander Comar,Male,64,Delhi,2024-02-29,25,Basic,334,8350,Yearly,Credit Card,5,4.6,No
3543,Unnati Deshpande,Female,38,Ahmedabad,2021-09-25,59,Basic,498,29382,Yearly,UPI,11,4.8,Yes
3544,Anirudh Buch,Male,60,Bangalore,2024-02-03,11,Basic,583,6413,Monthly,Credit Card,2,3.2,Yes
3545,Rajeshri Rai,Male,38,Pune,2022-07-31,56,Standard,1132,63392,Yearly,Wallet,7,1.8,No
3546,Saumya Chhabra,Male,32,Mumbai,2022-03-06,56,Standard,1093,61208,Monthly,Debit Card,4,1.2,Yes
3547,Ria Malhotra,Female,58,Mumbai,2024-01-26,53,Standard,1007,53371,Monthly,Wallet,3,4.4,Yes
3548,Om Ravi,Female,28,Mumbai,2023-08-08,49,Standard,980,48020,Monthly,UPI,9,2.4,Yes
3549,Yashica Suresh,Male,43,Hyderabad,2022-12-28,10,Standard,1131,11310,Monthly,UPI,13,1.0,Yes
3550,Yashoda Pai,Male,62,Lucknow,2021-11-30,45,Premium,1227,55215,Monthly,Net Banking,13,4.4,No
3551,Kabir Garde,Female,34,Hyderabad,2026-03-15,59,Basic,319,18821,Two Year,Wallet,7,2.1,No
3552,Anirudh Manda,Male,44,Bangalore,2022-02-21,57,Basic,506,28842,Monthly,Net Banking,10,4.3,Yes
3553,Ishanvi Din,Female,54,Delhi,2025-02-03,17,Basic,521,8857,Yearly,Net Banking,7,3.7,No
3554,Hredhaan Yadav,Male,36,Lucknow,2023-10-28,17,Basic,440,7480,Monthly,Debit Card,4,3.7,No
3555,Upma Batra,Male,61,Jaipur,2026-04-15,30,Premium,2107,63210,Two Year,Debit Card,5,2.3,Yes
3556,Jeevika Srinivas,Male,43,Hyderabad,2023-02-08,30,Standard,899,26970,Yearly,Net Banking,11,1.8,No
3557,Aarnav Bala,Female,51,Pune,2024-03-20,9,Standard,1022,9198,Monthly,Wallet,15,5.0,Yes
3558,Luke Chakraborty,Female,42,Mumbai,2022-09-29,59,Basic,700,41300,Two Year,UPI,12,1.5,Yes
3559,Zansi Singhal,Male,37,Lucknow,2022-11-18,49,Basic,370,18130,Yearly,Wallet,12,2.7,Yes
3560,Darika Gala,Male,25,Kolkata,2024-11-22,9,Basic,504,4536,Two Year,Debit Card,13,2.9,Yes
3561,Pratyush Tank,Male,41,Ahmedabad,2023-06-08,25,Basic,554,13850,Yearly,Credit Card,9,1.2,Yes
3562,Nathaniel Mittal,Male,39,Bangalore,2026-05-15,14,Basic,375,5250,Monthly,Debit Card,8,1.7,No
3563,Kashish Mandal,Female,56,Kolkata,2024-10-01,53,Standard,1125,59625,Monthly,UPI,10,4.0,Yes
3564,Pavani Sachdev,Male,18,Pune,2022-04-23,29,Basic,485,14065,Two Year,Credit Card,1,2.4,No
3565,Harsh Dyal,Female,44,Delhi,2025-02-17,22,Basic,344,7568,Monthly,Debit Card,3,3.1,No
3566,Ikbal Narula,Male,64,Mumbai,2024-12-13,40,Premium,2477,99080,Monthly,UPI,4,2.0,No
3567,Ansh Dayal,Male,64,Mumbai,2023-11-12,39,Basic,375,14625,Two Year,Debit Card,8,4.7,No
3568,Hemangini Chana,Female,50,Chennai,2023-09-03,59,Standard,1108,65372,Monthly,Debit Card,0,4.2,No
3569,Bhavika Mody,Female,55,Jaipur,2025-07-13,45,Premium,1603,72135,Yearly,Credit Card,14,4.5,No
3570,Samaksh Nigam,Female,51,Bangalore,2023-02-26,45,Premium,1292,58140,Yearly,Credit Card,3,4.7,No
3571,Hamsini Sahota,Male,20,Lucknow,2025-10-15,6,Basic,618,3708,Two Year,Net Banking,2,3.0,No
3572,Vrishti Kapoor,Female,31,Pune,2022-10-09,10,Premium,1533,15330,Two Year,Debit Card,11,5.0,No
3573,Abhimanyu Bains,Female,31,Hyderabad,2024-09-29,33,Standard,1197,39501,Monthly,Wallet,11,4.5,No
3574,Urmi Bahri,Male,38,Hyderabad,2023-05-24,34,Premium,1494,50796,Monthly,Debit Card,15,4.3,No
3575,Ladli Lall,Female,51,Jaipur,2025-11-07,48,Basic,627,30096,Monthly,Credit Card,10,1.5,No
3576,Kamala Shanker,Male,53,Jaipur,2025-08-09,36,Basic,323,11628,Two Year,Credit Card,8,2.3,No
3577,Patrick Oak,Female,45,Kolkata,2026-01-19,33,Premium,1525,50325,Monthly,Net Banking,8,2.8,Yes
3578,Matthew Hans,Female,23,Bangalore,2023-11-28,46,Basic,365,16790,Yearly,UPI,15,2.2,Yes
3579,Yadavi Mohanty,Female,53,Pune,2024-11-03,41,Standard,806,33046,Monthly,Wallet,6,3.9,No
3580,Gayathri Sura,Male,60,Delhi,2022-08-19,13,Basic,697,9061,Yearly,Net Banking,4,2.6,No
3581,Jyoti Narasimhan,Male,18,Kolkata,2024-09-03,54,Basic,342,18468,Monthly,UPI,8,1.9,Yes
3582,Anya Rama,Female,63,Ahmedabad,2024-12-20,18,Premium,1928,34704,Monthly,Debit Card,12,4.7,No
3583,Rachana Bhattacharyya,Male,61,Pune,2021-12-03,18,Premium,1637,29466,Monthly,Credit Card,15,1.4,Yes
3584,Meghana Banik,Female,57,Ahmedabad,2022-10-12,15,Premium,1766,26490,Yearly,UPI,14,1.7,No
3585,Dakshesh Mallick,Female,56,Lucknow,2023-07-26,6,Basic,323,1938,Yearly,Net Banking,9,1.9,Yes
3586,Ridhi Mann,Male,48,Jaipur,2024-07-27,24,Standard,977,23448,Yearly,Net Banking,13,3.5,No
3587,Sanaya Dara,Female,31,Ahmedabad,2022-08-07,4,Premium,1467,5868,Monthly,Net Banking,4,3.0,No
3588,Qushi Manne,Male,31,Chennai,2024-03-31,59,Basic,365,21535,Monthly,UPI,9,3.3,No
3589,Gunbir Pandit,Male,46,Delhi,2025-11-15,11,Basic,417,4587,Two Year,Debit Card,10,2.1,Yes
3590,Matthew Basak,Female,37,Ahmedabad,2025-03-19,29,Basic,360,10440,Two Year,Net Banking,6,4.2,No
3591,Netra Sahni,Female,44,Pune,2023-02-24,47,Premium,1723,80981,Monthly,Net Banking,0,1.9,No
3592,Triya Sachdev,Male,25,Bangalore,2025-02-09,1,Basic,530,530,Monthly,Wallet,4,1.6,Yes
3593,Dhruv Chacko,Male,48,Jaipur,2025-02-28,9,Basic,408,3672,Two Year,Debit Card,13,4.5,No
3594,Kashvi Mall,Male,18,Hyderabad,2024-12-29,49,Standard,918,44982,Monthly,Debit Card,6,3.4,No
3595,Qabil Samra,Male,43,Kolkata,2022-04-25,42,Standard,1129,47418,Monthly,Net Banking,5,3.6,No
3596,Samaksh Amble,Male,34,Hyderabad,2021-12-16,3,Premium,2312,6936,Monthly,Credit Card,7,1.4,Yes
3597,Urvashi Nagar,Female,45,Pune,2022-03-13,22,Standard,1072,23584,Monthly,UPI,2,1.4,Yes
3598,Joshua Talwar,Female,53,Mumbai,2022-10-30,10,Premium,1571,15710,Monthly,Net Banking,12,4.0,Yes
3599,Harini Om,Female,58,Jaipur,2022-01-24,49,Standard,857,41993,Yearly,UPI,7,4.2,No
3600,Jeremiah Saxena,Female,54,Hyderabad,2025-09-13,6,Standard,1072,6432,Monthly,Credit Card,11,4.7,No
3601,Jairaj Rama,Male,44,Chennai,2024-11-17,5,Standard,955,4775,Yearly,Net Banking,6,4.7,Yes
3602,Neelima Mani,Female,48,Ahmedabad,2022-11-08,22,Standard,790,17380,Monthly,Debit Card,14,2.7,Yes
3603,Janya Bedi,Female,23,Ahmedabad,2023-06-10,37,Basic,586,21682,Monthly,Debit Card,6,4.3,Yes
3604,Idika Mohanty,Female,29,Kolkata,2023-06-21,39,Basic,477,18603,Monthly,Net Banking,0,4.8,No
3605,Michael Bail,Female,43,Mumbai,2023-08-23,55,Basic,402,22110,Yearly,Debit Card,0,3.7,No
3606,Lohit Sankar,Female,37,Jaipur,2026-02-02,56,Basic,348,19488,Monthly,UPI,7,3.4,Yes
3607,Eiravati De,Male,22,Hyderabad,2021-09-29,20,Basic,683,13660,Monthly,Wallet,8,3.0,No
3608,Qabil Bhargava,Female,34,Ahmedabad,2022-05-21,39,Basic,301,11739,Two Year,Wallet,12,1.4,Yes
3609,Ekalinga Dubey,Female,32,Jaipur,2024-07-18,2,Basic,621,1242,Two Year,UPI,2,2.4,No
3610,Peter Mitter,Female,46,Bangalore,2022-02-22,25,Standard,1180,29500,Yearly,UPI,14,3.7,No
3611,Reva Ghose,Female,29,Kolkata,2022-03-09,38,Standard,760,28880,Monthly,Debit Card,5,4.0,No
3612,Aarush Puri,Female,28,Hyderabad,2024-10-05,15,Standard,729,10935,Monthly,Debit Card,12,3.3,Yes
3613,Ikbal Pall,Female,57,Chennai,2022-04-17,40,Premium,1412,56480,Yearly,Credit Card,11,2.4,Yes
3614,Onveer Lad,Female,61,Lucknow,2023-06-12,50,Premium,2156,107800,Monthly,UPI,3,3.7,No
3615,Caleb Sawhney,Female,18,Lucknow,2023-04-28,54,Premium,2222,119988,Monthly,Net Banking,5,3.9,No
3616,Jagrati Kata,Male,51,Pune,2025-07-24,33,Basic,560,18480,Yearly,Wallet,13,4.0,Yes
3617,Hiral Sant,Female,31,Chennai,2024-06-07,31,Basic,477,14787,Yearly,Net Banking,15,4.4,No
3618,Manya Babu,Female,43,Ahmedabad,2021-12-21,18,Basic,554,9972,Monthly,Net Banking,12,1.8,No
3619,Amaira Rajan,Female,59,Kolkata,2024-09-19,57,Premium,1918,109326,Yearly,Net Banking,8,3.9,No
3620,Hema Nanda,Female,40,Chennai,2025-06-02,40,Basic,598,23920,Yearly,Debit Card,14,4.0,Yes
3621,Priya Jani,Male,34,Delhi,2026-03-06,55,Standard,829,45595,Two Year,Debit Card,1,3.9,No
3622,Benjamin Issac,Female,61,Jaipur,2023-01-02,16,Standard,786,12576,Yearly,Wallet,0,3.2,No
3623,Udant Thaker,Male,33,Ahmedabad,2021-09-25,26,Basic,416,10816,Yearly,Debit Card,8,2.3,Yes
3624,Akshay Hans,Female,32,Jaipur,2022-11-27,18,Standard,1182,21276,Monthly,Credit Card,15,3.1,No
3625,Matthew Cheema,Male,33,Kolkata,2026-02-06,13,Standard,890,11570,Two Year,Wallet,6,1.7,Yes
3626,Kavya Atwal,Male,48,Chennai,2025-06-08,25,Basic,679,16975,Yearly,Net Banking,8,4.2,No
3627,Kavya Suresh,Female,31,Bangalore,2021-10-19,14,Basic,440,6160,Monthly,Debit Card,0,3.9,Yes
3628,Ekiya Johal,Male,52,Ahmedabad,2024-04-23,54,Basic,352,19008,Monthly,Wallet,4,2.6,No
3629,Nidhi Menon,Female,35,Kolkata,2022-10-04,28,Basic,449,12572,Two Year,Net Banking,14,2.1,No
3630,Aarnav Tiwari,Male,54,Lucknow,2025-07-15,48,Basic,411,19728,Two Year,Net Banking,4,4.6,No
3631,Dakshesh Mahal,Female,22,Delhi,2023-07-30,17,Basic,604,10268,Monthly,UPI,1,3.8,No
3632,Bhanumati Tata,Male,61,Lucknow,2024-12-27,2,Basic,550,1100,Monthly,Debit Card,15,4.2,Yes
3633,Faris Narang,Female,30,Jaipur,2022-08-29,8,Basic,565,4520,Monthly,Credit Card,14,2.9,Yes
3634,Harshil Chandra,Female,46,Pune,2024-04-29,16,Premium,1244,19904,Monthly,Debit Card,8,2.0,Yes
3635,Aarush Morar,Female,60,Bangalore,2024-01-27,46,Premium,2281,104926,Yearly,Net Banking,10,1.1,Yes
3636,Hiral Divan,Female,39,Kolkata,2023-11-02,3,Basic,539,1617,Monthly,Net Banking,12,4.4,Yes
3637,Rachit Bawa,Male,33,Kolkata,2023-02-20,4,Standard,1025,4100,Two Year,UPI,3,4.8,No
3638,Pranav Ranganathan,Female,56,Lucknow,2022-12-20,56,Basic,356,19936,Monthly,Wallet,15,2.8,Yes
3639,Wriddhish Narang,Male,49,Kolkata,2022-05-29,20,Premium,1409,28180,Yearly,Wallet,6,4.6,No
3640,Arya Mani,Male,20,Kolkata,2024-01-09,29,Basic,655,18995,Yearly,Debit Card,0,3.0,No
3641,Girish Raj,Female,51,Chennai,2022-09-12,8,Premium,2075,16600,Monthly,Wallet,15,1.1,Yes
3642,Hemani Bhasin,Male,18,Chennai,2023-04-20,44,Standard,925,40700,Yearly,Debit Card,8,3.0,No
3643,Kavya Varkey,Female,60,Hyderabad,2023-12-19,34,Premium,1919,65246,Monthly,UPI,13,4.7,Yes
3644,Lila Palan,Male,57,Delhi,2022-01-28,56,Basic,434,24304,Yearly,Credit Card,15,1.7,Yes
3645,Bakhshi Kamdar,Female,34,Chennai,2022-04-09,8,Premium,2334,18672,Two Year,UPI,7,4.2,No
3646,Yadavi Acharya,Female,20,Jaipur,2024-07-11,28,Standard,965,27020,Monthly,Wallet,8,4.8,Yes
3647,William Gera,Male,58,Delhi,2023-09-26,43,Standard,861,37023,Two Year,Net Banking,6,1.1,No
3648,Ethan Bava,Male,25,Pune,2021-11-07,41,Premium,2092,85772,Monthly,Credit Card,10,1.6,Yes
3649,Nihal Mandal,Male,19,Lucknow,2023-04-24,14,Premium,1277,17878,Two Year,Credit Card,12,2.5,No
3650,Libni Seth,Male,46,Lucknow,2021-07-01,59,Basic,504,29736,Monthly,Wallet,0,4.9,No
3651,Indrajit Varghese,Female,31,Bangalore,2026-03-18,8,Premium,1763,14104,Two Year,UPI,1,4.2,No
3652,Qarin Sidhu,Female,18,Delhi,2022-04-11,8,Basic,621,4968,Yearly,Debit Card,6,1.4,Yes
3653,Wazir Soman,Female,51,Bangalore,2021-09-15,9,Basic,640,5760,Two Year,UPI,4,3.8,No
3654,Krishna Kant,Male,40,Hyderabad,2024-06-29,20,Standard,763,15260,Yearly,Wallet,1,3.3,No
3655,Theodore Choudhary,Female,56,Ahmedabad,2025-05-09,19,Standard,811,15409,Two Year,Credit Card,11,2.8,Yes
3656,Dipta Sant,Female,33,Jaipur,2023-01-19,38,Premium,1507,57266,Monthly,UPI,10,3.6,Yes
3657,Matthew Sane,Male,50,Bangalore,2026-01-28,24,Premium,2297,55128,Monthly,Net Banking,4,4.4,No
3658,Chakradhar Badal,Male,41,Pune,2022-09-17,60,Basic,367,22020,Yearly,Net Banking,3,3.0,No
3659,Charles Chauhan,Female,55,Delhi,2023-02-18,44,Standard,970,42680,Yearly,Credit Card,2,2.3,No
3660,Urishilla Bedi,Female,65,Jaipur,2022-03-17,4,Premium,1453,5812,Yearly,Net Banking,10,4.4,No
3661,Zehaan Ravi,Female,55,Mumbai,2024-03-03,25,Basic,473,11825,Monthly,Debit Card,9,3.0,No
3662,Yug Prashad,Female,20,Chennai,2026-03-11,48,Basic,592,28416,Monthly,Debit Card,8,2.2,Yes
3663,Patrick Jha,Female,56,Chennai,2022-10-25,2,Standard,1135,2270,Monthly,Debit Card,11,2.4,Yes
3664,Maya Sagar,Male,60,Bangalore,2025-06-29,56,Basic,561,31416,Monthly,Net Banking,1,3.0,Yes
3665,Rachit Murthy,Female,35,Pune,2023-01-31,29,Standard,853,24737,Monthly,Wallet,14,3.5,No
3666,Janya Koshy,Female,27,Hyderabad,2025-04-11,56,Basic,445,24920,Two Year,Wallet,3,1.5,No
3667,Varsha Mangat,Male,63,Hyderabad,2026-02-14,52,Premium,2188,113776,Yearly,Debit Card,1,1.1,No
3668,Vasana Mody,Female,47,Hyderabad,2022-05-26,58,Basic,445,25810,Yearly,UPI,9,3.3,Yes
3669,Manan Dyal,Female,25,Bangalore,2023-03-11,28,Standard,801,22428,Yearly,Debit Card,10,4.2,Yes
3670,Yashasvi Hayer,Female,46,Hyderabad,2024-07-02,24,Standard,875,21000,Two Year,Wallet,5,4.1,No
3671,Max Dass,Male,49,Bangalore,2025-03-21,47,Standard,892,41924,Monthly,Net Banking,4,4.6,Yes
3672,Rudra Bakshi,Male,35,Mumbai,2022-06-10,26,Basic,332,8632,Two Year,Net Banking,11,4.8,Yes
3673,Gayathri Sarkar,Female,53,Chennai,2025-01-16,59,Premium,1301,76759,Monthly,Debit Card,9,4.8,No
3674,Ranveer Kalita,Male,25,Kolkata,2026-05-05,23,Basic,472,10856,Two Year,Wallet,11,4.7,Yes
3675,Nidhi Kapoor,Female,44,Jaipur,2022-08-02,43,Basic,490,21070,Yearly,UPI,15,3.8,No
3676,Bhavna Rama,Male,19,Jaipur,2025-12-16,36,Premium,2454,88344,Monthly,Net Banking,0,2.2,Yes
3677,Eiravati Minhas,Female,61,Ahmedabad,2026-04-28,49,Standard,850,41650,Monthly,Wallet,15,1.4,Yes
3678,Teerth Jani,Male,43,Jaipur,2025-03-04,21,Standard,747,15687,Yearly,Net Banking,14,3.3,No
3679,Mekhala Roy,Female,20,Jaipur,2025-05-06,57,Basic,615,35055,Yearly,Wallet,7,4.5,No
3680,Chaitaly Walia,Male,41,Pune,2023-09-03,57,Standard,959,54663,Yearly,Wallet,0,4.9,No
3681,Upadhriti Kale,Male,43,Hyderabad,2022-07-04,13,Standard,747,9711,Monthly,UPI,6,1.7,No
3682,Vidhi Yohannan,Female,33,Ahmedabad,2025-05-20,3,Standard,797,2391,Yearly,Wallet,7,3.8,Yes
3683,Neha Upadhyay,Female,51,Bangalore,2023-10-31,3,Basic,301,903,Yearly,UPI,7,3.2,No
3684,Harrison Menon,Female,51,Mumbai,2026-02-20,36,Standard,808,29088,Yearly,Net Banking,9,4.8,Yes
3685,Gautami Vig,Male,65,Delhi,2025-12-17,50,Standard,906,45300,Monthly,Wallet,8,4.5,No
3686,Charan Sem,Female,45,Hyderabad,2021-09-24,15,Basic,658,9870,Monthly,Net Banking,9,1.7,Yes
3687,Gaurika Bhatia,Male,61,Bangalore,2021-10-27,18,Basic,511,9198,Monthly,Net Banking,0,2.0,No
3688,Meghana Devan,Female,46,Hyderabad,2024-06-02,39,Premium,2032,79248,Monthly,Debit Card,10,3.1,Yes
3689,Mitali Viswanathan,Female,34,Kolkata,2021-10-25,40,Standard,859,34360,Monthly,Wallet,14,3.7,Yes
3690,Luke Bahri,Female,39,Kolkata,2023-06-20,14,Premium,2365,33110,Yearly,Net Banking,10,2.0,Yes
3691,Yoshita Rout,Female,55,Delhi,2023-02-07,20,Standard,800,16000,Yearly,Wallet,0,4.8,No
3692,Advaith Badami,Male,25,Jaipur,2022-10-31,37,Premium,1749,64713,Yearly,Credit Card,12,2.6,Yes
3693,Thomas Handa,Male,35,Kolkata,2022-01-23,54,Basic,700,37800,Yearly,Wallet,7,3.7,No
3694,Simon Chandra,Female,21,Kolkata,2024-04-20,32,Basic,326,10432,Monthly,UPI,6,1.9,Yes
3695,Triya Palla,Male,21,Hyderabad,2021-12-02,14,Standard,951,13314,Two Year,Debit Card,10,3.0,No
3696,Devika Ahuja,Female,60,Kolkata,2022-09-10,21,Standard,1051,22071,Two Year,Debit Card,10,3.7,Yes
3697,Vyanjana Kale,Female,39,Mumbai,2023-11-21,53,Premium,2228,118084,Monthly,Credit Card,0,1.2,No
3698,Lipika Dugar,Female,56,Hyderabad,2024-12-09,59,Basic,683,40297,Monthly,Credit Card,13,2.0,Yes
3699,Kevin Lalla,Female,45,Pune,2022-08-07,27,Premium,1539,41553,Monthly,Credit Card,11,2.6,No
3700,Aayush Parsa,Male,61,Jaipur,2023-04-02,57,Basic,429,24453,Monthly,Net Banking,1,2.2,Yes
3701,Ekbal Nanda,Male,38,Mumbai,2023-12-15,29,Basic,666,19314,Monthly,Wallet,11,1.5,Yes
3702,Mugdha Karan,Female,41,Mumbai,2025-08-13,6,Standard,970,5820,Monthly,Credit Card,0,4.2,No
3703,Kavya Joshi,Male,29,Bangalore,2022-08-19,15,Basic,580,8700,Monthly,Wallet,2,3.5,No
3704,Sai Sachdeva,Male,29,Ahmedabad,2023-11-30,33,Premium,2174,71742,Two Year,Wallet,13,3.8,No
3705,Isaac Sura,Male,18,Kolkata,2024-06-25,45,Standard,1099,49455,Monthly,UPI,6,1.8,No
3706,Ikbal Bhakta,Female,20,Delhi,2024-11-29,59,Premium,2235,131865,Yearly,Debit Card,2,3.9,No
3707,Anya Om,Female,55,Kolkata,2022-08-29,10,Basic,341,3410,Yearly,Debit Card,11,2.8,No
3708,Kabir Sami,Male,40,Lucknow,2025-04-07,40,Standard,870,34800,Two Year,Wallet,15,1.1,Yes
3709,Fitan Kuruvilla,Male,20,Hyderabad,2023-10-18,28,Basic,357,9996,Two Year,UPI,6,2.3,Yes
3710,Ekantika Badal,Male,45,Mumbai,2023-10-26,41,Standard,1074,44034,Two Year,UPI,11,1.5,No
3711,Elijah Grewal,Female,36,Pune,2023-05-31,39,Standard,1159,45201,Two Year,Credit Card,4,1.4,Yes
3712,Quincy Mahajan,Male,20,Hyderabad,2023-05-04,53,Standard,844,44732,Two Year,Credit Card,7,4.9,No
3713,Nihal Ratti,Female,44,Pune,2024-07-20,6,Standard,927,5562,Monthly,Net Banking,2,1.7,No
3714,Harsh Borde,Female,39,Jaipur,2026-03-27,55,Basic,413,22715,Monthly,UPI,2,4.6,No
3715,Suhani Aurora,Female,47,Bangalore,2024-01-29,27,Standard,828,22356,Monthly,UPI,10,2.4,No
3716,Jeet Doshi,Female,25,Delhi,2023-01-24,44,Basic,622,27368,Two Year,UPI,1,1.6,No
3717,Gaurika Mutti,Male,38,Ahmedabad,2024-12-31,57,Premium,2094,119358,Yearly,UPI,1,2.7,No
3718,Pratyush Sarin,Female,62,Lucknow,2022-09-05,50,Basic,391,19550,Monthly,Credit Card,2,4.4,Yes
3719,Oni Bath,Male,62,Chennai,2025-07-21,52,Basic,423,21996,Monthly,UPI,6,3.3,No
3720,Samarth Vora,Female,39,Ahmedabad,2024-04-05,41,Premium,1758,72078,Yearly,UPI,10,4.9,No
3721,Fiyaz Chhabra,Male,20,Bangalore,2025-04-11,58,Standard,851,49358,Monthly,Debit Card,3,3.8,No
3722,Harshil Lala,Female,65,Mumbai,2024-09-26,12,Basic,435,5220,Monthly,Wallet,10,3.5,No
3723,Luke Rau,Female,52,Jaipur,2024-11-09,2,Basic,317,634,Monthly,UPI,2,2.3,No
3724,Zashil Sharma,Female,64,Chennai,2025-11-01,50,Basic,325,16250,Yearly,Credit Card,6,2.1,Yes
3725,Chaitanya Saha,Female,62,Hyderabad,2025-05-06,27,Basic,421,11367,Monthly,Credit Card,15,3.8,Yes
3726,Falan Savant,Female,32,Ahmedabad,2024-04-02,30,Standard,727,21810,Monthly,Net Banking,9,1.5,No
3727,Qadim Raju,Female,46,Delhi,2026-03-01,3,Standard,775,2325,Monthly,UPI,14,1.0,Yes
3728,Thomas Biswas,Male,31,Lucknow,2026-02-12,53,Basic,660,34980,Yearly,Net Banking,5,3.2,No
3729,Edhitha Choudhry,Male,47,Kolkata,2021-10-29,6,Standard,1130,6780,Two Year,Wallet,11,2.5,Yes
3730,Pavani Gara,Male,62,Lucknow,2022-09-28,29,Basic,481,13949,Yearly,Credit Card,15,4.8,No
3731,Om Buch,Male,42,Lucknow,2023-09-08,2,Standard,735,1470,Two Year,Wallet,11,3.9,Yes
3732,Ekani Bhalla,Female,36,Ahmedabad,2022-08-02,13,Basic,633,8229,Monthly,UPI,6,5.0,No
3733,Wishi Bhatti,Female,63,Hyderabad,2024-11-19,34,Standard,1118,38012,Monthly,Debit Card,9,1.2,Yes
3734,Eiravati Chaudhari,Female,47,Delhi,2023-12-06,53,Basic,678,35934,Monthly,Net Banking,6,4.7,No
3735,Netra Gokhale,Female,29,Delhi,2021-10-21,55,Premium,1982,109010,Two Year,Net Banking,0,3.3,No
3736,Harsh Verma,Male,44,Delhi,2024-06-26,35,Premium,1856,64960,Monthly,Credit Card,5,2.8,Yes
3737,Ekaraj Mitter,Female,50,Delhi,2025-09-07,60,Premium,1984,119040,Yearly,UPI,2,1.5,No
3738,Sai Deshmukh,Male,55,Hyderabad,2021-09-14,2,Premium,1651,3302,Monthly,Wallet,0,3.4,No
3739,Mitesh Gokhale,Male,26,Ahmedabad,2022-10-16,1,Premium,1337,1337,Yearly,Net Banking,1,1.2,No
3740,Wazir Jha,Female,49,Delhi,2023-10-19,43,Basic,312,13416,Monthly,UPI,14,2.9,Yes
3741,Vaishnavi Bhargava,Male,24,Lucknow,2024-01-18,18,Standard,937,16866,Monthly,Debit Card,12,3.0,No
3742,Ria Kala,Male,49,Ahmedabad,2021-06-27,28,Standard,1095,30660,Yearly,Credit Card,12,2.2,No
3743,Upma Jha,Male,27,Delhi,2023-12-02,41,Basic,604,24764,Monthly,Debit Card,3,5.0,No
3744,Anya Om,Female,36,Jaipur,2024-12-14,56,Premium,1446,80976,Two Year,Wallet,11,2.6,Yes
3745,Ubika Bhat,Female,64,Jaipur,2022-12-20,12,Basic,324,3888,Monthly,Net Banking,3,2.7,Yes
3746,Saanvi Bose,Female,64,Ahmedabad,2022-04-11,41,Standard,885,36285,Yearly,Debit Card,4,3.9,No
3747,Sachi Krishnamurthy,Female,59,Jaipur,2024-08-23,33,Standard,844,27852,Monthly,Debit Card,7,2.5,No
3748,Chandani Naidu,Male,40,Bangalore,2022-07-10,14,Standard,890,12460,Monthly,UPI,15,4.0,Yes
3749,Ishita Shanker,Female,58,Lucknow,2025-06-21,54,Basic,402,21708,Monthly,UPI,12,4.6,Yes
3750,Gabriel Vasa,Male,31,Pune,2025-09-10,10,Basic,551,5510,Monthly,Credit Card,2,3.3,No
3751,Christopher Yohannan,Male,38,Kolkata,2022-02-18,44,Basic,621,27324,Monthly,Wallet,15,3.2,No
3752,Tristan Johal,Male,39,Pune,2022-08-25,9,Standard,1077,9693,Yearly,Credit Card,15,2.5,No
3753,Yashvi Sheth,Female,34,Ahmedabad,2021-10-01,28,Standard,727,20356,Monthly,Wallet,8,4.1,No
3754,Jason Gaba,Female,25,Ahmedabad,2026-04-04,8,Basic,585,4680,Monthly,Credit Card,6,2.2,Yes
3755,Victor Krish,Female,50,Kolkata,2024-02-22,37,Premium,1461,54057,Monthly,Debit Card,7,1.3,Yes
3756,Prisha Hans,Female,41,Delhi,2023-10-11,58,Premium,1700,98600,Yearly,Debit Card,8,3.7,No
3757,Janani Tata,Male,22,Bangalore,2022-10-18,21,Premium,2213,46473,Yearly,Debit Card,2,2.8,Yes
3758,Yasti Yogi,Male,22,Pune,2022-08-30,14,Basic,463,6482,Monthly,Net Banking,7,3.0,No
3759,Urvashi Nath,Female,50,Delhi,2026-01-10,23,Basic,600,13800,Monthly,Credit Card,14,1.6,Yes
3760,Omya Khosla,Male,57,Hyderabad,2026-01-13,25,Standard,1137,28425,Monthly,Credit Card,11,5.0,No
3761,Samaksh Sodhi,Female,38,Delhi,2024-05-19,13,Standard,908,11804,Yearly,Net Banking,14,4.9,Yes
3762,Samaksh Sheth,Male,21,Mumbai,2024-02-27,37,Standard,816,30192,Yearly,UPI,8,2.1,No
3763,Panini Dhar,Male,40,Hyderabad,2022-03-20,20,Basic,549,10980,Yearly,Wallet,15,2.0,Yes
3764,Jagvi Palan,Female,57,Lucknow,2024-10-21,10,Basic,300,3000,Monthly,UPI,2,3.0,Yes
3765,Teerth Sen,Female,31,Jaipur,2023-03-19,14,Premium,2485,34790,Yearly,Debit Card,11,2.8,Yes
3766,Gautam Bhatia,Female,20,Chennai,2023-06-04,51,Standard,1024,52224,Monthly,Debit Card,2,2.3,Yes
3767,Ethan Maharaj,Male,42,Bangalore,2022-11-06,30,Basic,327,9810,Yearly,Debit Card,13,2.1,No
3768,Ira Basak,Male,25,Chennai,2023-06-26,54,Premium,1862,100548,Monthly,Debit Card,5,1.0,Yes
3769,Hardik Buch,Male,54,Hyderabad,2025-08-23,46,Basic,499,22954,Yearly,UPI,5,1.6,Yes
3770,Yauvani Prakash,Male,35,Kolkata,2025-03-31,32,Premium,1370,43840,Yearly,Net Banking,7,3.7,No
3771,Varsha Ramaswamy,Male,64,Delhi,2024-11-25,59,Basic,619,36521,Two Year,Net Banking,8,2.9,No
3772,Avni Karpe,Female,24,Kolkata,2023-12-29,4,Standard,827,3308,Two Year,Credit Card,2,1.2,No
3773,Yasti Apte,Male,28,Bangalore,2023-11-01,22,Basic,432,9504,Yearly,Debit Card,2,4.0,No
3774,Logan Bahri,Female,45,Hyderabad,2025-11-08,41,Basic,473,19393,Monthly,UPI,12,3.1,No
3775,Chaitanya Mammen,Male,45,Kolkata,2023-11-05,34,Standard,1164,39576,Monthly,Debit Card,3,1.8,No
3776,Balveer Ghose,Female,62,Pune,2025-11-05,47,Premium,1487,69889,Yearly,Wallet,2,2.3,No
3777,Tejas Johal,Male,54,Delhi,2026-02-11,8,Standard,1013,8104,Monthly,Debit Card,11,3.9,No
3778,Barkha Palla,Male,59,Mumbai,2025-08-25,12,Standard,855,10260,Yearly,Debit Card,5,1.3,No
3779,Matthew Grover,Female,18,Mumbai,2025-05-07,11,Standard,1166,12826,Yearly,Credit Card,3,2.2,No
3780,Ikbal Srinivas,Male,55,Mumbai,2025-10-04,53,Standard,885,46905,Yearly,Debit Card,12,4.6,No
3781,Faris Patel,Male,24,Ahmedabad,2022-06-27,55,Basic,464,25520,Monthly,Debit Card,3,4.3,No
3782,Laban Pillai,Female,57,Jaipur,2025-05-15,57,Basic,326,18582,Yearly,Wallet,9,3.8,No
3783,Balvan Shanker,Male,47,Bangalore,2021-07-23,34,Basic,486,16524,Yearly,Wallet,2,3.8,No
3784,Hemangini Pillai,Male,44,Hyderabad,2026-05-25,8,Basic,497,3976,Monthly,Debit Card,10,4.8,No
3785,Pratyush Garde,Male,64,Mumbai,2023-06-02,45,Standard,763,34335,Two Year,Wallet,10,1.8,No
3786,Aarini Gopal,Male,31,Mumbai,2023-06-29,42,Basic,348,14616,Monthly,Debit Card,1,3.1,Yes
3787,Hritik Joshi,Female,63,Delhi,2023-10-30,26,Premium,2292,59592,Yearly,Credit Card,7,2.2,No
3788,Rajata Bhatnagar,Male,58,Chennai,2023-12-29,10,Premium,1715,17150,Monthly,Credit Card,12,2.9,Yes
3789,Shaurya Minhas,Female,46,Delhi,2023-08-14,1,Premium,1841,1841,Monthly,Net Banking,8,1.6,Yes
3790,Vasana Narasimhan,Female,58,Kolkata,2026-04-04,31,Basic,459,14229,Yearly,Net Banking,6,3.6,No
3791,Raagini Nayak,Male,22,Delhi,2024-11-06,59,Standard,726,42834,Two Year,Net Banking,15,2.9,Yes
3792,Manan More,Male,62,Delhi,2024-09-11,42,Basic,449,18858,Two Year,Debit Card,1,1.1,Yes
3793,Abhiram Kota,Male,36,Ahmedabad,2021-12-08,55,Basic,652,35860,Yearly,Credit Card,15,4.9,No
3794,Bahadurjit Ben,Male,55,Bangalore,2025-09-29,23,Basic,521,11983,Monthly,Net Banking,2,2.7,No
3795,Aarnav Bhagat,Female,62,Bangalore,2026-04-28,55,Standard,1070,58850,Two Year,Credit Card,7,3.3,No
3796,Pranav Acharya,Male,60,Bangalore,2021-12-14,36,Standard,1112,40032,Yearly,Net Banking,6,4.6,No
3797,Patrick Gola,Male,40,Ahmedabad,2025-08-31,36,Standard,964,34704,Monthly,Credit Card,1,2.1,Yes
3798,Simon Arora,Male,64,Kolkata,2021-10-06,6,Standard,1008,6048,Monthly,Wallet,7,1.3,Yes
3799,Adweta Devan,Female,64,Delhi,2022-12-19,38,Basic,341,12958,Yearly,Debit Card,10,2.0,Yes
3800,Widisha Murty,Female,54,Hyderabad,2023-12-20,1,Premium,1206,1206,Monthly,Wallet,11,1.0,Yes
3801,Chavvi Anne,Female,63,Kolkata,2026-02-12,40,Standard,1167,46680,Monthly,Credit Card,11,2.8,Yes
3802,Kabir Basu,Female,22,Lucknow,2025-01-30,50,Basic,579,28950,Two Year,Debit Card,10,4.6,No
3803,Radhika Brahmbhatt,Female,55,Pune,2021-08-04,36,Basic,483,17388,Monthly,Debit Card,5,1.7,No
3804,Ayush Goyal,Female,36,Mumbai,2025-11-05,7,Basic,396,2772,Yearly,Wallet,10,3.4,No
3805,Ucchal Varma,Female,49,Hyderabad,2023-10-06,27,Basic,652,17604,Monthly,Debit Card,3,1.1,Yes
3806,Pranit Chauhan,Female,64,Lucknow,2025-12-07,7,Standard,1200,8400,Two Year,UPI,13,1.9,No
3807,Ekanta Shan,Male,27,Chennai,2021-11-30,55,Basic,315,17325,Monthly,Debit Card,15,1.9,Yes
3808,Mitesh Rau,Male,63,Chennai,2025-11-06,9,Standard,1059,9531,Monthly,Credit Card,14,4.5,Yes
3809,Januja Ramaswamy,Male,40,Hyderabad,2022-06-20,14,Standard,979,13706,Monthly,Net Banking,2,2.8,Yes
3810,Rachita Bhat,Male,22,Bangalore,2024-01-26,48,Standard,1083,51984,Monthly,Net Banking,4,4.8,Yes
3811,Brinda Goda,Male,22,Mumbai,2021-09-06,48,Basic,597,28656,Monthly,Debit Card,15,4.6,No
3812,Madhavi Rattan,Female,28,Chennai,2021-07-20,39,Premium,1621,63219,Monthly,UPI,3,4.6,No
3813,Janaki Dugal,Male,19,Chennai,2025-07-17,53,Standard,1092,57876,Monthly,Wallet,8,3.7,Yes
3814,Viraj Rattan,Female,63,Mumbai,2022-06-21,7,Standard,709,4963,Monthly,UPI,13,2.2,Yes
3815,Vinaya Mahal,Female,19,Jaipur,2022-12-08,59,Basic,334,19706,Yearly,UPI,9,1.3,Yes
3816,Wyatt Wagle,Female,52,Ahmedabad,2024-11-04,29,Basic,565,16385,Monthly,Credit Card,13,1.3,Yes
3817,Samesh Upadhyay,Male,31,Bangalore,2023-12-29,12,Standard,844,10128,Yearly,UPI,15,4.4,No
3818,Gayathri Savant,Male,37,Hyderabad,2024-01-09,18,Basic,459,8262,Yearly,Credit Card,8,1.9,No
3819,Gauri Das,Female,43,Delhi,2022-03-13,7,Basic,484,3388,Monthly,UPI,1,4.2,No
3820,Bhavna Vala,Female,65,Ahmedabad,2024-07-31,1,Standard,756,756,Monthly,Wallet,7,2.3,Yes
3821,Krisha Chada,Male,61,Chennai,2024-02-24,20,Basic,669,13380,Monthly,Wallet,4,3.7,No
3822,Abeer Kanda,Male,49,Kolkata,2025-06-05,23,Standard,1140,26220,Two Year,UPI,14,1.5,Yes
3823,Madhav Dar,Female,49,Kolkata,2023-04-22,46,Standard,1091,50186,Yearly,Net Banking,15,3.9,No
3824,Suhani Dass,Female,60,Mumbai,2026-03-11,48,Standard,889,42672,Two Year,Credit Card,6,3.0,No
3825,Zashil Bhat,Male,20,Hyderabad,2022-03-13,51,Basic,574,29274,Monthly,Wallet,7,3.5,Yes
3826,Qushi Dani,Female,50,Mumbai,2022-08-17,31,Basic,440,13640,Monthly,Net Banking,8,2.3,Yes
3827,Andrew Sachdev,Female,37,Delhi,2024-02-11,54,Standard,843,45522,Monthly,Credit Card,0,3.0,No
3828,Harini Bhatia,Female,57,Chennai,2021-08-26,41,Standard,754,30914,Monthly,Wallet,15,4.2,Yes
3829,Udant Manne,Male,20,Pune,2025-03-06,7,Standard,976,6832,Yearly,Debit Card,7,3.6,No
3830,Nihal Kala,Female,34,Delhi,2023-06-10,53,Basic,397,21041,Yearly,Net Banking,5,2.8,Yes
3831,Meera Sridhar,Male,65,Ahmedabad,2024-02-28,15,Standard,1133,16995,Monthly,UPI,14,1.0,Yes
3832,Bishakha Comar,Female,40,Pune,2025-05-25,50,Basic,534,26700,Yearly,Debit Card,8,1.7,No
3833,Kashvi Bassi,Female,47,Ahmedabad,2026-04-18,49,Basic,463,22687,Monthly,Wallet,1,2.8,No
3834,Azaan Brar,Male,24,Delhi,2023-05-11,56,Standard,1197,67032,Two Year,UPI,5,3.6,No
3835,Triveni Ramakrishnan,Female,49,Mumbai,2023-07-25,30,Standard,1047,31410,Yearly,UPI,8,1.1,No
3836,Benjamin Tripathi,Female,52,Delhi,2023-07-20,51,Basic,506,25806,Monthly,Debit Card,14,2.5,Yes
3837,Chandani Sampath,Female,48,Mumbai,2023-09-06,7,Premium,1247,8729,Two Year,Wallet,9,3.2,No
3838,Siya Dave,Female,37,Ahmedabad,2023-11-04,27,Basic,439,11853,Monthly,UPI,13,1.5,Yes
3839,Tanay Kohli,Male,25,Jaipur,2024-07-18,45,Basic,580,26100,Monthly,Net Banking,2,1.5,No
3840,Jason Mander,Male,62,Hyderabad,2022-11-22,30,Standard,818,24540,Monthly,Debit Card,10,2.9,Yes
3841,Warda Ramakrishnan,Female,60,Kolkata,2021-10-17,15,Standard,714,10710,Monthly,Wallet,4,2.2,Yes
3842,Rajata Malhotra,Male,31,Delhi,2022-09-15,37,Premium,2188,80956,Yearly,Debit Card,8,3.4,No
3843,Nandini Nanda,Male,34,Kolkata,2023-01-12,52,Premium,2251,117052,Two Year,Wallet,14,2.8,Yes
3844,Yutika Bains,Male,21,Mumbai,2022-08-26,11,Basic,311,3421,Monthly,Wallet,3,1.4,Yes
3845,Chandani Palla,Female,40,Kolkata,2021-11-19,28,Standard,847,23716,Monthly,Debit Card,7,1.3,Yes
3846,Tristan Borde,Female,21,Delhi,2023-02-09,7,Standard,763,5341,Monthly,Credit Card,11,3.4,No
3847,Alexander Prashad,Male,40,Kolkata,2021-12-15,18,Basic,688,12384,Monthly,Net Banking,6,3.9,No
3848,Nitesh Saha,Female,23,Bangalore,2021-09-29,19,Basic,700,13300,Yearly,Credit Card,6,2.5,No
3849,Qabil Hora,Male,58,Bangalore,2025-05-30,8,Basic,472,3776,Monthly,UPI,2,1.5,No
3850,Nitesh Dave,Male,21,Delhi,2024-11-04,25,Basic,352,8800,Monthly,Debit Card,12,3.6,Yes
3851,Devansh Parikh,Female,46,Chennai,2022-06-09,56,Basic,338,18928,Two Year,Debit Card,9,2.1,Yes
3852,Ishani Dara,Male,25,Kolkata,2023-05-26,53,Basic,435,23055,Yearly,UPI,10,4.1,Yes
3853,Vinaya Batta,Male,44,Mumbai,2023-04-08,44,Basic,691,30404,Yearly,Wallet,9,2.1,No
3854,Shivansh Prakash,Female,52,Bangalore,2025-03-21,18,Premium,1874,33732,Monthly,Net Banking,14,4.1,No
3855,Zehaan Venkataraman,Female,57,Lucknow,2024-03-20,34,Basic,628,21352,Yearly,Debit Card,1,3.1,No
3856,Aradhana Nagi,Male,40,Jaipur,2026-02-07,3,Basic,398,1194,Monthly,UPI,11,3.2,Yes
3857,Yuvraj Sekhon,Male,50,Jaipur,2023-02-26,45,Basic,642,28890,Yearly,UPI,10,4.5,No
3858,Urvashi Chacko,Male,55,Ahmedabad,2025-07-07,22,Basic,553,12166,Monthly,Credit Card,15,3.9,No
3859,Divya Mahal,Female,49,Ahmedabad,2022-07-07,24,Basic,450,10800,Two Year,Net Banking,11,1.7,Yes
3860,Hamsini Bhattacharyya,Male,20,Hyderabad,2021-08-21,17,Basic,440,7480,Yearly,Net Banking,8,4.2,No
3861,Isaac Keer,Male,42,Hyderabad,2024-11-05,19,Premium,1299,24681,Monthly,Wallet,12,3.3,No
3862,Oliver Chawla,Male,49,Ahmedabad,2023-07-03,28,Basic,679,19012,Yearly,Wallet,11,4.2,No
3863,Luke Vyas,Female,59,Kolkata,2026-03-21,15,Standard,1117,16755,Two Year,UPI,11,4.6,No
3864,Gunbir Koshy,Male,41,Hyderabad,2026-01-27,38,Basic,362,13756,Monthly,Debit Card,8,1.1,Yes
3865,Gaurika Chatterjee,Male,27,Hyderabad,2025-11-24,47,Basic,522,24534,Monthly,Net Banking,13,1.2,Yes
3866,Faris Iyer,Male,63,Ahmedabad,2023-04-11,2,Standard,773,1546,Monthly,Debit Card,4,2.4,Yes
3867,Aradhana Hayre,Male,59,Chennai,2022-10-16,13,Basic,501,6513,Yearly,Wallet,6,1.5,No
3868,Charles Banerjee,Male,47,Jaipur,2025-09-20,20,Basic,624,12480,Yearly,Wallet,8,4.8,No
3869,Edhitha Kibe,Female,54,Kolkata,2025-08-08,23,Basic,424,9752,Monthly,Debit Card,15,3.4,No
3870,Bhavna Kala,Female,47,Jaipur,2025-02-25,22,Premium,1827,40194,Yearly,UPI,11,3.8,Yes
3871,Radhika Ram,Female,61,Bangalore,2022-11-23,12,Standard,798,9576,Yearly,Net Banking,15,3.8,No
3872,Benjamin Balakrishnan,Female,19,Bangalore,2022-04-13,47,Basic,417,19599,Monthly,Credit Card,4,4.7,Yes
3873,Amaira Batta,Male,47,Kolkata,2025-12-10,39,Premium,2007,78273,Two Year,Debit Card,4,2.9,Yes
3874,Charvi Wali,Female,39,Pune,2024-08-19,46,Basic,641,29486,Monthly,UPI,1,2.1,No
3875,Rachit Modi,Male,40,Delhi,2024-02-02,6,Basic,493,2958,Monthly,Credit Card,2,4.8,Yes
3876,Tripti Atwal,Female,61,Pune,2025-10-21,46,Premium,1468,67528,Yearly,Wallet,5,1.2,No
3877,Tara Nanda,Female,49,Ahmedabad,2024-02-20,23,Basic,569,13087,Two Year,Debit Card,4,2.8,Yes
3878,Ekapad Natt,Male,58,Ahmedabad,2024-10-06,12,Basic,407,4884,Monthly,Credit Card,8,1.9,No
3879,Bina Varma,Male,23,Pune,2025-02-14,47,Standard,1066,50102,Monthly,UPI,6,3.4,No
3880,Varenya Ratti,Male,34,Chennai,2024-02-17,3,Basic,494,1482,Monthly,Debit Card,14,4.0,Yes
3881,Chaaya Bhasin,Female,31,Ahmedabad,2026-05-28,45,Standard,1189,53505,Two Year,UPI,12,4.9,No
3882,Ridhi Shah,Male,53,Lucknow,2023-06-23,24,Premium,2175,52200,Monthly,Wallet,0,2.4,No
3883,Xiti Golla,Male,32,Ahmedabad,2021-08-09,13,Basic,532,6916,Monthly,Net Banking,11,1.2,No
3884,Lajita Kumer,Male,35,Mumbai,2022-11-18,55,Premium,1666,91630,Monthly,Debit Card,4,3.4,Yes
3885,Yashica Char,Female,56,Delhi,2022-05-06,34,Basic,692,23528,Monthly,Wallet,14,3.7,No
3886,Sanya Krishna,Male,19,Jaipur,2024-06-10,10,Standard,1066,10660,Monthly,Net Banking,1,2.9,No
3887,Omaja Kibe,Male,56,Pune,2021-11-29,6,Premium,1448,8688,Yearly,Wallet,8,2.4,No
3888,Yadavi Dani,Female,40,Mumbai,2024-06-19,27,Standard,767,20709,Monthly,Net Banking,2,4.3,No
3889,Faris Bhargava,Male,45,Delhi,2024-03-08,24,Standard,1017,24408,Monthly,Wallet,5,1.8,No
3890,Timothy Tella,Female,25,Chennai,2025-11-20,19,Premium,2152,40888,Monthly,UPI,5,4.8,No
3891,Frado Keer,Female,38,Pune,2023-10-20,4,Standard,1020,4080,Yearly,Wallet,15,3.6,No
3892,Tamanna Bali,Male,36,Lucknow,2024-01-23,22,Premium,1210,26620,Yearly,Net Banking,3,2.2,No
3893,Michael Srinivasan,Male,46,Bangalore,2025-10-23,12,Premium,2000,24000,Monthly,Wallet,9,3.7,No
3894,Tara Sankar,Male,20,Hyderabad,2022-11-04,28,Premium,1413,39564,Yearly,Credit Card,3,2.2,No
3895,William Sandal,Female,43,Bangalore,2026-01-18,42,Standard,1091,45822,Yearly,UPI,1,3.7,No
3896,Pushti Sur,Male,54,Hyderabad,2022-12-09,32,Premium,1734,55488,Yearly,UPI,9,3.4,No
3897,Ayush Murty,Male,46,Jaipur,2026-01-30,28,Standard,1171,32788,Two Year,Wallet,12,2.8,Yes
3898,Aahana Bala,Female,35,Lucknow,2023-01-07,44,Premium,2059,90596,Yearly,UPI,11,3.1,No
3899,Bhanumati Arya,Male,45,Hyderabad,2025-01-05,49,Basic,502,24598,Yearly,UPI,13,2.8,Yes
3900,Sanaya Wason,Female,31,Ahmedabad,2023-01-15,33,Standard,820,27060,Yearly,Net Banking,14,3.2,No
3901,Zehaan Singhal,Male,45,Hyderabad,2023-11-06,4,Basic,381,1524,Monthly,Debit Card,6,4.5,No
3902,Bhavna Agarwal,Female,52,Delhi,2023-08-11,44,Standard,967,42548,Two Year,Debit Card,8,4.9,No
3903,Abeer Vig,Male,50,Ahmedabad,2022-02-28,29,Basic,320,9280,Monthly,Debit Card,6,2.6,No
3904,Nikita Arya,Male,60,Bangalore,2021-10-01,26,Standard,791,20566,Two Year,Net Banking,4,4.0,No
3905,Ranveer Dhawan,Female,29,Mumbai,2023-03-30,14,Premium,2216,31024,Monthly,Credit Card,11,2.6,No
3906,Anika Salvi,Female,55,Mumbai,2026-04-26,55,Basic,313,17215,Yearly,Debit Card,10,2.8,Yes
3907,Siddharth Patil,Male,55,Jaipur,2022-01-18,15,Basic,456,6840,Monthly,UPI,12,2.5,Yes
3908,Anusha Savant,Male,62,Chennai,2024-10-05,57,Premium,2205,125685,Two Year,UPI,6,2.6,No
3909,Robert Mukherjee,Female,39,Chennai,2022-06-20,13,Premium,1750,22750,Monthly,Credit Card,7,4.3,No
3910,Manya Basak,Female,64,Ahmedabad,2023-07-09,38,Standard,922,35036,Yearly,UPI,8,3.5,No
3911,Dev Gola,Female,24,Hyderabad,2024-12-21,48,Standard,722,34656,Monthly,Credit Card,0,3.0,Yes
3912,Priya Dash,Male,64,Ahmedabad,2026-01-22,16,Premium,1264,20224,Two Year,Debit Card,8,3.9,No
3913,Yuvraj Chanda,Female,33,Jaipur,2021-09-16,58,Premium,1603,92974,Monthly,Net Banking,14,1.3,Yes
3914,Max Mutti,Female,18,Pune,2025-04-19,28,Basic,340,9520,Two Year,Debit Card,15,3.8,No
3915,Zehaan Narain,Female,37,Mumbai,2023-08-13,24,Premium,2095,50280,Monthly,Debit Card,4,2.2,No
3916,Warinder Pathak,Female,29,Kolkata,2023-05-02,11,Standard,885,9735,Two Year,Credit Card,2,2.0,Yes
3917,Kavya Joshi,Male,54,Lucknow,2023-09-13,46,Basic,592,27232,Monthly,Wallet,5,1.5,No
3918,Benjamin Swaminathan,Male,31,Bangalore,2022-02-01,58,Premium,1526,88508,Monthly,UPI,0,1.1,Yes
3919,Yatin Boase,Female,22,Pune,2025-06-11,19,Standard,1185,22515,Yearly,Debit Card,11,2.7,No
3920,Indrajit Agate,Female,38,Kolkata,2024-01-30,8,Standard,937,7496,Yearly,Wallet,12,2.6,No
3921,Vaishnavi Rajagopalan,Female,41,Ahmedabad,2022-08-31,38,Premium,2381,90478,Monthly,Net Banking,3,2.6,No
3922,Nathaniel Nagar,Female,64,Kolkata,2025-03-25,32,Premium,2121,67872,Yearly,Net Banking,12,4.7,No
3923,Viraj Chowdhury,Male,18,Jaipur,2024-04-17,26,Premium,2184,56784,Two Year,Debit Card,1,3.2,No
3924,Gautami Mital,Male,22,Ahmedabad,2021-12-02,55,Standard,1000,55000,Monthly,Debit Card,10,4.5,Yes
3925,Neelima Sen,Female,27,Ahmedabad,2024-02-06,4,Basic,619,2476,Yearly,Debit Card,15,3.1,No
3926,Ryan Deep,Female,62,Delhi,2023-11-16,20,Standard,772,15440,Monthly,Net Banking,13,1.3,Yes
3927,Xiti Sama,Male,59,Jaipur,2025-08-16,57,Standard,1004,57228,Two Year,Net Banking,14,4.1,No
3928,Faraj Sehgal,Female,45,Chennai,2021-09-17,51,Standard,717,36567,Monthly,Wallet,15,1.6,Yes
3929,Orinder Bains,Male,54,Chennai,2024-11-22,3,Basic,344,1032,Monthly,Credit Card,1,1.8,Yes
3930,Yatan Gulati,Female,60,Delhi,2026-02-23,53,Basic,340,18020,Monthly,Net Banking,3,4.2,Yes
3931,Oliver Borra,Male,62,Hyderabad,2025-09-01,23,Basic,572,13156,Monthly,Debit Card,15,2.3,No
3932,Rohan Hayer,Female,34,Pune,2021-10-16,10,Standard,753,7530,Monthly,Net Banking,8,1.8,Yes
3933,Samuel Pai,Male,59,Jaipur,2022-10-15,46,Premium,1632,75072,Monthly,Net Banking,14,4.8,No
3934,Yochana Bal,Female,33,Chennai,2021-06-20,46,Premium,1694,77924,Monthly,Wallet,12,4.8,Yes
3935,Janaki Chakrabarti,Male,47,Jaipur,2021-09-15,46,Premium,1927,88642,Yearly,Credit Card,13,3.7,No
3936,Jalsa Dasgupta,Male,65,Kolkata,2021-07-14,21,Premium,1992,41832,Two Year,Credit Card,3,3.4,No
3937,Rajata Dash,Male,55,Chennai,2024-01-16,17,Premium,2434,41378,Monthly,Net Banking,15,2.7,Yes
3938,Tara Natt,Female,25,Ahmedabad,2023-07-10,52,Premium,2299,119548,Monthly,Wallet,13,3.1,Yes
3939,Nisha Tiwari,Male,26,Ahmedabad,2021-10-22,30,Basic,546,16380,Yearly,UPI,1,1.4,Yes
3940,Indrajit Patla,Male,18,Chennai,2025-07-21,39,Standard,1047,40833,Yearly,Wallet,10,4.4,No
3941,Sanya Kanda,Female,58,Mumbai,2022-05-26,43,Standard,751,32293,Two Year,Wallet,3,4.1,No
3942,Pushti Varma,Female,64,Hyderabad,2022-06-24,3,Standard,1160,3480,Monthly,Net Banking,12,1.7,No
3943,Krish Natt,Male,58,Chennai,2025-01-16,45,Basic,318,14310,Monthly,Wallet,10,2.7,Yes
3944,Tamanna Virk,Male,42,Bangalore,2022-11-09,14,Premium,1922,26908,Monthly,Debit Card,4,2.2,Yes
3945,Nicholas Prabhakar,Female,38,Pune,2024-02-07,16,Standard,746,11936,Two Year,Wallet,0,1.9,Yes
3946,Victor Maharaj,Male,27,Hyderabad,2022-02-22,49,Standard,845,41405,Monthly,Wallet,8,4.6,Yes
3947,Rajeshri Chatterjee,Male,65,Chennai,2022-05-11,20,Basic,477,9540,Monthly,Credit Card,8,2.5,No
3948,Unnati Pal,Female,35,Delhi,2024-05-17,33,Basic,599,19767,Yearly,Debit Card,14,1.1,No
3949,Ansh Kala,Male,60,Jaipur,2022-03-13,60,Standard,744,44640,Monthly,Credit Card,0,2.9,Yes
3950,Abha Sidhu,Female,48,Chennai,2025-05-02,16,Standard,1059,16944,Yearly,Net Banking,4,4.0,No
3951,Daksha Sood,Female,40,Ahmedabad,2024-07-30,28,Basic,431,12068,Monthly,Credit Card,2,2.8,Yes
3952,Neelima Lata,Male,29,Kolkata,2026-04-15,22,Basic,585,12870,Two Year,Net Banking,9,2.9,No
3953,Abdul Kohli,Male,56,Hyderabad,2022-10-19,28,Basic,649,18172,Monthly,Credit Card,6,4.2,No
3954,Omisha Dhawan,Male,31,Hyderabad,2026-03-20,30,Standard,1126,33780,Monthly,Credit Card,2,2.4,Yes
3955,Ranveer Kota,Female,50,Bangalore,2024-06-14,41,Basic,325,13325,Monthly,Debit Card,15,3.5,Yes
3956,Omaja Mallick,Male,32,Ahmedabad,2026-06-11,52,Standard,796,41392,Monthly,UPI,2,4.3,No
3957,Kashish Arora,Female,38,Ahmedabad,2022-06-12,45,Standard,775,34875,Two Year,UPI,11,3.4,No
3958,Jeet Varkey,Male,29,Delhi,2025-02-26,19,Premium,1372,26068,Yearly,Net Banking,2,2.7,No
3959,Lucky Borah,Female,34,Chennai,2021-10-10,55,Standard,1044,57420,Monthly,Net Banking,2,1.2,Yes
3960,Neha Sibal,Male,65,Lucknow,2022-08-11,17,Premium,2003,34051,Monthly,Net Banking,8,1.8,Yes
3961,Yagnesh Sabharwal,Female,58,Bangalore,2021-07-18,38,Basic,375,14250,Monthly,Credit Card,0,3.5,No
3962,Naksh Loyal,Female,50,Delhi,2026-03-22,59,Premium,2104,124136,Monthly,Wallet,7,2.3,Yes
3963,Indali Natarajan,Male,21,Lucknow,2024-09-19,58,Premium,2113,122554,Two Year,Credit Card,10,3.7,Yes
3964,Damyanti Wali,Male,21,Kolkata,2026-04-30,13,Standard,890,11570,Monthly,Credit Card,0,1.2,No
3965,Saumya Bhatt,Female,46,Pune,2023-07-03,41,Premium,1900,77900,Yearly,Debit Card,13,3.6,Yes
3966,Vasana Ramaswamy,Female,47,Delhi,2023-06-05,26,Basic,511,13286,Monthly,Credit Card,5,3.2,No
3967,Unnati Bala,Female,42,Pune,2024-03-17,19,Basic,515,9785,Yearly,Net Banking,7,1.7,No
3968,Warhi Chakraborty,Female,65,Chennai,2025-08-22,55,Premium,1783,98065,Two Year,Debit Card,2,2.3,Yes
3969,Guneet Narayan,Female,24,Ahmedabad,2022-01-06,8,Standard,953,7624,Monthly,Net Banking,2,4.3,No
3970,Shaurya Boase,Female,38,Kolkata,2025-05-18,37,Standard,883,32671,Yearly,UPI,11,4.7,No
3971,Matthew Nigam,Female,65,Pune,2025-11-26,3,Standard,1027,3081,Two Year,Credit Card,7,3.8,No
3972,Warda Mangal,Male,18,Lucknow,2021-07-29,12,Standard,902,10824,Yearly,Credit Card,8,3.5,No
3973,Rachana Sheth,Female,55,Pune,2025-09-17,12,Premium,1461,17532,Monthly,Credit Card,8,2.4,Yes
3974,Krishna Munshi,Male,36,Bangalore,2023-09-13,30,Standard,817,24510,Monthly,Net Banking,13,1.2,Yes
3975,Rushil Nori,Male,32,Ahmedabad,2023-10-14,20,Basic,394,7880,Yearly,Credit Card,15,1.2,Yes
3976,Vasudha Shan,Male,37,Chennai,2024-12-25,12,Standard,773,9276,Monthly,Wallet,6,2.4,No
3977,Vasana Ramachandran,Female,54,Kolkata,2025-06-20,10,Basic,626,6260,Monthly,Credit Card,2,3.9,Yes
3978,Tanvi Sood,Male,52,Ahmedabad,2026-05-18,36,Basic,535,19260,Two Year,Wallet,10,1.8,Yes
3979,Aadhya Nadig,Male,21,Ahmedabad,2022-12-13,60,Basic,636,38160,Monthly,Wallet,15,2.6,Yes
3980,Chaman Morar,Female,62,Jaipur,2022-03-02,10,Basic,504,5040,Monthly,Credit Card,12,2.5,Yes
3981,Harsh Chaudhari,Female,50,Bangalore,2022-09-21,28,Premium,1209,33852,Yearly,Debit Card,9,1.8,No
3982,Vritti Nagarajan,Female,28,Lucknow,2026-01-15,58,Standard,971,56318,Monthly,Net Banking,5,2.3,No
3983,Zarna Ganguly,Male,38,Ahmedabad,2022-11-30,51,Basic,494,25194,Yearly,Credit Card,4,1.8,Yes
3984,Ekaraj Loke,Male,48,Delhi,2025-03-07,32,Basic,455,14560,Yearly,Debit Card,13,4.7,Yes
3985,Chatresh Devi,Female,45,Kolkata,2022-08-30,30,Basic,699,20970,Yearly,Net Banking,7,2.0,No
3986,Diya Bhavsar,Female,23,Jaipur,2024-09-30,7,Basic,351,2457,Two Year,UPI,9,3.4,No
3987,Sara Mani,Female,57,Bangalore,2022-03-14,25,Premium,2010,50250,Monthly,Debit Card,12,4.0,Yes
3988,Chatresh Nori,Female,23,Jaipur,2022-02-22,17,Standard,830,14110,Two Year,Net Banking,7,3.7,No
3989,Anirudh Hayre,Female,21,Jaipur,2026-06-13,40,Standard,913,36520,Two Year,Wallet,7,3.7,No
3990,Peter Karpe,Male,43,Lucknow,2024-09-23,15,Standard,820,12300,Two Year,Credit Card,7,3.2,No
3991,Dipta Mishra,Male,49,Ahmedabad,2025-07-07,18,Standard,999,17982,Monthly,Wallet,4,3.6,Yes
3992,Samar Nazareth,Male,28,Delhi,2026-05-15,51,Basic,612,31212,Yearly,UPI,0,1.4,Yes
3993,Udyati Bhatnagar,Male,33,Lucknow,2021-08-19,25,Basic,556,13900,Yearly,UPI,5,1.1,No
3994,Robert Lal,Female,58,Chennai,2023-03-02,24,Basic,337,8088,Two Year,UPI,7,4.3,No
3995,Ladli Raghavan,Male,29,Chennai,2022-04-06,19,Standard,1003,19057,Yearly,UPI,2,1.7,No
3996,Forum Narula,Male,57,Pune,2023-10-03,36,Standard,918,33048,Monthly,Wallet,1,4.3,No
3997,Nilima Devi,Female,43,Lucknow,2023-03-17,2,Premium,1701,3402,Monthly,UPI,14,2.9,Yes
3998,Hemangini Jain,Female,39,Chennai,2022-08-07,1,Standard,1053,1053,Monthly,Credit Card,2,4.8,Yes
3999,Oni Ravel,Female,25,Pune,2026-04-01,19,Premium,2284,43396,Monthly,UPI,6,4.1,No
4000,Tejas Dyal,Male,63,Jaipur,2025-09-24,21,Basic,552,11592,Monthly,Net Banking,3,1.5,Yes
4001,Tanmayi Sami,Female,21,Delhi,2024-02-16,1,Basic,372,372,Yearly,Wallet,5,4.6,No
4002,Faqid Reddy,Male,36,Lucknow,2026-03-24,16,Standard,1075,17200,Yearly,UPI,0,4.4,No
4003,Gautam Dewan,Male,29,Hyderabad,2024-08-10,12,Premium,1543,18516,Monthly,UPI,0,1.1,No
4004,Meera Narasimhan,Female,42,Bangalore,2022-04-30,35,Basic,649,22715,Yearly,Debit Card,11,1.7,Yes
4005,Frado Lala,Male,45,Ahmedabad,2023-02-28,10,Standard,721,7210,Two Year,Wallet,2,1.9,Yes
4006,Baghyawati Kohli,Female,49,Delhi,2023-07-27,23,Standard,784,18032,Yearly,UPI,6,1.7,Yes
4007,Tejas Patil,Female,47,Jaipur,2026-03-15,48,Standard,905,43440,Monthly,Net Banking,3,1.5,Yes
4008,Vrinda Kata,Male,50,Kolkata,2021-12-24,48,Basic,606,29088,Monthly,Debit Card,10,1.4,Yes
4009,Yamini Khalsa,Male,57,Lucknow,2023-10-30,49,Basic,526,25774,Monthly,Debit Card,0,1.7,No
4010,Benjamin Bansal,Male,36,Delhi,2022-11-04,6,Standard,1113,6678,Two Year,Debit Card,10,1.8,Yes
4011,Ayush Sarma,Female,19,Ahmedabad,2024-03-16,51,Basic,611,31161,Yearly,Debit Card,2,1.2,Yes
4012,Ayaan Rajan,Female,44,Ahmedabad,2025-07-29,51,Basic,570,29070,Monthly,Net Banking,10,1.7,Yes
4013,Tristan Joshi,Female,21,Delhi,2022-12-07,4,Basic,554,2216,Yearly,Wallet,13,2.8,Yes
4014,Veda Pathak,Female,20,Pune,2023-07-23,42,Standard,712,29904,Yearly,Wallet,12,2.1,Yes
4015,Lohit Kant,Male,46,Bangalore,2024-04-13,15,Basic,667,10005,Two Year,Net Banking,2,3.0,No
4016,Vrishti Krishnan,Male,25,Jaipur,2022-06-07,42,Standard,926,38892,Monthly,Credit Card,4,3.2,No
4017,Upadhriti Minhas,Male,34,Delhi,2024-01-03,9,Basic,355,3195,Monthly,Net Banking,5,1.3,No
4018,Ayush Mohanty,Male,41,Delhi,2024-02-02,58,Basic,496,28768,Yearly,Credit Card,2,4.5,No
4019,Isaac Aurora,Female,48,Mumbai,2025-03-23,20,Basic,461,9220,Monthly,UPI,15,3.6,Yes
4020,Eesha Sidhu,Female,54,Kolkata,2022-06-20,30,Basic,501,15030,Monthly,Wallet,11,4.8,Yes
4021,Janaki Srivastava,Female,21,Ahmedabad,2023-05-21,36,Standard,799,28764,Yearly,Wallet,2,1.7,No
4022,Ekansh Joshi,Male,54,Delhi,2024-08-18,2,Basic,452,904,Yearly,UPI,2,4.8,No
4023,Osha Garde,Female,62,Kolkata,2021-09-27,7,Premium,1761,12327,Two Year,Net Banking,10,3.8,No
4024,Karan Goyal,Female,65,Delhi,2025-01-16,29,Standard,736,21344,Yearly,UPI,10,1.5,No
4025,Neha Dutta,Female,22,Ahmedabad,2026-02-15,31,Basic,378,11718,Yearly,Net Banking,14,2.7,No
4026,Jeet Nagar,Female,63,Pune,2026-05-17,49,Standard,766,37534,Two Year,Credit Card,6,3.2,No
4027,Eesha Ramaswamy,Female,30,Bangalore,2023-06-18,20,Standard,1147,22940,Monthly,UPI,14,3.6,Yes
4028,Dominic Pall,Female,33,Pune,2023-07-11,40,Premium,2404,96160,Yearly,Wallet,5,3.1,No
4029,Oviya Pau,Female,62,Ahmedabad,2024-08-04,32,Basic,534,17088,Two Year,UPI,6,1.9,No
4030,Balvan Lal,Female,60,Kolkata,2022-05-27,11,Standard,830,9130,Monthly,Credit Card,7,3.3,Yes
4031,Krish Deo,Female,35,Bangalore,2021-10-09,46,Standard,970,44620,Monthly,Net Banking,12,2.1,Yes
4032,Samuel Iyer,Female,26,Chennai,2024-07-26,16,Standard,819,13104,Monthly,Wallet,12,4.2,Yes
4033,Isaac Pant,Male,48,Chennai,2025-11-05,5,Standard,983,4915,Monthly,Debit Card,14,2.6,Yes
4034,Urvi Sharma,Male,21,Mumbai,2023-11-10,56,Basic,420,23520,Two Year,Net Banking,0,4.8,No
4035,Harshil Parmer,Male,23,Pune,2021-09-09,28,Basic,438,12264,Yearly,Net Banking,3,2.0,Yes
4036,Farhan Tiwari,Female,31,Kolkata,2025-11-07,45,Basic,652,29340,Two Year,Credit Card,5,4.9,No
4037,Pahal Bava,Female,20,Hyderabad,2025-07-10,52,Premium,2339,121628,Monthly,Debit Card,6,1.8,No
4038,Samar Nayar,Female,27,Mumbai,2025-08-25,18,Basic,666,11988,Monthly,UPI,9,1.8,Yes
4039,Madhavi Sen,Female,48,Hyderabad,2023-02-17,7,Standard,835,5845,Two Year,Credit Card,8,2.2,No
4040,Bhavya Aggarwal,Female,42,Chennai,2024-08-21,49,Premium,2493,122157,Yearly,Wallet,9,1.7,No
4041,Jhalak Doctor,Female,35,Ahmedabad,2024-10-31,8,Premium,1352,10816,Monthly,Wallet,3,1.5,No
4042,Qabil Saxena,Female,64,Chennai,2025-07-01,12,Premium,1993,23916,Monthly,Debit Card,14,1.7,Yes
4043,Yashica Khurana,Male,41,Chennai,2025-04-20,14,Standard,1018,14252,Yearly,UPI,15,2.5,Yes
4044,Oviya Cheema,Male,51,Chennai,2023-06-08,4,Standard,1114,4456,Monthly,Debit Card,11,4.9,Yes
4045,Yatin Nagarajan,Female,53,Bangalore,2024-04-16,31,Premium,1563,48453,Two Year,Debit Card,7,1.2,No
4046,Rudra Rastogi,Female,37,Chennai,2021-06-23,21,Standard,739,15519,Monthly,Net Banking,2,1.6,Yes
4047,Leena Lal,Male,58,Mumbai,2021-12-03,35,Standard,1122,39270,Two Year,Debit Card,5,2.2,No
4048,Watika Patel,Male,42,Lucknow,2026-04-02,41,Standard,917,37597,Monthly,Net Banking,12,1.5,Yes
4049,Saumya Subramanian,Male,22,Jaipur,2023-06-23,16,Standard,1167,18672,Monthly,Net Banking,3,4.5,No
4050,Unni Om,Male,35,Ahmedabad,2022-07-20,39,Premium,2487,96993,Monthly,UPI,10,1.0,Yes
4051,Saanvi Wali,Male,64,Chennai,2025-01-11,23,Standard,752,17296,Monthly,UPI,5,2.3,No
4052,Faqid Bala,Female,28,Jaipur,2022-03-16,27,Basic,430,11610,Yearly,Wallet,5,4.6,No
4053,Forum Ghose,Male,29,Delhi,2023-06-15,35,Standard,1192,41720,Two Year,Wallet,7,3.6,No
4054,Sachi Nazareth,Male,47,Lucknow,2025-01-20,26,Premium,1741,45266,Yearly,Net Banking,9,1.6,No
4055,Panini Hans,Female,28,Delhi,2022-05-05,49,Basic,609,29841,Two Year,UPI,14,3.0,No
4056,Wridesh Baria,Female,18,Ahmedabad,2024-06-13,42,Basic,343,14406,Monthly,Credit Card,8,1.5,Yes
4057,Darpan Puri,Female,55,Pune,2022-06-14,54,Standard,826,44604,Yearly,Credit Card,13,1.3,No
4058,Krisha Nath,Female,60,Ahmedabad,2023-08-24,34,Standard,1131,38454,Monthly,Net Banking,8,2.8,Yes
4059,Rachit Sarraf,Male,39,Pune,2026-02-23,14,Premium,2203,30842,Yearly,Net Banking,5,3.4,No
4060,Imaran Biswas,Female,19,Ahmedabad,2023-04-13,31,Standard,1037,32147,Two Year,Debit Card,6,2.6,No
4061,Wakeeta Gokhale,Male,38,Delhi,2022-09-14,47,Standard,720,33840,Monthly,Debit Card,6,3.4,No
4062,Atharv Bhatia,Female,65,Delhi,2023-05-30,53,Premium,2366,125398,Monthly,Credit Card,7,2.4,Yes
4063,Pahal Shah,Male,57,Kolkata,2023-03-25,34,Basic,582,19788,Yearly,Credit Card,12,2.7,No
4064,Mugdha Kibe,Female,38,Mumbai,2025-01-05,23,Basic,539,12397,Two Year,Credit Card,12,1.1,Yes
4065,Nidra Gulati,Male,42,Hyderabad,2026-01-17,6,Basic,556,3336,Monthly,Debit Card,12,1.7,No
4066,Frederick Sahni,Female,55,Hyderabad,2026-05-29,59,Basic,311,18349,Two Year,UPI,4,4.4,No
4067,Praneel Swamy,Male,39,Bangalore,2025-08-03,33,Basic,610,20130,Yearly,Debit Card,10,2.6,Yes
4068,Hema Arora,Female,64,Kolkata,2022-04-10,42,Basic,695,29190,Monthly,Debit Card,10,1.2,No
4069,Zashil Agarwal,Female,53,Pune,2023-06-30,50,Standard,934,46700,Two Year,Credit Card,15,4.5,No
4070,Osha Bajaj,Male,23,Ahmedabad,2023-02-22,22,Basic,387,8514,Two Year,Debit Card,9,2.7,No
4071,Arya Doctor,Female,38,Bangalore,2021-06-25,50,Basic,380,19000,Two Year,Credit Card,5,3.5,No
4072,Januja Solanki,Male,60,Jaipur,2024-11-13,51,Standard,954,48654,Monthly,Debit Card,1,1.6,No
4073,Jai Sheth,Female,54,Mumbai,2024-06-03,18,Basic,300,5400,Monthly,Credit Card,8,4.0,No
4074,Januja Raghavan,Male,62,Jaipur,2024-03-03,19,Basic,588,11172,Yearly,Debit Card,15,4.6,No
4075,Gaurang Parmer,Male,39,Bangalore,2025-11-20,5,Standard,803,4015,Yearly,Wallet,15,2.5,Yes
4076,Bhavini Vig,Male,35,Delhi,2022-07-10,19,Standard,859,16321,Monthly,Wallet,13,4.0,No
4077,Anita Rau,Female,22,Mumbai,2022-04-28,23,Basic,503,11569,Yearly,Wallet,6,2.1,No
4078,Henry Johal,Female,40,Lucknow,2023-04-11,39,Standard,953,37167,Monthly,Credit Card,4,3.1,No
4079,Vinaya Borra,Male,48,Mumbai,2026-01-01,43,Basic,559,24037,Monthly,Net Banking,3,3.8,No
4080,Christopher Rama,Female,36,Hyderabad,2025-04-20,4,Premium,1614,6456,Two Year,UPI,7,1.2,Yes
4081,Charita Sehgal,Male,61,Delhi,2024-02-03,34,Standard,827,28118,Monthly,Wallet,13,1.2,Yes
4082,Vincent Barad,Male,20,Lucknow,2021-09-04,59,Basic,413,24367,Monthly,Credit Card,1,3.9,Yes
4083,Oeshi Goel,Female,47,Ahmedabad,2023-10-22,60,Standard,1071,64260,Two Year,Credit Card,13,3.0,No
4084,Max Chawla,Female,37,Pune,2024-10-02,55,Standard,1091,60005,Two Year,Wallet,12,2.2,No
4085,Ria Peri,Female,30,Pune,2021-07-16,57,Basic,428,24396,Two Year,UPI,3,3.5,No
4086,Anvi Chander,Female,31,Chennai,2025-02-10,7,Premium,1486,10402,Monthly,UPI,6,3.3,Yes
4087,Neha Bedi,Male,31,Pune,2026-03-08,35,Standard,1084,37940,Monthly,UPI,7,1.8,Yes
4088,Urvi Pant,Male,42,Hyderabad,2026-04-30,20,Premium,2265,45300,Monthly,UPI,0,2.9,No
4089,Chatresh Misra,Male,38,Mumbai,2021-10-16,28,Basic,516,14448,Monthly,Debit Card,14,2.1,No
4090,Fiyaz Natarajan,Female,36,Jaipur,2023-07-03,20,Premium,2177,43540,Monthly,Credit Card,3,4.7,Yes
4091,Leela Bhatti,Male,55,Hyderabad,2023-10-12,48,Premium,1478,70944,Monthly,UPI,14,2.0,Yes
4092,Isaac Thaman,Male,28,Chennai,2023-10-21,28,Standard,1122,31416,Monthly,Debit Card,5,2.4,Yes
4093,Kashvi Toor,Male,52,Hyderabad,2025-04-29,33,Standard,932,30756,Monthly,Wallet,3,1.6,Yes
4094,Simon Patel,Female,23,Kolkata,2025-10-03,50,Standard,1157,57850,Monthly,Debit Card,9,4.3,No
4095,Logan Din,Female,60,Hyderabad,2023-06-19,40,Standard,1083,43320,Yearly,Debit Card,8,2.3,No
4096,Mohammed Dar,Male,41,Bangalore,2022-07-08,28,Basic,464,12992,Monthly,Debit Card,0,1.1,Yes
4097,Laksh Mahajan,Female,34,Ahmedabad,2022-05-29,56,Basic,677,37912,Yearly,UPI,15,3.2,Yes
4098,Yashica Kant,Female,20,Mumbai,2022-02-04,51,Basic,601,30651,Monthly,Debit Card,15,3.4,Yes
4099,Bishakha Din,Male,59,Pune,2022-10-07,25,Standard,722,18050,Yearly,UPI,7,2.7,Yes
4100,Kala Bajaj,Female,60,Mumbai,2024-06-07,48,Basic,557,26736,Yearly,Net Banking,1,4.2,No
4101,Leena Jani,Female,20,Chennai,2025-12-26,31,Premium,1266,39246,Two Year,UPI,15,2.0,No
4102,Theodore Brahmbhatt,Male,61,Mumbai,2023-02-28,27,Basic,639,17253,Monthly,Net Banking,15,3.3,Yes
4103,Hemani Jayaraman,Female,59,Bangalore,2023-08-13,57,Basic,546,31122,Monthly,Wallet,5,3.0,No
4104,Lopa Sarma,Female,23,Pune,2021-07-31,46,Premium,1612,74152,Two Year,UPI,12,3.0,Yes
4105,Abha Halder,Female,25,Pune,2022-02-01,28,Premium,2001,56028,Yearly,Debit Card,2,2.4,Yes
4106,Ekanta Kothari,Female,20,Lucknow,2021-07-04,54,Standard,913,49302,Monthly,Credit Card,13,2.7,Yes
4107,Sathvik Patla,Female,54,Pune,2022-06-26,27,Premium,1689,45603,Monthly,Debit Card,13,3.6,No
4108,Harrison Kannan,Female,44,Chennai,2022-02-13,8,Standard,759,6072,Two Year,Credit Card,2,1.9,Yes
4109,Damyanti Jaggi,Female,22,Lucknow,2022-02-21,9,Basic,490,4410,Two Year,Credit Card,4,2.5,No
4110,Mekhala Mahajan,Female,53,Kolkata,2022-10-23,6,Premium,2079,12474,Two Year,Wallet,14,4.4,No
4111,Falguni Sheth,Male,54,Kolkata,2023-12-13,32,Standard,969,31008,Monthly,Credit Card,13,4.0,No
4112,Anya Koshy,Female,54,Bangalore,2024-09-25,4,Basic,553,2212,Yearly,Credit Card,8,3.8,No
4113,Harish Rege,Male,18,Mumbai,2025-02-05,49,Basic,588,28812,Yearly,Credit Card,13,2.0,Yes
4114,Arin Dhar,Female,31,Mumbai,2024-02-03,31,Basic,600,18600,Two Year,Wallet,0,1.4,Yes
4115,Eesha Contractor,Male,51,Pune,2023-11-18,6,Standard,957,5742,Two Year,Debit Card,7,2.9,No
4116,Chaman Natarajan,Male,44,Chennai,2021-12-01,15,Premium,1209,18135,Monthly,Debit Card,4,1.7,Yes
4117,Turvi Mallick,Female,57,Hyderabad,2025-01-26,27,Standard,1028,27756,Yearly,Credit Card,15,2.8,No
4118,Patrick Chaudry,Male,63,Delhi,2023-04-10,50,Standard,858,42900,Two Year,Credit Card,0,4.2,No
4119,Yashawini Bath,Female,51,Bangalore,2022-11-22,55,Standard,940,51700,Monthly,Net Banking,6,4.0,Yes
4120,Jalsa Suri,Male,39,Kolkata,2026-01-04,20,Premium,1980,39600,Monthly,UPI,10,1.5,Yes
4121,Siddharth Johal,Male,61,Kolkata,2023-06-07,8,Standard,1053,8424,Yearly,Wallet,0,4.9,No
4122,Janya Bakshi,Male,59,Mumbai,2025-12-13,22,Standard,911,20042,Two Year,UPI,2,3.2,No
4123,Pahal Babu,Male,31,Kolkata,2023-08-04,7,Standard,783,5481,Yearly,Net Banking,2,2.9,No
4124,Januja Goel,Male,59,Chennai,2024-10-17,25,Basic,500,12500,Yearly,Credit Card,9,2.9,No
4125,Falak Virk,Male,30,Ahmedabad,2023-11-08,27,Premium,1868,50436,Yearly,Wallet,8,2.3,No
4126,Ira Narayan,Male,32,Ahmedabad,2022-10-25,4,Standard,1041,4164,Yearly,Debit Card,8,5.0,No
4127,Noah Varughese,Male,63,Hyderabad,2025-03-12,14,Basic,652,9128,Monthly,Debit Card,3,3.6,No
4128,Mitali Dutt,Male,55,Pune,2022-11-13,9,Premium,2117,19053,Two Year,UPI,10,2.7,No
4129,Vanya Srivastava,Male,47,Mumbai,2024-09-29,53,Premium,1711,90683,Monthly,Credit Card,12,3.0,Yes
4130,Tanish Chakraborty,Female,52,Lucknow,2023-10-26,45,Premium,2015,90675,Monthly,UPI,9,4.4,Yes
4131,Aashi Gera,Male,18,Mumbai,2023-11-09,33,Basic,670,22110,Yearly,Debit Card,7,3.0,No
4132,Tejas Zacharia,Male,33,Kolkata,2025-07-04,8,Basic,539,4312,Monthly,UPI,13,2.1,Yes
4133,Aishani Srinivas,Male,26,Kolkata,2024-07-09,27,Premium,2102,56754,Monthly,UPI,11,1.6,Yes
4134,Jasmit Merchant,Male,54,Hyderabad,2024-01-28,54,Standard,867,46818,Yearly,Wallet,0,4.6,No
4135,Ekansh Gandhi,Female,47,Ahmedabad,2026-02-11,55,Basic,698,38390,Monthly,Net Banking,8,4.0,No
4136,Amara Lad,Female,19,Delhi,2022-11-09,56,Basic,669,37464,Two Year,Wallet,13,2.4,Yes
4137,Daksha Mohanty,Male,27,Chennai,2023-02-25,55,Basic,488,26840,Yearly,Wallet,12,4.0,No
4138,Sachi Pillay,Male,42,Delhi,2026-05-04,45,Standard,1079,48555,Yearly,UPI,11,4.8,No
4139,Dev Dugar,Female,24,Jaipur,2023-11-22,38,Standard,744,28272,Monthly,Debit Card,14,1.1,Yes
4140,Dhruv Varty,Female,26,Delhi,2025-06-01,43,Basic,317,13631,Yearly,Credit Card,15,3.1,No
4141,Victor Saran,Male,22,Bangalore,2021-07-13,2,Premium,1657,3314,Two Year,UPI,6,3.2,No
4142,Reyansh Peri,Male,46,Bangalore,2025-02-23,49,Premium,2465,120785,Monthly,UPI,15,2.7,Yes
4143,Saanvi Pai,Female,41,Kolkata,2021-12-01,13,Standard,814,10582,Monthly,Net Banking,8,3.0,Yes
4144,Vasatika Gandhi,Female,49,Hyderabad,2021-10-02,1,Standard,751,751,Yearly,Credit Card,0,2.4,No
4145,Vansha Grewal,Female,30,Lucknow,2022-11-08,38,Standard,944,35872,Monthly,Credit Card,8,2.6,No
4146,Dhriti Bhakta,Female,53,Jaipur,2023-04-12,5,Basic,671,3355,Yearly,Net Banking,10,2.1,Yes
4147,Siddharth Panchal,Male,28,Pune,2025-08-27,48,Premium,1302,62496,Yearly,Credit Card,13,3.1,Yes
4148,Isaiah Goda,Female,26,Pune,2023-05-18,7,Basic,601,4207,Two Year,Debit Card,13,4.4,No
4149,Joshua Batta,Male,37,Delhi,2025-06-16,32,Standard,1158,37056,Monthly,UPI,1,3.3,No
4150,Nirja Barad,Male,20,Delhi,2023-10-30,50,Basic,362,18100,Two Year,UPI,14,4.1,No
4151,Sneha Dubey,Female,34,Kolkata,2022-01-12,59,Standard,728,42952,Two Year,Net Banking,1,2.8,Yes
4152,Dayamai Bhardwaj,Female,54,Chennai,2023-05-14,59,Standard,818,48262,Yearly,Wallet,15,2.1,Yes
4153,Raksha Kata,Female,54,Kolkata,2021-10-13,41,Premium,2335,95735,Yearly,Net Banking,3,1.8,No
4154,Keya Sarma,Male,60,Jaipur,2023-12-07,5,Standard,773,3865,Monthly,Debit Card,0,2.4,Yes
4155,Dhriti Seshadri,Male,30,Pune,2022-06-20,42,Standard,789,33138,Monthly,Wallet,2,1.4,Yes
4156,Jacob Dhar,Female,22,Bangalore,2024-07-25,20,Premium,1229,24580,Yearly,Debit Card,5,3.6,No
4157,Dhruv Mall,Male,26,Chennai,2023-01-13,37,Standard,1019,37703,Yearly,Wallet,1,3.9,No
4158,Christopher Mammen,Female,20,Kolkata,2022-10-02,35,Standard,1047,36645,Monthly,Credit Card,14,2.6,No
4159,Harini Chand,Female,19,Chennai,2025-03-23,54,Standard,995,53730,Two Year,Wallet,2,4.6,No
4160,Baljiwan Tella,Male,19,Jaipur,2021-07-15,40,Premium,2163,86520,Yearly,UPI,14,2.1,No
4161,Thomas Tandon,Female,63,Delhi,2024-05-28,33,Basic,422,13926,Monthly,Credit Card,6,3.5,No
4162,Qadim Mani,Female,37,Jaipur,2025-10-23,25,Standard,824,20600,Yearly,UPI,0,2.9,Yes
4163,Qarin Venkataraman,Female,50,Kolkata,2022-09-01,36,Basic,413,14868,Monthly,UPI,3,1.3,Yes
4164,Eiravati Mannan,Male,63,Jaipur,2026-05-31,22,Standard,929,20438,Monthly,Wallet,14,3.0,Yes
4165,Yashoda Khatri,Female,38,Ahmedabad,2022-12-29,39,Basic,317,12363,Two Year,Debit Card,1,4.7,No
4166,Kiaan Bhargava,Male,31,Kolkata,2026-01-31,3,Basic,619,1857,Yearly,UPI,5,2.0,Yes
4167,Isaiah Chaudhary,Female,60,Bangalore,2025-09-28,25,Standard,971,24275,Monthly,Net Banking,5,2.1,Yes
4168,Max Datta,Female,48,Hyderabad,2023-08-26,21,Basic,538,11298,Monthly,Debit Card,12,2.1,Yes
4169,Bimala Kakar,Male,40,Ahmedabad,2025-12-09,7,Standard,858,6006,Monthly,Debit Card,14,2.4,Yes
4170,Wyatt Arya,Female,59,Lucknow,2025-05-25,52,Basic,565,29380,Yearly,Wallet,10,1.6,Yes
4171,Deepa Kunda,Male,25,Pune,2022-12-27,4,Standard,1117,4468,Yearly,Net Banking,3,4.0,No
4172,Ronith Subramaniam,Female,45,Hyderabad,2024-09-28,31,Premium,1675,51925,Yearly,Net Banking,11,1.3,No
4173,Ekta Ram,Male,56,Jaipur,2022-03-05,32,Premium,1954,62528,Monthly,Credit Card,13,4.0,Yes
4174,Chanchal Shetty,Female,62,Delhi,2025-02-04,33,Standard,734,24222,Two Year,Credit Card,7,2.0,No
4175,Orinder Lad,Female,65,Pune,2026-02-27,49,Standard,960,47040,Two Year,Net Banking,1,2.0,No
4176,Reyansh Vaidya,Female,26,Hyderabad,2024-08-24,13,Standard,1137,14781,Monthly,Debit Card,4,2.0,No
4177,Ikbal Bava,Male,43,Chennai,2022-06-28,29,Basic,339,9831,Monthly,Wallet,10,3.9,No
4178,Ranbir Natarajan,Male,47,Mumbai,2022-08-21,35,Basic,627,21945,Monthly,Net Banking,5,4.8,No
4179,Gaurang Kumar,Female,55,Ahmedabad,2026-04-05,8,Standard,1082,8656,Yearly,Debit Card,5,3.9,No
4180,Naksh Sarna,Male,31,Jaipur,2022-11-01,31,Standard,1112,34472,Monthly,Debit Card,6,3.5,No
4181,Rayaan Edwin,Male,44,Jaipur,2024-11-04,42,Premium,2161,90762,Yearly,UPI,14,4.0,No
4182,Gauri Sampath,Female,23,Bangalore,2024-12-01,37,Premium,1587,58719,Two Year,Credit Card,4,1.7,No
4183,Pahal Patil,Male,61,Lucknow,2024-01-17,9,Standard,1056,9504,Monthly,Debit Card,12,1.7,Yes
4184,Naveen Oak,Female,22,Jaipur,2023-09-08,56,Standard,1166,65296,Yearly,Wallet,8,2.4,No
4185,Quincy Raghavan,Male,21,Chennai,2021-10-18,11,Basic,571,6281,Two Year,Debit Card,7,1.3,Yes
4186,Chandran Sanghvi,Female,48,Chennai,2025-02-01,26,Basic,403,10478,Two Year,Debit Card,5,3.0,No
4187,Adya Mani,Female,41,Ahmedabad,2024-04-15,43,Basic,613,26359,Monthly,UPI,14,3.3,Yes
4188,Avi Sachdev,Male,30,Bangalore,2022-04-05,28,Premium,2231,62468,Yearly,Debit Card,13,3.6,No
4189,Gavin Tella,Female,42,Hyderabad,2024-08-08,4,Standard,788,3152,Two Year,Credit Card,13,4.6,No
4190,Ishwar Goyal,Male,41,Jaipur,2023-10-24,20,Standard,725,14500,Yearly,Net Banking,5,1.8,No
4191,Sarthak Shanker,Male,43,Chennai,2021-09-06,12,Standard,1105,13260,Yearly,UPI,9,2.6,No
4192,Qabil Rai,Male,48,Bangalore,2024-03-19,26,Basic,308,8008,Two Year,Net Banking,9,2.5,No
4193,Yadavi Luthra,Female,37,Lucknow,2024-10-22,58,Basic,693,40194,Monthly,UPI,6,3.8,No
4194,Ekaja Kamdar,Male,58,Mumbai,2022-03-30,33,Premium,1781,58773,Yearly,Net Banking,15,2.1,No
4195,Anika Banik,Male,32,Mumbai,2023-06-10,52,Premium,1720,89440,Two Year,UPI,7,4.4,No
4196,Aachal Hari,Female,29,Bangalore,2025-04-12,46,Premium,1400,64400,Monthly,Wallet,7,4.1,Yes
4197,Sarthak Wadhwa,Female,47,Lucknow,2021-09-27,18,Basic,462,8316,Monthly,Net Banking,9,4.0,Yes
4198,Bhanumati Madan,Female,51,Kolkata,2026-02-03,10,Basic,594,5940,Monthly,UPI,3,3.5,Yes
4199,Rachita Bhandari,Male,29,Kolkata,2024-12-02,3,Basic,696,2088,Monthly,UPI,1,4.0,No
4200,Gabriel Bora,Female,30,Jaipur,2021-08-28,19,Standard,709,13471,Yearly,Wallet,14,2.0,No
4201,Kai Dave,Female,22,Delhi,2025-03-28,7,Premium,1977,13839,Two Year,Net Banking,4,4.6,No
4202,Sarthak Vohra,Male,27,Mumbai,2026-01-15,25,Standard,979,24475,Yearly,Net Banking,10,4.9,Yes
4203,Warhi Iyengar,Male,51,Lucknow,2025-07-04,23,Basic,390,8970,Two Year,Credit Card,8,1.6,Yes
4204,Sathvik Divan,Male,59,Delhi,2024-06-09,23,Basic,430,9890,Two Year,Net Banking,0,2.8,No
4205,Girindra Oak,Male,40,Delhi,2024-05-11,49,Basic,564,27636,Monthly,Net Banking,5,2.0,Yes
4206,Vinaya Nayak,Male,25,Ahmedabad,2022-10-18,28,Standard,829,23212,Yearly,UPI,7,4.7,No
4207,Ganga Solanki,Male,28,Lucknow,2024-11-23,17,Standard,1089,18513,Monthly,Wallet,8,3.9,No
4208,Rohan Contractor,Male,50,Jaipur,2024-03-17,45,Basic,685,30825,Yearly,UPI,5,1.6,No
4209,Qadim Golla,Female,43,Jaipur,2026-02-16,23,Standard,792,18216,Monthly,UPI,11,1.6,Yes
4210,Arin Hari,Male,38,Delhi,2023-05-16,8,Premium,1523,12184,Monthly,Net Banking,13,1.7,Yes
4211,Advay Bakshi,Female,33,Delhi,2022-07-24,48,Basic,664,31872,Monthly,Credit Card,2,1.9,Yes
4212,Jatin Barman,Female,27,Chennai,2026-05-06,53,Premium,1545,81885,Monthly,Wallet,5,2.9,No
4213,Abeer Choudhry,Female,40,Hyderabad,2026-05-09,15,Standard,844,12660,Monthly,Credit Card,7,2.9,Yes
4214,Ria Gala,Male,30,Chennai,2025-07-26,39,Standard,836,32604,Monthly,UPI,11,3.9,Yes
4215,Andrew Buch,Male,26,Lucknow,2021-07-22,34,Standard,830,28220,Two Year,UPI,9,3.2,No
4216,Ekiya Thakkar,Female,60,Jaipur,2021-07-19,33,Basic,310,10230,Monthly,Net Banking,1,4.0,No
4217,Samesh Dugal,Male,31,Ahmedabad,2023-06-01,43,Basic,599,25757,Monthly,Net Banking,10,1.5,Yes
4218,Neel Wali,Female,54,Chennai,2022-07-21,11,Basic,614,6754,Monthly,Wallet,8,2.2,Yes
4219,Siddharth Sanghvi,Male,19,Chennai,2024-11-21,7,Standard,941,6587,Monthly,Debit Card,8,4.4,No
4220,Jai Borra,Female,39,Ahmedabad,2021-12-28,23,Basic,647,14881,Two Year,Credit Card,8,4.7,No
4221,Gautam Barad,Male,46,Bangalore,2023-12-09,31,Basic,442,13702,Yearly,Credit Card,12,2.5,Yes
4222,Jack Raman,Male,18,Jaipur,2023-03-10,26,Basic,329,8554,Yearly,UPI,15,2.1,No
4223,Max Bal,Male,40,Bangalore,2023-02-13,35,Basic,523,18305,Yearly,Wallet,6,3.0,No
4224,Urishilla Ratta,Male,41,Mumbai,2021-08-21,44,Premium,2480,109120,Monthly,Net Banking,9,1.9,No
4225,Harsh Modi,Female,41,Bangalore,2022-12-06,2,Basic,611,1222,Yearly,Net Banking,10,2.9,Yes
4226,Sai Ramanathan,Male,45,Chennai,2026-05-06,27,Standard,1184,31968,Yearly,Net Banking,1,1.9,No
4227,Abeer Pai,Male,33,Pune,2025-07-01,31,Standard,935,28985,Monthly,Credit Card,8,4.3,No
4228,Anjali Mannan,Male,18,Chennai,2022-07-06,32,Basic,437,13984,Monthly,Wallet,7,4.0,No
4229,Elijah Dara,Female,20,Jaipur,2024-02-03,49,Premium,1692,82908,Yearly,Wallet,4,4.0,No
4230,Barkha Vora,Female,63,Delhi,2023-11-16,23,Basic,607,13961,Two Year,UPI,14,4.5,Yes
4231,Mitesh Singh,Female,35,Ahmedabad,2021-08-30,6,Basic,608,3648,Monthly,Credit Card,9,2.8,Yes
4232,Imaran Varty,Male,54,Kolkata,2025-11-14,44,Premium,2120,93280,Two Year,Net Banking,1,2.1,No
4233,Brinda Ram,Female,54,Ahmedabad,2024-07-25,35,Basic,458,16030,Monthly,Net Banking,12,4.9,Yes
4234,Ekiya Patla,Female,19,Pune,2023-10-08,15,Standard,748,11220,Yearly,Net Banking,1,3.7,No
4235,Azaan Aurora,Male,36,Mumbai,2023-02-25,14,Premium,2022,28308,Yearly,Net Banking,3,4.7,No
4236,Faras Borde,Male,24,Jaipur,2025-07-27,57,Basic,619,35283,Yearly,Wallet,6,1.1,No
4237,Advaith Nazareth,Male,42,Pune,2026-01-08,30,Standard,1110,33300,Monthly,Wallet,13,4.8,Yes
4238,Simon Kumar,Female,52,Pune,2022-11-23,30,Basic,510,15300,Monthly,Net Banking,2,1.5,No
4239,Madhavi Edwin,Female,38,Ahmedabad,2023-10-31,36,Premium,2059,74124,Monthly,Credit Card,3,4.8,No
4240,Yagnesh Hari,Female,53,Lucknow,2022-11-10,36,Premium,2333,83988,Two Year,Wallet,3,1.7,No
4241,Nitesh Sheth,Female,19,Jaipur,2021-10-10,33,Basic,632,20856,Monthly,Debit Card,2,3.5,No
4242,Hemangini Dara,Male,47,Chennai,2025-03-22,7,Standard,878,6146,Yearly,UPI,10,4.5,Yes
4243,Diya Walia,Female,41,Lucknow,2021-09-11,46,Standard,809,37214,Monthly,Net Banking,13,1.8,Yes
4244,Charita Shanker,Male,35,Hyderabad,2022-05-08,32,Basic,363,11616,Monthly,UPI,8,2.0,Yes
4245,Yochana Parikh,Male,27,Chennai,2022-11-20,1,Basic,675,675,Monthly,UPI,14,2.5,Yes
4246,Mugdha Borde,Female,28,Lucknow,2022-12-20,4,Standard,859,3436,Two Year,Net Banking,1,2.8,No
4247,Teerth Bora,Female,27,Ahmedabad,2026-02-23,34,Standard,790,26860,Yearly,Credit Card,10,4.0,No
4248,Meghana Bali,Female,25,Lucknow,2026-04-20,48,Basic,601,28848,Yearly,Net Banking,4,4.6,No
4249,Simon Parmar,Female,64,Pune,2025-07-03,45,Basic,510,22950,Monthly,Wallet,10,5.0,No
4250,Rachit Randhawa,Female,22,Delhi,2025-09-20,58,Premium,2347,136126,Yearly,Debit Card,7,4.8,No
4251,Zayyan Bala,Female,47,Mumbai,2022-01-22,13,Premium,1492,19396,Monthly,Wallet,1,4.2,No
4252,Alexander Saha,Male,62,Delhi,2022-06-27,21,Basic,505,10605,Monthly,Debit Card,3,2.9,Yes
4253,Shivansh Kashyap,Male,30,Mumbai,2021-07-25,4,Premium,1523,6092,Monthly,Net Banking,1,1.2,Yes
4254,Widisha Agate,Male,46,Mumbai,2022-06-03,44,Basic,553,24332,Monthly,Credit Card,4,2.9,Yes
4255,Vihaan Saraf,Female,31,Pune,2026-04-07,57,Standard,1061,60477,Yearly,UPI,14,1.4,Yes
4256,Daniel Doctor,Male,62,Hyderabad,2022-02-22,27,Premium,1805,48735,Monthly,Credit Card,14,1.6,Yes
4257,Jeet Sur,Male,28,Ahmedabad,2024-03-20,33,Standard,751,24783,Monthly,UPI,13,2.8,No
4258,Avi Nadig,Male,54,Mumbai,2023-08-31,10,Standard,859,8590,Monthly,Debit Card,2,2.6,Yes
4259,Hritik Sheth,Female,21,Hyderabad,2025-07-16,33,Basic,515,16995,Monthly,Net Banking,15,1.5,Yes
4260,Ekiya Chakraborty,Female,57,Delhi,2021-08-22,52,Standard,1156,60112,Yearly,Net Banking,1,3.7,No
4261,Praneel Reddy,Male,43,Mumbai,2026-03-10,45,Premium,1855,83475,Yearly,Credit Card,11,1.1,Yes
4262,Anthony Sen,Male,27,Delhi,2025-11-17,17,Basic,619,10523,Two Year,Net Banking,15,1.9,No
4263,Faraj De,Female,32,Bangalore,2023-08-01,25,Standard,907,22675,Two Year,Debit Card,9,3.6,No
4264,Mohammed Rana,Female,32,Pune,2023-06-03,11,Standard,1033,11363,Monthly,Credit Card,13,4.9,Yes
4265,Harrison Sandhu,Male,41,Jaipur,2023-09-28,45,Basic,556,25020,Yearly,UPI,2,2.9,No
4266,Aadhya Goda,Male,25,Chennai,2025-09-19,16,Premium,2263,36208,Monthly,Net Banking,10,2.8,Yes
4267,Christopher Bala,Female,41,Bangalore,2025-09-24,50,Premium,2342,117100,Yearly,Net Banking,12,2.2,No
4268,Tarak Ranganathan,Female,18,Pune,2023-07-05,8,Basic,315,2520,Monthly,Credit Card,11,3.7,Yes
4269,Turvi Patel,Female,36,Mumbai,2023-06-16,40,Premium,1273,50920,Yearly,Credit Card,15,4.6,No
4270,Laban Nadkarni,Female,53,Kolkata,2021-08-17,50,Basic,644,32200,Yearly,Wallet,13,3.6,No
4271,Charan Natt,Male,39,Pune,2025-09-15,10,Premium,1704,17040,Monthly,UPI,0,1.1,Yes
4272,Ayushman Nazareth,Female,22,Lucknow,2022-02-04,24,Basic,689,16536,Two Year,Credit Card,14,3.8,No
4273,Yachana Prabhu,Male,47,Chennai,2024-04-26,31,Premium,1712,53072,Yearly,Debit Card,6,1.3,Yes
4274,Laban Upadhyay,Female,45,Bangalore,2021-09-14,49,Premium,1884,92316,Yearly,UPI,0,3.7,No
4275,Prisha Reddy,Female,22,Pune,2023-09-19,13,Premium,2053,26689,Yearly,Credit Card,12,2.1,No
4276,Amol Om,Male,26,Hyderabad,2025-07-04,45,Premium,2083,93735,Yearly,Net Banking,7,1.6,No
4277,Kalpit Rama,Male,28,Lucknow,2021-10-29,3,Standard,961,2883,Monthly,Net Banking,0,1.4,Yes
4278,Sneha Sinha,Female,53,Mumbai,2025-06-12,5,Standard,974,4870,Monthly,Credit Card,8,2.0,Yes
4279,Yash Devi,Male,51,Delhi,2022-10-14,58,Standard,756,43848,Monthly,Debit Card,7,1.0,Yes
4280,Yatin Kibe,Male,52,Mumbai,2022-08-04,33,Standard,1003,33099,Yearly,Debit Card,0,2.3,No
4281,Girik Sundaram,Male,53,Mumbai,2025-11-06,2,Basic,444,888,Yearly,UPI,0,2.4,Yes
4282,Umang Loyal,Male,58,Bangalore,2023-04-14,22,Basic,663,14586,Monthly,UPI,13,4.2,No
4283,Zilmil Hegde,Female,19,Bangalore,2023-01-31,50,Basic,335,16750,Monthly,UPI,13,3.3,Yes
4284,Unnati Saran,Female,27,Jaipur,2025-08-12,11,Premium,1795,19745,Two Year,UPI,14,4.3,Yes
4285,Robert Rana,Male,21,Ahmedabad,2022-12-05,10,Standard,1070,10700,Yearly,Debit Card,6,2.6,No
4286,Udant Kunda,Female,56,Mumbai,2021-10-15,40,Standard,986,39440,Yearly,Credit Card,8,3.3,No
4287,Ishani Bera,Female,65,Kolkata,2023-02-22,25,Basic,596,14900,Monthly,Debit Card,7,1.9,No
4288,Eesha Sridhar,Female,40,Ahmedabad,2023-06-04,27,Premium,1924,51948,Monthly,Wallet,3,4.0,No
4289,Indali Acharya,Female,33,Jaipur,2024-02-20,41,Basic,311,12751,Monthly,Wallet,11,4.4,Yes
4290,Nisha Mital,Male,51,Kolkata,2021-11-18,44,Standard,848,37312,Yearly,Credit Card,12,2.1,No
4291,Nitesh Sura,Male,26,Chennai,2025-05-20,57,Standard,1177,67089,Yearly,UPI,10,1.8,Yes
4292,Damyanti Borra,Male,29,Kolkata,2022-12-22,31,Premium,1755,54405,Two Year,UPI,15,2.5,Yes
4293,Janaki Deol,Female,52,Kolkata,2024-02-10,58,Basic,591,34278,Monthly,UPI,11,3.0,No
4294,Mitali Chaudhry,Female,20,Jaipur,2026-03-12,33,Standard,1052,34716,Monthly,Credit Card,6,3.3,No
4295,Devika Saha,Female,54,Jaipur,2025-06-12,24,Basic,442,10608,Two Year,Wallet,15,3.1,No
4296,Baghyawati Gopal,Male,29,Pune,2024-10-28,8,Standard,707,5656,Monthly,Wallet,12,2.5,Yes
4297,Vivaan Uppal,Female,52,Chennai,2023-03-22,27,Premium,2138,57726,Monthly,UPI,5,1.6,Yes
4298,Girish Venkataraman,Male,57,Lucknow,2023-02-11,52,Basic,474,24648,Monthly,Debit Card,8,1.5,Yes
4299,Upma Krish,Male,50,Delhi,2024-05-11,22,Standard,940,20680,Two Year,UPI,1,1.6,No
4300,Rajeshri Chadha,Female,41,Delhi,2023-02-20,56,Standard,741,41496,Yearly,Credit Card,0,2.7,No
4301,Advay Sahota,Female,60,Chennai,2025-01-09,48,Basic,688,33024,Yearly,Debit Card,8,2.8,Yes
4302,Harish Mani,Male,29,Chennai,2026-03-29,7,Premium,1777,12439,Yearly,UPI,2,1.1,No
4303,Warda Sodhi,Male,45,Kolkata,2023-06-13,53,Standard,1129,59837,Yearly,Net Banking,13,4.9,No
4304,Divya Kohli,Male,23,Delhi,2022-07-23,48,Basic,546,26208,Yearly,Debit Card,4,4.0,No
4305,Wahab Dhar,Male,43,Delhi,2023-01-22,1,Standard,960,960,Monthly,UPI,14,4.4,No
4306,Sathvik Patel,Male,65,Hyderabad,2022-03-24,42,Standard,940,39480,Yearly,Credit Card,11,3.6,Yes
4307,Guneet Goel,Male,41,Ahmedabad,2022-05-07,9,Basic,602,5418,Monthly,Net Banking,4,1.5,Yes
4308,Lohit Lal,Female,21,Bangalore,2024-08-20,29,Standard,933,27057,Monthly,UPI,11,2.8,Yes
4309,Jai Puri,Female,51,Hyderabad,2024-07-27,43,Premium,2276,97868,Two Year,Net Banking,5,1.4,No
4310,Orinder Dua,Female,63,Jaipur,2026-06-12,3,Basic,493,1479,Monthly,Net Banking,7,3.3,No
4311,Ekani Viswanathan,Female,47,Pune,2025-10-31,35,Premium,1809,63315,Monthly,Wallet,0,4.0,No
4312,Urmi Master,Female,21,Kolkata,2022-06-12,50,Standard,888,44400,Yearly,Wallet,9,2.8,No
4313,Raksha Srinivasan,Male,26,Delhi,2026-04-20,45,Premium,1700,76500,Yearly,Credit Card,5,3.1,No
4314,Oscar Sami,Female,55,Hyderabad,2021-10-25,60,Basic,508,30480,Monthly,Net Banking,13,3.9,No
4315,Pranav Shan,Female,31,Kolkata,2023-09-01,48,Premium,2126,102048,Yearly,UPI,2,3.1,No
4316,Dalbir Mangat,Female,55,Bangalore,2023-07-27,56,Basic,593,33208,Monthly,UPI,9,4.1,Yes
4317,Darika Mittal,Female,58,Delhi,2022-03-24,8,Standard,871,6968,Yearly,UPI,5,1.9,No
4318,Fariq De,Male,50,Lucknow,2023-09-08,40,Basic,409,16360,Monthly,Net Banking,13,1.6,Yes
4319,Rushil Mukherjee,Male,63,Ahmedabad,2024-01-12,57,Premium,1798,102486,Yearly,Wallet,15,3.7,No
4320,Wazir Parikh,Male,19,Delhi,2022-11-18,41,Standard,1114,45674,Two Year,UPI,4,1.1,No
4321,Aahana Jha,Female,29,Pune,2024-02-19,48,Basic,558,26784,Two Year,UPI,13,3.4,No
4322,Kamya Chawla,Male,54,Kolkata,2022-09-22,21,Standard,1000,21000,Monthly,Net Banking,8,4.5,No
4323,Dhriti Trivedi,Male,18,Hyderabad,2022-02-19,7,Standard,1101,7707,Yearly,Debit Card,0,3.7,No
4324,Gunbir Mani,Female,61,Hyderabad,2023-05-06,33,Standard,1160,38280,Monthly,Wallet,5,3.6,No
4325,Hardik Palla,Male,20,Pune,2023-02-26,26,Standard,1060,27560,Yearly,UPI,9,4.3,No
4326,Aachal Ramesh,Male,34,Chennai,2025-12-22,30,Basic,537,16110,Monthly,Credit Card,10,1.3,No
4327,Tripti Murty,Female,46,Chennai,2023-12-27,21,Basic,521,10941,Monthly,Debit Card,14,3.7,Yes
4328,Bhavna Chaudhuri,Female,38,Delhi,2025-04-27,58,Standard,1120,64960,Monthly,Credit Card,10,3.1,No
4329,Anirudh Dash,Female,18,Ahmedabad,2026-03-11,43,Basic,453,19479,Yearly,Net Banking,14,3.4,Yes
4330,Eiravati Parsa,Female,23,Lucknow,2021-12-30,5,Standard,1051,5255,Yearly,Wallet,0,4.8,No
4331,Neel Sundaram,Female,56,Ahmedabad,2022-09-30,3,Standard,835,2505,Two Year,Debit Card,12,4.5,Yes
4332,Gopal Dara,Male,36,Chennai,2025-02-04,31,Basic,683,21173,Monthly,Debit Card,3,4.0,Yes
4333,Noah Rajan,Female,30,Kolkata,2026-05-09,25,Standard,1036,25900,Two Year,Wallet,1,1.9,No
4334,Ekbal Butala,Female,49,Chennai,2024-02-25,24,Standard,1152,27648,Monthly,Debit Card,14,3.9,No
4335,Anusha Bandi,Male,51,Chennai,2023-09-14,47,Basic,586,27542,Yearly,Wallet,1,3.6,No
4336,Irya Seth,Male,29,Kolkata,2023-12-11,20,Premium,1990,39800,Monthly,UPI,13,4.0,Yes
4337,Ishani Deol,Male,24,Lucknow,2021-07-03,17,Standard,1027,17459,Yearly,Net Banking,6,3.6,No
4338,Saumya Loke,Male,55,Pune,2024-10-19,12,Premium,2103,25236,Monthly,UPI,9,2.0,No
4339,Wakeeta Nazareth,Male,21,Kolkata,2021-10-16,41,Standard,872,35752,Monthly,Credit Card,12,1.9,Yes
4340,Nidra Dutta,Male,42,Hyderabad,2022-06-04,25,Basic,360,9000,Yearly,UPI,1,2.4,Yes
4341,Xiti Chakraborty,Male,23,Chennai,2025-10-29,29,Standard,1145,33205,Yearly,Debit Card,1,4.5,No
4342,Nitara Mahajan,Male,56,Kolkata,2023-10-06,49,Premium,1600,78400,Two Year,Debit Card,15,4.0,Yes
4343,Ekavir Srivastava,Female,46,Ahmedabad,2024-04-28,60,Basic,621,37260,Two Year,Net Banking,10,3.3,No
4344,Sathvik Borde,Male,62,Lucknow,2026-01-09,45,Basic,484,21780,Monthly,Wallet,1,2.9,No
4345,Nidra Om,Male,48,Delhi,2024-02-07,25,Standard,1007,25175,Two Year,UPI,10,2.2,No
4346,Vrishti Parmer,Male,43,Jaipur,2023-09-13,43,Basic,426,18318,Monthly,Wallet,3,1.8,Yes
4347,Rachita Edwin,Female,52,Jaipur,2025-10-30,13,Standard,834,10842,Monthly,Debit Card,5,1.3,No
4348,Gunbir Randhawa,Male,51,Hyderabad,2022-09-19,5,Basic,546,2730,Monthly,Credit Card,4,4.0,No
4349,Jeremiah Sengupta,Male,48,Kolkata,2021-06-19,45,Standard,891,40095,Monthly,Debit Card,11,4.2,No
4350,Harshil Narang,Male,62,Jaipur,2025-03-29,22,Standard,780,17160,Monthly,Debit Card,11,2.4,Yes
4351,Naksh Singh,Male,27,Jaipur,2023-05-12,36,Standard,713,25668,Two Year,Credit Card,13,1.8,No
4352,Aarush Sachdev,Female,51,Lucknow,2025-03-31,39,Premium,1682,65598,Monthly,Net Banking,4,3.2,No
4353,Upkaar Sinha,Male,44,Jaipur,2024-10-24,7,Basic,399,2793,Monthly,Debit Card,13,2.2,Yes
4354,Omya Rama,Female,61,Bangalore,2024-06-12,55,Standard,836,45980,Monthly,Wallet,11,2.3,No
4355,Yashoda Saha,Female,64,Delhi,2024-12-29,16,Basic,305,4880,Two Year,Wallet,3,5.0,No
4356,Ekalinga Parmer,Female,19,Pune,2023-06-23,35,Basic,576,20160,Monthly,Wallet,12,4.0,No
4357,Ishaan Bansal,Female,49,Lucknow,2023-05-23,8,Standard,863,6904,Yearly,Net Banking,3,1.0,Yes
4358,Gautam Loke,Female,52,Jaipur,2021-06-23,52,Premium,1719,89388,Monthly,Net Banking,2,3.4,No
4359,Siya Wali,Female,33,Chennai,2024-05-09,25,Basic,496,12400,Yearly,Credit Card,9,2.6,No
4360,Charles Handa,Male,48,Lucknow,2021-10-02,20,Premium,2106,42120,Monthly,Credit Card,13,4.9,Yes
4361,Edhitha Nori,Male,40,Delhi,2022-05-23,10,Standard,1176,11760,Yearly,Credit Card,5,3.0,Yes
4362,Nitara Dey,Female,21,Pune,2024-04-10,14,Standard,805,11270,Yearly,Credit Card,15,2.0,No
4363,Mohini Nagarajan,Male,44,Delhi,2021-11-08,8,Standard,704,5632,Monthly,Wallet,0,2.0,No
4364,Ryan Morar,Female,46,Chennai,2022-07-25,31,Premium,2354,72974,Monthly,Net Banking,2,2.1,Yes
4365,Qabil Sidhu,Male,46,Hyderabad,2024-12-25,25,Basic,572,14300,Yearly,Net Banking,10,3.3,Yes
4366,Amol Sengupta,Female,51,Ahmedabad,2024-04-08,47,Basic,523,24581,Monthly,Debit Card,14,3.6,No
4367,Vyanjana Guha,Male,25,Lucknow,2025-09-30,33,Standard,1049,34617,Yearly,Wallet,11,2.8,Yes
4368,Isaiah Thaman,Female,33,Lucknow,2024-10-27,17,Premium,1740,29580,Two Year,Debit Card,12,1.3,Yes
4369,Waida Prabhu,Female,58,Bangalore,2026-02-23,12,Basic,428,5136,Monthly,UPI,15,2.1,Yes
4370,Qarin Char,Male,57,Mumbai,2025-07-30,10,Basic,440,4400,Yearly,Wallet,14,2.5,Yes
4371,Ekansh Memon,Male,26,Bangalore,2024-01-08,49,Standard,965,47285,Monthly,Wallet,11,3.0,Yes
4372,Banjeet Lalla,Female,36,Pune,2024-05-09,3,Standard,714,2142,Two Year,UPI,10,3.4,Yes
4373,Anamika Krishna,Male,54,Chennai,2023-12-16,29,Basic,464,13456,Yearly,Debit Card,9,1.1,Yes
4374,Amol Yadav,Male,30,Lucknow,2025-06-15,20,Premium,1794,35880,Monthly,Credit Card,15,1.4,Yes
4375,George Varghese,Male,41,Chennai,2023-07-25,16,Premium,1313,21008,Yearly,Debit Card,13,2.3,Yes
4376,Rajata Wali,Male,50,Bangalore,2022-04-19,40,Premium,1842,73680,Two Year,UPI,0,3.3,No
4377,Ansh Lal,Female,58,Ahmedabad,2025-03-15,39,Standard,700,27300,Yearly,Wallet,15,4.1,No
4378,Jonathan Sandhu,Female,45,Chennai,2022-04-15,42,Premium,1499,62958,Yearly,UPI,15,4.9,No
4379,Akshay Sidhu,Female,44,Delhi,2025-08-04,38,Premium,2133,81054,Monthly,Wallet,7,4.5,Yes
4380,Bachittar Samra,Male,21,Hyderabad,2024-08-23,32,Standard,955,30560,Yearly,Debit Card,10,4.7,No
4381,Sanya Baria,Male,61,Mumbai,2021-10-21,24,Standard,927,22248,Yearly,UPI,12,1.6,Yes
4382,Mitesh Tandon,Male,46,Jaipur,2024-12-14,60,Standard,818,49080,Yearly,Credit Card,4,2.6,Yes
4383,Dominic Rege,Female,45,Ahmedabad,2023-12-09,23,Basic,421,9683,Monthly,UPI,9,3.7,No
4384,Jagdish Sinha,Female,53,Mumbai,2025-04-18,5,Standard,863,4315,Monthly,Wallet,14,1.7,Yes
4385,Bina Badal,Female,18,Ahmedabad,2024-02-05,51,Premium,2332,118932,Monthly,Debit Card,1,4.9,No
4386,Falan Sankaran,Female,39,Lucknow,2022-06-15,46,Basic,402,18492,Yearly,Net Banking,0,2.5,No
4387,Gautami Balay,Female,65,Delhi,2021-08-31,10,Standard,811,8110,Two Year,Debit Card,11,1.1,No
4388,Kai Balan,Male,26,Jaipur,2022-05-24,6,Standard,1136,6816,Monthly,UPI,13,2.8,Yes
4389,Vrinda Narang,Male,48,Jaipur,2024-08-06,21,Basic,424,8904,Yearly,Debit Card,0,4.3,No
4390,Niharika Karan,Male,37,Mumbai,2022-07-06,15,Standard,1149,17235,Two Year,Credit Card,4,1.4,Yes
4391,Arya Desai,Male,51,Pune,2023-05-23,31,Basic,423,13113,Monthly,Wallet,13,3.8,Yes
4392,Anjali Devan,Female,51,Mumbai,2021-08-30,14,Basic,586,8204,Monthly,Net Banking,6,4.9,No
4393,Benjamin Raghavan,Male,43,Ahmedabad,2024-08-03,29,Basic,574,16646,Monthly,Net Banking,10,3.7,No
4394,Hemangini Maharaj,Female,36,Mumbai,2022-05-14,24,Premium,1916,45984,Yearly,UPI,14,4.1,Yes
4395,Prisha Varma,Male,36,Delhi,2025-07-03,21,Premium,2105,44205,Monthly,Credit Card,4,2.4,No
4396,Tristan Guha,Female,38,Jaipur,2022-09-19,22,Standard,1111,24442,Yearly,Net Banking,2,1.1,No
4397,Nicholas Saxena,Male,20,Jaipur,2023-12-26,10,Basic,548,5480,Yearly,UPI,11,4.1,Yes
4398,Pavani Dhar,Male,47,Hyderabad,2026-02-25,10,Basic,358,3580,Monthly,Wallet,9,1.3,Yes
4399,Rachana Ram,Male,23,Pune,2025-03-01,16,Basic,494,7904,Monthly,Debit Card,3,2.7,Yes
4400,Rudra Narasimhan,Female,46,Pune,2024-06-05,41,Basic,523,21443,Monthly,UPI,9,1.1,Yes
4401,Tejas Kadakia,Male,26,Ahmedabad,2025-06-05,3,Basic,459,1377,Monthly,UPI,9,1.1,Yes
4402,Orinder Gokhale,Female,37,Lucknow,2022-06-02,26,Premium,2368,61568,Yearly,Debit Card,1,4.7,No
4403,Omya Kakar,Male,59,Kolkata,2022-10-19,40,Basic,523,20920,Yearly,Credit Card,1,4.7,No
4404,Neel Mody,Female,50,Mumbai,2025-09-02,36,Basic,449,16164,Monthly,Net Banking,5,2.2,Yes
4405,Jack Nazareth,Female,59,Bangalore,2021-12-11,3,Standard,813,2439,Monthly,Debit Card,2,4.1,No
4406,Adya Parmer,Male,60,Lucknow,2025-10-10,18,Standard,1146,20628,Yearly,UPI,13,2.6,No
4407,Tanmayi Mangal,Male,35,Jaipur,2023-03-27,50,Basic,317,15850,Monthly,Wallet,6,3.4,No
4408,Upma Singh,Male,61,Lucknow,2023-10-02,52,Standard,953,49556,Yearly,Net Banking,10,1.4,Yes
4409,Garima Chaudhuri,Female,18,Lucknow,2025-02-07,8,Standard,726,5808,Yearly,Wallet,14,1.8,Yes
4410,Amol Sathe,Male,32,Jaipur,2021-07-26,8,Premium,2032,16256,Two Year,Debit Card,3,1.9,No
4411,Waida Khare,Male,42,Hyderabad,2021-09-27,25,Standard,1047,26175,Monthly,Debit Card,3,2.5,Yes
4412,Girish Swamy,Male,27,Pune,2025-02-12,17,Premium,1988,33796,Two Year,Credit Card,11,2.8,Yes
4413,Harini Rout,Male,55,Pune,2023-06-15,27,Basic,525,14175,Monthly,Net Banking,14,2.6,Yes
4414,Samuel Suri,Male,53,Delhi,2024-07-31,51,Standard,999,50949,Two Year,Wallet,15,2.1,No
4415,Mitali Dubey,Male,23,Pune,2025-10-31,42,Standard,1101,46242,Monthly,Net Banking,14,4.6,Yes
4416,Yashoda Thaman,Male,34,Hyderabad,2024-01-10,7,Premium,1275,8925,Two Year,Net Banking,5,2.5,No
4417,Jeevika Goswami,Male,41,Bangalore,2025-04-09,6,Premium,1881,11286,Monthly,Net Banking,8,2.0,Yes
4418,Upadhriti Sahni,Female,65,Lucknow,2021-10-21,17,Basic,476,8092,Yearly,Debit Card,4,3.4,No
4419,Nandini Gokhale,Female,53,Delhi,2023-12-03,47,Premium,1726,81122,Monthly,Debit Card,3,4.3,No
4420,Wahab Swamy,Male,46,Chennai,2024-02-13,39,Standard,1124,43836,Monthly,Wallet,0,3.4,Yes
4421,Kritika Raj,Female,18,Ahmedabad,2025-12-01,26,Premium,1537,39962,Monthly,Debit Card,5,4.3,Yes
4422,Nitara Parmar,Male,45,Mumbai,2022-06-27,43,Standard,859,36937,Monthly,Credit Card,8,1.0,No
4423,Thomas Chatterjee,Male,27,Kolkata,2024-12-16,23,Basic,379,8717,Monthly,Credit Card,10,2.5,Yes
4424,Akshay Gill,Female,40,Mumbai,2024-02-20,54,Basic,573,30942,Monthly,UPI,3,4.5,No
4425,Banjeet Rattan,Female,39,Delhi,2021-07-25,37,Standard,839,31043,Two Year,Debit Card,11,4.1,No
4426,Vansha Ghosh,Male,62,Delhi,2022-07-23,26,Premium,2230,57980,Yearly,Net Banking,8,3.6,No
4427,Omya Desai,Male,60,Lucknow,2022-10-31,11,Standard,777,8547,Monthly,Credit Card,6,2.2,Yes
4428,Rohan Bhalla,Female,28,Ahmedabad,2023-04-02,32,Standard,753,24096,Yearly,Credit Card,7,1.6,Yes
4429,Baljiwan Kota,Female,46,Hyderabad,2025-06-30,16,Basic,509,8144,Monthly,Net Banking,14,4.7,Yes
4430,Ronith Garde,Female,42,Jaipur,2025-06-11,57,Standard,1166,66462,Yearly,Net Banking,3,3.3,No
4431,Siya Bal,Female,35,Lucknow,2025-10-31,41,Standard,1085,44485,Monthly,Wallet,4,4.9,No
4432,Lakshmi Padmanabhan,Female,28,Kolkata,2021-07-20,13,Standard,803,10439,Monthly,Net Banking,11,3.5,No
4433,Janya Bhakta,Female,32,Kolkata,2025-10-09,33,Basic,609,20097,Two Year,Net Banking,0,4.6,No
4434,Anmol Jhaveri,Male,43,Mumbai,2022-01-21,58,Standard,956,55448,Monthly,Credit Card,5,1.1,No
4435,Nisha Minhas,Male,31,Jaipur,2026-03-24,56,Basic,530,29680,Yearly,Wallet,10,2.0,Yes
4436,Nidra Dutta,Male,43,Kolkata,2021-06-29,15,Basic,352,5280,Yearly,Debit Card,3,3.0,No
4437,Siya Srivastava,Male,56,Chennai,2022-09-13,35,Premium,1522,53270,Monthly,Wallet,4,3.2,No
4438,Darsh Shankar,Male,25,Pune,2023-09-22,34,Premium,2458,83572,Yearly,Debit Card,11,4.8,No
4439,Veda Atwal,Male,34,Mumbai,2026-01-16,50,Premium,1693,84650,Yearly,Debit Card,3,2.4,No
4440,Rishi Vala,Female,29,Chennai,2023-01-16,38,Premium,1244,47272,Yearly,Net Banking,13,1.0,Yes
4441,Omisha Deep,Male,27,Hyderabad,2021-10-09,23,Basic,503,11569,Monthly,Net Banking,4,2.6,No
4442,Januja Mittal,Male,45,Mumbai,2022-12-14,36,Standard,767,27612,Monthly,Credit Card,10,1.4,No
4443,Ekiya Mahajan,Male,22,Pune,2022-05-01,22,Basic,512,11264,Monthly,Net Banking,1,3.1,Yes
4444,Zilmil Borra,Male,20,Lucknow,2025-09-23,55,Standard,997,54835,Monthly,Wallet,0,2.6,Yes
4445,Peter Sundaram,Female,41,Delhi,2023-02-13,31,Standard,794,24614,Two Year,Wallet,13,3.1,No
4446,Qadim Sundaram,Male,46,Chennai,2021-09-22,14,Standard,747,10458,Yearly,Net Banking,5,1.5,No
4447,Simon Bal,Male,55,Delhi,2022-05-08,13,Basic,651,8463,Two Year,Credit Card,2,4.7,No
4448,Ayush Raval,Female,29,Kolkata,2023-10-08,40,Basic,379,15160,Monthly,UPI,1,2.4,No
4449,Champak Tripathi,Female,59,Ahmedabad,2022-12-14,31,Basic,390,12090,Two Year,Wallet,9,3.0,No
4450,Unnati Dey,Male,47,Chennai,2023-10-11,34,Standard,1131,38454,Yearly,Wallet,5,1.3,No
4451,Vasatika Lalla,Female,60,Bangalore,2022-01-17,8,Premium,1556,12448,Monthly,Debit Card,6,1.7,Yes
4452,Jasmit Gera,Female,49,Pune,2024-08-29,17,Basic,451,7667,Yearly,Debit Card,7,3.2,No
4453,Damyanti Pant,Female,47,Jaipur,2022-05-18,16,Standard,959,15344,Yearly,UPI,9,2.4,No
4454,Ridhi Madan,Female,45,Chennai,2022-11-20,4,Standard,1022,4088,Two Year,Net Banking,5,3.9,No
4455,Dalaja Kothari,Female,59,Delhi,2022-07-13,27,Premium,2271,61317,Monthly,Debit Card,11,2.4,No
4456,Jack Rege,Male,65,Ahmedabad,2022-04-27,54,Premium,2314,124956,Monthly,Net Banking,15,2.4,Yes
4457,Meera Kuruvilla,Male,24,Mumbai,2022-08-06,3,Standard,727,2181,Yearly,Credit Card,3,2.8,No
4458,Qadim Merchant,Male,33,Mumbai,2024-10-21,50,Basic,600,30000,Yearly,Debit Card,0,2.1,Yes
4459,Ayaan Pandey,Female,43,Delhi,2025-02-07,44,Standard,915,40260,Monthly,UPI,3,1.2,Yes
4460,Urmi Som,Male,45,Bangalore,2023-09-26,57,Standard,802,45714,Two Year,Credit Card,6,2.3,No
4461,Udant Cherian,Female,65,Hyderabad,2022-04-21,52,Premium,1311,68172,Yearly,Credit Card,6,1.3,No
4462,Sara Amble,Male,53,Bangalore,2022-12-09,49,Basic,416,20384,Monthly,Credit Card,12,1.4,Yes
4463,Nisha Sachdev,Female,38,Ahmedabad,2021-10-26,7,Basic,543,3801,Monthly,Debit Card,14,1.5,No
4464,Anjali Wali,Male,56,Delhi,2024-01-26,3,Basic,356,1068,Yearly,UPI,11,1.1,Yes
4465,Jatin Purohit,Male,58,Pune,2022-04-19,54,Premium,1881,101574,Monthly,Credit Card,14,4.2,No
4466,Daksha Narayan,Female,33,Pune,2025-02-19,52,Standard,815,42380,Monthly,Credit Card,11,1.3,Yes
4467,Inaya Kar,Female,48,Mumbai,2024-08-08,17,Basic,633,10761,Two Year,UPI,4,3.8,No
4468,Yahvi Khosla,Male,30,Pune,2022-06-21,26,Standard,1080,28080,Monthly,Net Banking,5,2.2,Yes
4469,Anay Dora,Male,49,Pune,2025-03-24,29,Standard,741,21489,Yearly,Credit Card,1,2.5,No
4470,Ekavir Bhandari,Female,28,Kolkata,2021-10-29,10,Basic,553,5530,Two Year,UPI,15,3.8,No
4471,Aahana Dayal,Male,24,Ahmedabad,2025-12-24,21,Standard,1183,24843,Two Year,UPI,3,2.6,No
4472,Zansi Naidu,Female,25,Bangalore,2022-02-24,21,Premium,1432,30072,Monthly,Debit Card,8,1.6,No
4473,Theodore Mody,Female,31,Mumbai,2025-07-23,45,Premium,1838,82710,Two Year,Credit Card,9,4.9,Yes
4474,Pranav Memon,Male,61,Kolkata,2022-04-27,29,Basic,679,19691,Monthly,Net Banking,8,1.4,Yes
4475,Irya Nagarajan,Male,30,Hyderabad,2025-11-06,39,Basic,462,18018,Yearly,UPI,11,2.9,No
4476,Ria Gulati,Male,47,Delhi,2024-03-10,58,Basic,346,20068,Two Year,Net Banking,12,4.5,No
4477,Samar Char,Male,23,Jaipur,2024-05-23,7,Basic,318,2226,Monthly,UPI,4,2.8,Yes
4478,Lakshmi Anand,Female,45,Hyderabad,2021-08-10,30,Basic,425,12750,Two Year,UPI,15,3.3,No
4479,Forum Datta,Male,43,Delhi,2021-08-30,2,Basic,332,664,Yearly,Net Banking,10,2.2,Yes
4480,Ucchal Sagar,Female,31,Hyderabad,2025-08-03,36,Premium,1504,54144,Two Year,Credit Card,2,1.5,No
4481,Hemani Doshi,Female,38,Hyderabad,2024-04-20,20,Premium,1342,26840,Two Year,Net Banking,8,4.5,No
4482,Turvi Suresh,Male,59,Kolkata,2021-11-18,28,Basic,685,19180,Yearly,Debit Card,4,1.9,No
4483,Maanav Bhatt,Male,51,Lucknow,2025-04-25,9,Standard,1107,9963,Monthly,Debit Card,8,2.6,Yes
4484,Jagvi Shanker,Female,43,Pune,2023-07-22,7,Standard,873,6111,Yearly,Credit Card,7,2.1,No
4485,Manya Majumdar,Male,24,Kolkata,2023-03-21,5,Premium,2214,11070,Monthly,Debit Card,8,2.3,Yes
4486,Samesh Sarkar,Female,24,Mumbai,2024-10-24,38,Standard,704,26752,Monthly,Credit Card,10,3.6,No
4487,Samesh Lal,Male,58,Mumbai,2022-09-07,31,Premium,1413,43803,Two Year,UPI,9,3.6,Yes
4488,Dominic Karnik,Female,46,Kolkata,2023-01-21,32,Standard,1134,36288,Yearly,UPI,15,3.1,No
4489,Omkaar Pillay,Female,58,Hyderabad,2023-07-12,8,Standard,1092,8736,Yearly,Debit Card,0,2.1,No
4490,Simon Basak,Female,59,Lucknow,2024-12-06,32,Basic,555,17760,Monthly,Net Banking,8,3.8,No
4491,Qadim Kade,Female,27,Pune,2021-08-17,16,Standard,1008,16128,Monthly,Credit Card,3,3.7,No
4492,Mohini Mishra,Male,54,Chennai,2021-11-07,5,Standard,1130,5650,Yearly,Net Banking,10,1.2,Yes
4493,Nidhi Desai,Female,35,Delhi,2023-12-03,2,Basic,682,1364,Monthly,Wallet,10,3.5,Yes
4494,Ekansh Deol,Female,48,Lucknow,2023-09-08,23,Basic,310,7130,Monthly,Credit Card,11,1.1,Yes
4495,Jagvi Pandit,Male,43,Chennai,2024-07-09,33,Basic,436,14388,Monthly,Wallet,4,2.6,No
4496,Kabir Srinivasan,Male,23,Lucknow,2025-05-28,39,Standard,788,30732,Monthly,Debit Card,13,4.8,No
4497,Yash Sem,Female,50,Lucknow,2021-12-07,56,Basic,653,36568,Yearly,UPI,12,1.7,Yes
4498,Panini Bora,Male,27,Mumbai,2025-02-22,33,Premium,1310,43230,Monthly,Net Banking,6,1.4,Yes
4499,Jeevika Gola,Male,31,Chennai,2021-07-29,60,Standard,1008,60480,Monthly,UPI,4,4.1,No
4500,Aarnav Borra,Male,51,Pune,2024-08-11,12,Basic,548,6576,Monthly,Net Banking,11,1.0,Yes
4501,Amara Vig,Female,23,Chennai,2025-06-04,8,Standard,1052,8416,Monthly,Debit Card,3,4.8,No
4502,Ayush Yohannan,Female,59,Ahmedabad,2022-01-01,51,Basic,634,32334,Yearly,Credit Card,6,1.6,No
4503,Nachiket Borra,Female,64,Bangalore,2021-06-26,45,Standard,830,37350,Monthly,UPI,3,3.7,No
4504,Zaid Madan,Female,25,Pune,2024-12-14,39,Basic,317,12363,Monthly,Wallet,7,4.6,Yes
4505,Michael Upadhyay,Female,54,Bangalore,2024-06-27,30,Basic,662,19860,Yearly,Debit Card,4,2.4,No
4506,Gaurang Subramanian,Female,49,Lucknow,2022-10-30,15,Premium,1204,18060,Two Year,Wallet,11,2.4,Yes
4507,Reva Mohanty,Female,47,Bangalore,2022-12-29,15,Basic,643,9645,Yearly,Credit Card,15,1.8,No
4508,Guneet Chaudhari,Male,23,Chennai,2023-05-27,34,Standard,750,25500,Monthly,Debit Card,2,1.5,Yes
4509,Vrinda Ben,Male,48,Pune,2022-12-20,7,Basic,625,4375,Monthly,Credit Card,6,1.2,Yes
4510,Zarna Kunda,Female,51,Hyderabad,2021-10-03,24,Premium,1290,30960,Monthly,UPI,8,2.6,No
4511,Brinda Chad,Male,53,Ahmedabad,2024-09-13,11,Basic,673,7403,Monthly,Credit Card,7,4.4,Yes
4512,Logan Raval,Female,31,Lucknow,2022-12-25,34,Standard,1153,39202,Yearly,UPI,15,1.2,Yes
4513,Diya Lata,Male,48,Lucknow,2024-02-13,16,Standard,969,15504,Two Year,Credit Card,14,4.8,Yes
4514,Triveni Basak,Male,51,Delhi,2024-10-29,8,Basic,357,2856,Monthly,Wallet,5,1.6,Yes
4515,Avni Tak,Male,46,Jaipur,2021-12-03,52,Standard,928,48256,Monthly,Debit Card,3,3.5,No
4516,Anamika Mutti,Male,46,Hyderabad,2026-05-01,18,Standard,978,17604,Yearly,Net Banking,7,3.2,No
4517,Eta Garde,Male,46,Delhi,2021-07-06,57,Standard,818,46626,Yearly,Debit Card,3,1.9,No
4518,Wazir Sharma,Male,46,Ahmedabad,2024-02-18,37,Basic,386,14282,Monthly,UPI,11,2.3,No
4519,Samarth Chawla,Male,31,Hyderabad,2022-01-02,1,Basic,419,419,Two Year,Wallet,10,3.6,Yes
4520,Abeer Nagy,Male,54,Chennai,2024-04-02,47,Basic,363,17061,Yearly,Wallet,0,3.7,No
4521,Naksh Modi,Male,39,Jaipur,2021-08-08,21,Basic,369,7749,Yearly,Net Banking,8,3.0,No
4522,Ekalinga Tandon,Female,24,Pune,2025-11-09,48,Basic,537,25776,Monthly,Credit Card,11,2.7,Yes
4523,Ansh Biswas,Female,21,Kolkata,2024-03-25,14,Standard,928,12992,Yearly,Credit Card,12,2.6,No
4524,Warda Raja,Male,24,Lucknow,2026-04-29,49,Premium,1385,67865,Monthly,Debit Card,2,3.9,No
4525,Damini Rau,Male,30,Hyderabad,2024-12-02,22,Standard,713,15686,Yearly,UPI,15,1.8,No
4526,Baljiwan Seshadri,Male,49,Lucknow,2021-08-29,15,Standard,1018,15270,Monthly,Credit Card,14,1.0,Yes
4527,Maanas Misra,Male,36,Pune,2024-09-21,2,Standard,1115,2230,Yearly,Wallet,4,4.5,No
4528,Gunbir Bir,Female,46,Hyderabad,2025-05-05,9,Basic,373,3357,Two Year,Credit Card,12,1.7,No
4529,Yug Bawa,Female,21,Kolkata,2021-07-05,20,Standard,838,16760,Two Year,Debit Card,7,1.6,No
4530,Faris Muni,Male,42,Ahmedabad,2023-08-16,54,Basic,638,34452,Yearly,Wallet,10,3.9,Yes
4531,Aishani Cheema,Male,57,Pune,2021-10-26,41,Basic,312,12792,Two Year,Net Banking,5,4.6,No
4532,Meera Karnik,Female,18,Jaipur,2023-03-10,36,Premium,2439,87804,Monthly,UPI,7,2.3,Yes
4533,Kevin Deshpande,Female,35,Pune,2025-11-21,37,Standard,1110,41070,Yearly,Net Banking,13,3.2,Yes
4534,Shivansh Bhatt,Female,34,Hyderabad,2021-11-02,21,Premium,2114,44394,Two Year,Credit Card,2,4.3,No
4535,Anmol Acharya,Female,62,Pune,2023-04-29,3,Premium,1733,5199,Monthly,Net Banking,11,4.6,Yes
4536,Nitesh Pillay,Female,59,Ahmedabad,2023-10-14,31,Standard,843,26133,Monthly,Debit Card,5,1.2,No
4537,Dayita Krish,Female,58,Mumbai,2022-09-17,39,Standard,1047,40833,Monthly,Debit Card,0,1.3,Yes
4538,Ethan Buch,Female,19,Lucknow,2022-11-14,56,Basic,677,37912,Yearly,UPI,1,2.6,No
4539,Dakshesh Talwar,Female,18,Delhi,2022-11-16,54,Basic,439,23706,Two Year,UPI,11,2.2,Yes
4540,Warjas Mane,Female,34,Lucknow,2022-12-29,3,Premium,1276,3828,Monthly,Net Banking,13,2.0,Yes
4541,Yagnesh Gara,Female,44,Delhi,2023-07-29,25,Standard,808,20200,Monthly,Debit Card,14,2.4,Yes
4542,Krish Sarkar,Male,38,Ahmedabad,2024-09-01,58,Standard,1009,58522,Monthly,Net Banking,9,2.6,Yes
4543,Krishna Das,Male,23,Jaipur,2025-12-12,4,Basic,398,1592,Yearly,UPI,15,3.4,Yes
4544,Onveer Dani,Female,21,Jaipur,2023-10-10,11,Standard,754,8294,Yearly,UPI,12,2.4,Yes
4545,Amrita Gopal,Male,46,Mumbai,2024-10-18,24,Standard,1008,24192,Monthly,Net Banking,7,1.4,Yes
4546,Oscar Som,Female,64,Kolkata,2024-07-31,17,Basic,521,8857,Yearly,Credit Card,15,4.8,No
4547,Devika Bala,Male,28,Chennai,2023-07-23,53,Standard,1117,59201,Monthly,UPI,1,3.8,Yes
4548,Gaurang Chauhan,Female,24,Kolkata,2022-01-12,38,Standard,941,35758,Monthly,Wallet,11,2.2,Yes
4549,Idika Sathe,Male,34,Hyderabad,2025-07-18,17,Premium,1769,30073,Monthly,UPI,13,2.1,Yes
4550,Avi Swamy,Male,46,Bangalore,2023-07-27,43,Standard,794,34142,Yearly,Debit Card,2,4.5,No
4551,Samesh Chander,Female,65,Pune,2024-05-18,48,Standard,842,40416,Yearly,Wallet,5,4.1,No
4552,Nisha Kale,Female,19,Delhi,2026-04-29,6,Standard,836,5016,Two Year,Wallet,9,4.9,Yes
4553,Janani Nadkarni,Male,55,Bangalore,2023-06-13,43,Basic,473,20339,Two Year,Debit Card,8,4.6,No
4554,Madhav Dube,Female,33,Ahmedabad,2025-08-30,36,Standard,1109,39924,Yearly,Net Banking,0,3.6,No
4555,Watika Mittal,Female,31,Ahmedabad,2023-01-13,43,Standard,1112,47816,Monthly,Wallet,8,4.4,No
4556,Janya Dhaliwal,Male,52,Ahmedabad,2024-12-13,3,Basic,440,1320,Two Year,UPI,11,1.4,Yes
4557,Xalak Swaminathan,Female,45,Kolkata,2021-12-10,28,Basic,575,16100,Yearly,Net Banking,9,2.8,No
4558,Bhavya Iyengar,Female,28,Kolkata,2022-11-03,49,Basic,612,29988,Monthly,Debit Card,3,3.4,No
4559,Raksha Dar,Female,55,Ahmedabad,2026-04-18,9,Basic,636,5724,Yearly,UPI,6,1.5,No
4560,Harinakshi Sathe,Male,19,Pune,2023-05-19,34,Standard,915,31110,Yearly,Net Banking,14,2.3,No
4561,Shivansh Wable,Female,35,Ahmedabad,2022-12-10,47,Standard,1107,52029,Two Year,Net Banking,13,2.9,No
4562,Tripti Chad,Female,21,Bangalore,2023-11-05,31,Premium,1427,44237,Monthly,Debit Card,11,4.2,Yes
4563,Akshay Chandran,Female,20,Lucknow,2022-08-22,48,Basic,343,16464,Monthly,Wallet,9,2.0,No
4564,Vihaan Bava,Male,49,Hyderabad,2024-10-27,57,Standard,934,53238,Two Year,Debit Card,4,2.5,Yes
4565,Dalbir Ramachandran,Female,42,Kolkata,2023-07-24,60,Standard,837,50220,Monthly,Credit Card,10,3.8,Yes
4566,Hamsini Tiwari,Female,19,Lucknow,2024-09-20,16,Premium,1756,28096,Two Year,Debit Card,0,3.8,No
4567,Fiyaz Balan,Female,26,Jaipur,2026-04-02,14,Standard,1051,14714,Monthly,Credit Card,15,4.7,Yes
4568,Henry Varughese,Female,28,Kolkata,2026-02-13,31,Basic,467,14477,Yearly,Net Banking,15,1.2,Yes
4569,Vaishnavi Agarwal,Male,47,Kolkata,2022-12-11,2,Basic,516,1032,Two Year,Debit Card,0,4.2,Yes
4570,Lavanya Purohit,Female,20,Delhi,2022-08-21,17,Standard,1028,17476,Two Year,Net Banking,9,1.8,No
4571,Zayyan Suresh,Female,61,Jaipur,2024-06-24,39,Premium,1410,54990,Monthly,Debit Card,7,2.9,Yes
4572,Champak Om,Male,55,Mumbai,2022-07-06,9,Basic,354,3186,Monthly,Net Banking,9,3.3,No
4573,Meghana Gole,Female,29,Pune,2024-09-15,13,Premium,2077,27001,Yearly,Wallet,0,4.4,No
4574,Farhan Dubey,Female,51,Delhi,2024-09-04,12,Basic,350,4200,Monthly,Net Banking,2,2.4,No
4575,Madhavi Doctor,Male,30,Chennai,2021-07-01,40,Standard,806,32240,Monthly,Debit Card,1,1.1,No
4576,Bhavini Mishra,Male,45,Lucknow,2024-09-19,53,Standard,709,37577,Monthly,Credit Card,15,2.2,Yes
4577,Bahadurjit Mangat,Female,61,Lucknow,2022-04-18,49,Standard,1019,49931,Monthly,Debit Card,0,1.4,Yes
4578,Jhalak Master,Female,44,Hyderabad,2023-06-13,59,Standard,760,44840,Monthly,UPI,5,3.3,Yes
4579,Udarsh Korpal,Male,34,Kolkata,2023-07-03,16,Basic,354,5664,Yearly,Debit Card,14,5.0,No
4580,Urishilla Desai,Male,54,Delhi,2021-07-30,38,Basic,342,12996,Yearly,Debit Card,0,4.2,No
4581,Onkar Vyas,Female,30,Jaipur,2024-07-11,39,Premium,2085,81315,Yearly,Credit Card,8,1.6,No
4582,Manan Rama,Female,42,Chennai,2026-02-11,47,Standard,1150,54050,Two Year,Net Banking,9,4.5,No
4583,Jeevika Ganguly,Male,18,Bangalore,2024-02-11,47,Standard,856,40232,Yearly,Net Banking,10,1.2,No
4584,Mitali Menon,Male,43,Bangalore,2022-04-28,31,Standard,1050,32550,Yearly,Debit Card,14,3.3,No
4585,Omya Kothari,Male,35,Hyderabad,2026-04-05,3,Premium,1875,5625,Monthly,Wallet,5,2.7,Yes
4586,Vasatika Verma,Female,55,Chennai,2022-02-07,16,Standard,773,12368,Monthly,Wallet,14,4.0,No
4587,Yashoda Sood,Female,46,Bangalore,2024-08-13,57,Standard,991,56487,Two Year,Wallet,2,4.2,No
4588,Caleb Purohit,Male,21,Hyderabad,2024-01-07,32,Standard,954,30528,Yearly,UPI,12,4.7,Yes
4589,Alka Nori,Female,24,Pune,2023-07-12,29,Basic,384,11136,Yearly,Net Banking,12,2.3,No
4590,Lopa Madan,Female,22,Delhi,2023-09-17,15,Basic,563,8445,Monthly,Net Banking,0,2.1,No
4591,Dominic Randhawa,Male,47,Delhi,2022-04-15,52,Basic,335,17420,Monthly,Credit Card,8,2.0,No
4592,Yasti Shroff,Male,40,Pune,2024-12-27,28,Basic,570,15960,Two Year,UPI,9,3.5,Yes
4593,Pallavi Tella,Male,25,Pune,2026-01-03,6,Standard,889,5334,Monthly,Wallet,2,3.6,No
4594,Mahika Chand,Female,21,Delhi,2025-08-10,20,Basic,526,10520,Two Year,UPI,2,4.3,No
4595,Anusha Pau,Female,41,Kolkata,2023-02-27,43,Standard,840,36120,Yearly,UPI,2,4.6,No
4596,Krishna Chauhan,Female,31,Ahmedabad,2024-08-12,52,Standard,819,42588,Monthly,Credit Card,3,3.8,No
4597,Azaan Buch,Male,24,Hyderabad,2025-05-28,16,Premium,2185,34960,Two Year,Wallet,1,1.3,No
4598,Sathvik Naidu,Male,64,Hyderabad,2024-02-19,11,Standard,739,8129,Two Year,UPI,5,4.7,No
4599,Mitesh Malhotra,Female,43,Delhi,2022-07-30,1,Standard,806,806,Yearly,Credit Card,10,2.1,Yes
4600,Owen Chakrabarti,Male,35,Ahmedabad,2025-06-20,59,Standard,1137,67083,Monthly,UPI,8,2.0,Yes
4601,Zashil Srivastava,Female,21,Mumbai,2024-08-04,5,Premium,1263,6315,Two Year,Debit Card,1,4.8,No
4602,Oliver Date,Female,21,Bangalore,2026-04-07,48,Basic,335,16080,Yearly,Net Banking,10,3.4,No
4603,Ganga Seth,Female,49,Lucknow,2022-03-24,26,Standard,797,20722,Yearly,Net Banking,8,4.2,No
4604,Suhani Sidhu,Female,48,Pune,2021-11-25,27,Basic,467,12609,Monthly,UPI,10,2.5,Yes
4605,Simon Jani,Female,55,Hyderabad,2026-01-26,54,Basic,391,21114,Monthly,Wallet,8,4.0,No
4606,Kiaan Bhat,Female,24,Jaipur,2024-02-14,27,Standard,1099,29673,Yearly,Credit Card,15,2.4,No
4607,Ucchal Gera,Male,42,Delhi,2025-07-27,32,Standard,755,24160,Yearly,Debit Card,9,3.2,No
4608,Zehaan Iyer,Female,20,Jaipur,2024-07-22,36,Basic,338,12168,Yearly,Credit Card,10,2.4,Yes
4609,Ekanta Purohit,Female,35,Hyderabad,2022-07-28,26,Standard,980,25480,Monthly,UPI,10,4.6,No
4610,Bhavini Palan,Female,49,Delhi,2022-05-11,58,Basic,442,25636,Yearly,Wallet,8,4.1,No
4611,Baghyawati Talwar,Male,32,Ahmedabad,2022-09-12,35,Basic,477,16695,Two Year,Wallet,2,2.3,No
4612,Forum Sani,Female,20,Hyderabad,2023-05-24,43,Standard,1094,47042,Two Year,Credit Card,13,3.0,Yes
4613,Ijaya Sahni,Male,46,Kolkata,2022-12-22,17,Basic,671,11407,Yearly,Wallet,3,2.2,No
4614,Advika Samra,Male,45,Pune,2022-05-31,6,Standard,705,4230,Monthly,Wallet,2,4.6,Yes
4615,Yashica Dhawan,Male,61,Delhi,2021-07-05,31,Basic,415,12865,Yearly,Debit Card,14,2.6,Yes
4616,Rachit Kala,Female,45,Delhi,2023-08-11,17,Basic,535,9095,Yearly,UPI,10,1.2,Yes
4617,Azaan Mangal,Male,18,Ahmedabad,2022-09-04,45,Premium,2136,96120,Monthly,Net Banking,3,3.8,No
4618,Rayaan Anand,Female,24,Jaipur,2026-01-13,36,Basic,559,20124,Monthly,Net Banking,11,2.5,No
4619,Karan Walla,Male,56,Bangalore,2024-11-29,59,Standard,1109,65431,Monthly,Credit Card,13,3.0,Yes
4620,Jeet Butala,Male,58,Lucknow,2025-02-03,36,Standard,853,30708,Yearly,Credit Card,3,2.0,No
4621,Tejas Dugar,Male,30,Kolkata,2023-03-28,8,Basic,531,4248,Two Year,Net Banking,11,3.5,No
4622,Oviya Bahri,Male,40,Lucknow,2023-04-21,59,Premium,1311,77349,Two Year,Wallet,3,1.7,No
4623,Vinaya Dewan,Male,23,Bangalore,2026-02-13,52,Basic,446,23192,Yearly,Credit Card,12,3.4,Yes
4624,Isaac Bedi,Male,53,Jaipur,2024-05-07,22,Standard,1108,24376,Monthly,UPI,6,2.7,No
4625,Bhavani Raval,Male,63,Delhi,2021-07-21,10,Basic,636,6360,Monthly,Net Banking,2,4.4,No
4626,Dayamai Sehgal,Female,57,Mumbai,2022-08-03,46,Basic,331,15226,Monthly,Debit Card,11,4.7,No
4627,Geetika Verma,Male,54,Kolkata,2022-10-19,8,Basic,493,3944,Yearly,Debit Card,13,3.8,Yes
4628,Laksh Palla,Female,33,Kolkata,2025-12-12,35,Premium,1594,55790,Monthly,Wallet,1,1.5,Yes
4629,Libni Lalla,Female,41,Delhi,2024-07-17,32,Basic,373,11936,Two Year,Wallet,4,1.7,No
4630,Andrew Wagle,Female,31,Jaipur,2024-10-12,59,Basic,614,36226,Monthly,Net Banking,14,3.2,No
4631,Widisha Gaba,Male,21,Delhi,2025-09-25,59,Basic,574,33866,Two Year,Net Banking,9,4.6,Yes
4632,Shravya Sachdev,Male,19,Delhi,2021-11-24,25,Basic,449,11225,Yearly,Debit Card,7,4.4,No
4633,Kiaan Vaidya,Female,20,Kolkata,2024-05-23,28,Basic,659,18452,Two Year,Debit Card,13,1.0,No
4634,Niharika Sibal,Female,57,Delhi,2025-02-03,37,Premium,1701,62937,Monthly,Debit Card,0,2.1,No
4635,Rajata Chowdhury,Female,59,Jaipur,2024-04-27,48,Standard,824,39552,Monthly,Wallet,15,1.1,Yes
4636,Jeremiah Madan,Male,18,Delhi,2025-07-03,2,Basic,533,1066,Monthly,Debit Card,11,1.5,No
4637,Theodore Krishna,Female,49,Pune,2026-01-01,59,Standard,725,42775,Two Year,Debit Card,3,4.6,No
4638,Chakradev Tripathi,Male,49,Hyderabad,2024-03-19,31,Basic,577,17887,Yearly,UPI,0,3.2,No
4639,Ridhi Deshpande,Female,38,Chennai,2022-03-25,25,Basic,384,9600,Yearly,Credit Card,0,2.8,No
4640,Saksham Varty,Female,21,Mumbai,2023-03-14,1,Basic,371,371,Two Year,Credit Card,11,1.3,No
4641,Leena Natarajan,Female,61,Pune,2025-08-24,22,Basic,539,11858,Monthly,UPI,14,3.2,No
4642,Advika Bhatti,Female,23,Jaipur,2025-05-07,47,Basic,406,19082,Two Year,UPI,3,4.5,No
4643,Turvi Golla,Male,49,Hyderabad,2025-12-01,23,Standard,1120,25760,Monthly,UPI,4,1.1,No
4644,Eesha Krish,Male,31,Bangalore,2025-03-12,18,Standard,891,16038,Monthly,Net Banking,13,3.3,Yes
4645,Pushti Dalal,Female,46,Chennai,2024-07-08,27,Standard,774,20898,Yearly,Wallet,12,3.2,No
4646,Januja Shah,Male,31,Lucknow,2025-09-16,30,Premium,1615,48450,Monthly,UPI,4,3.7,No
4647,Eesha Shanker,Female,23,Bangalore,2024-11-25,25,Premium,1951,48775,Monthly,Debit Card,13,4.2,No
4648,Wridesh Venkatesh,Female,57,Mumbai,2024-03-04,54,Premium,1452,78408,Monthly,Credit Card,6,3.4,No
4649,Idika Mukhopadhyay,Female,30,Kolkata,2022-05-03,42,Basic,335,14070,Yearly,Debit Card,13,2.6,No
4650,Damyanti Manne,Female,65,Pune,2022-09-30,14,Premium,1916,26824,Yearly,Wallet,6,1.3,Yes
4651,Jasmit Saxena,Female,24,Hyderabad,2025-02-08,51,Basic,515,26265,Yearly,Net Banking,3,2.5,Yes
4652,Yochana Mandal,Female,44,Chennai,2021-10-17,45,Basic,634,28530,Two Year,Credit Card,3,3.1,No
4653,Darpan Chakrabarti,Male,33,Chennai,2023-05-10,44,Standard,765,33660,Monthly,Wallet,8,1.6,Yes
4654,Ridhi Ganesan,Male,38,Delhi,2023-09-22,34,Standard,822,27948,Monthly,Wallet,12,1.0,No
4655,Geetika Bhatnagar,Female,33,Jaipur,2024-05-25,47,Standard,778,36566,Monthly,Net Banking,8,1.0,Yes
4656,Nidra Mallick,Male,42,Delhi,2021-09-20,60,Basic,563,33780,Monthly,Credit Card,1,4.2,Yes
4657,Kala Behl,Male,44,Jaipur,2025-08-25,30,Basic,675,20250,Yearly,UPI,13,4.8,No
4658,Victor Kapoor,Male,30,Chennai,2022-07-04,23,Basic,548,12604,Monthly,UPI,1,4.4,No
4659,Yashodhara Jain,Female,21,Ahmedabad,2022-01-02,37,Standard,747,27639,Yearly,Debit Card,5,2.2,Yes
4660,Zinal Raj,Female,30,Kolkata,2023-02-07,7,Standard,1172,8204,Monthly,Net Banking,3,1.0,No
4661,Anirudh Toor,Female,18,Delhi,2021-08-26,34,Premium,1556,52904,Yearly,Net Banking,2,4.5,No
4662,Dayita Bava,Male,49,Lucknow,2026-04-26,50,Premium,2017,100850,Two Year,UPI,2,4.5,No
4663,Rajata Kapur,Male,45,Jaipur,2021-11-03,20,Standard,783,15660,Monthly,UPI,8,2.5,Yes
4664,Arya Ganesh,Female,56,Ahmedabad,2025-05-09,44,Standard,768,33792,Monthly,UPI,9,1.4,No
4665,Prisha Mahajan,Male,57,Jaipur,2026-05-15,14,Basic,585,8190,Monthly,Debit Card,6,2.1,No
4666,Dalbir Mital,Male,35,Jaipur,2022-07-26,57,Standard,831,47367,Two Year,Credit Card,14,3.2,No
4667,Nakul Khalsa,Male,42,Delhi,2022-11-30,13,Basic,462,6006,Yearly,Credit Card,14,4.7,Yes
4668,Andrew Rau,Female,65,Kolkata,2024-06-08,7,Basic,643,4501,Two Year,Debit Card,0,2.7,No
4669,Chameli Sridhar,Female,32,Delhi,2025-06-13,4,Basic,627,2508,Yearly,Wallet,15,3.5,No
4670,Radha Bali,Male,59,Pune,2026-06-11,32,Standard,704,22528,Two Year,Credit Card,6,2.8,No
4671,Ekbal Manda,Male,39,Pune,2023-03-03,29,Basic,514,14906,Yearly,Net Banking,15,1.1,Yes
4672,Saanvi Setty,Male,36,Bangalore,2022-06-10,35,Premium,1401,49035,Monthly,UPI,14,1.8,No
4673,Faraj Puri,Female,64,Hyderabad,2024-07-02,54,Standard,873,47142,Monthly,Credit Card,4,2.1,No
4674,Dalaja Apte,Male,40,Lucknow,2022-08-02,13,Premium,2217,28821,Two Year,Net Banking,5,2.8,Yes
4675,Januja Kar,Female,51,Hyderabad,2025-03-05,27,Standard,716,19332,Yearly,Net Banking,0,4.7,No
4676,Aadhya Bail,Female,26,Mumbai,2026-01-17,17,Premium,1435,24395,Monthly,Wallet,14,2.2,No
4677,Ucchal Bala,Male,38,Pune,2025-02-12,40,Standard,961,38440,Yearly,Debit Card,13,2.4,Yes
4678,Karan Rama,Male,54,Lucknow,2022-02-04,10,Basic,587,5870,Yearly,UPI,12,2.8,No
4679,Devansh Iyengar,Male,24,Pune,2025-06-28,30,Basic,667,20010,Monthly,Debit Card,8,1.2,No
4680,Gaurav Ahuja,Male,33,Lucknow,2022-11-17,7,Basic,383,2681,Monthly,Credit Card,7,3.2,No
4681,Baljiwan Shenoy,Female,59,Hyderabad,2021-12-21,52,Basic,574,29848,Yearly,Net Banking,12,1.6,Yes
4682,Vritti Sahota,Male,21,Chennai,2021-12-14,42,Standard,915,38430,Monthly,Debit Card,13,4.6,Yes
4683,Dipta Mand,Female,30,Ahmedabad,2023-11-24,26,Basic,437,11362,Yearly,UPI,1,3.2,No
4684,Ekaja Kari,Male,58,Pune,2021-12-12,46,Basic,695,31970,Yearly,UPI,13,1.6,Yes
4685,Chandran Boase,Female,36,Kolkata,2024-09-30,42,Basic,326,13692,Yearly,UPI,4,4.3,No
4686,Abdul Kant,Male,18,Delhi,2026-01-31,38,Standard,738,28044,Monthly,Wallet,1,3.3,No
4687,Andrew Aggarwal,Female,64,Chennai,2022-08-20,7,Standard,882,6174,Two Year,UPI,10,2.2,Yes
4688,Nitara Gulati,Female,64,Hyderabad,2022-03-31,4,Basic,565,2260,Two Year,Credit Card,12,1.5,Yes
4689,Gayathri Tella,Female,61,Chennai,2024-12-03,52,Premium,1844,95888,Monthly,UPI,4,2.4,Yes
4690,Rajeshri Nath,Female,43,Lucknow,2024-01-27,32,Standard,801,25632,Monthly,UPI,13,5.0,No
4691,Anay Mammen,Male,25,Ahmedabad,2022-06-01,3,Standard,730,2190,Yearly,UPI,12,4.0,Yes
4692,Tanmayi Gole,Male,44,Hyderabad,2023-09-15,14,Standard,829,11606,Monthly,Credit Card,4,2.4,Yes
4693,Sara Narayanan,Female,60,Kolkata,2021-06-26,10,Premium,2061,20610,Two Year,Debit Card,8,2.0,Yes
4694,Simon Varughese,Female,49,Ahmedabad,2022-06-28,9,Premium,1929,17361,Monthly,Debit Card,10,4.9,Yes
4695,Jonathan Datta,Female,30,Jaipur,2022-11-21,6,Basic,510,3060,Monthly,Wallet,11,3.8,Yes
4696,Parth Bhagat,Male,21,Hyderabad,2026-02-11,47,Standard,883,41501,Yearly,UPI,15,4.7,No
4697,Siddharth Seshadri,Male,24,Kolkata,2024-02-19,44,Basic,465,20460,Monthly,Debit Card,5,4.1,No
4698,Chakradhar Ahluwalia,Female,47,Hyderabad,2023-06-04,47,Basic,637,29939,Monthly,Debit Card,4,3.4,No
4699,Om Saran,Female,40,Ahmedabad,2023-10-10,42,Standard,816,34272,Monthly,Wallet,4,3.4,Yes
4700,Amol Khurana,Male,36,Ahmedabad,2025-07-30,28,Premium,2221,62188,Yearly,Net Banking,9,4.5,No
4701,Saanvi Dhar,Female,27,Jaipur,2025-03-08,9,Basic,625,5625,Yearly,Credit Card,8,4.7,No
4702,David Sharaf,Male,19,Delhi,2023-04-24,43,Standard,752,32336,Yearly,Wallet,0,2.6,Yes
4703,Nidhi Minhas,Male,55,Lucknow,2021-10-09,37,Standard,849,31413,Monthly,Credit Card,5,3.5,No
4704,Banjeet Menon,Female,40,Jaipur,2023-02-17,5,Basic,432,2160,Monthly,Debit Card,4,3.0,No
4705,Sudiksha Bobal,Male,18,Pune,2025-01-23,39,Standard,1096,42744,Monthly,Debit Card,5,2.1,Yes
4706,Manbir Nazareth,Female,42,Pune,2021-10-25,31,Standard,990,30690,Monthly,UPI,8,1.9,Yes
4707,Urvashi Gole,Female,21,Ahmedabad,2024-02-01,42,Basic,694,29148,Monthly,UPI,6,4.7,No
4708,Eesha Atwal,Male,55,Pune,2024-11-24,33,Standard,912,30096,Two Year,Wallet,6,1.3,Yes
4709,Kalpit Kuruvilla,Male,65,Ahmedabad,2022-07-20,42,Basic,465,19530,Two Year,Credit Card,8,4.4,No
4710,Faraj Thaker,Male,22,Bangalore,2023-01-23,45,Standard,763,34335,Monthly,Net Banking,5,1.3,No
4711,Lakshmi Chander,Female,49,Jaipur,2021-12-24,20,Standard,748,14960,Two Year,Wallet,2,2.3,No
4712,Aryan Dugal,Male,41,Delhi,2022-10-27,38,Basic,537,20406,Yearly,Net Banking,14,1.2,Yes
4713,Amol Hayre,Male,42,Chennai,2026-06-09,2,Standard,1184,2368,Yearly,Credit Card,0,3.6,No
4714,Yatin Batra,Female,46,Bangalore,2024-11-21,29,Standard,1177,34133,Monthly,UPI,6,1.5,No
4715,Yug Bobal,Male,46,Lucknow,2023-12-19,50,Standard,968,48400,Monthly,Wallet,15,1.2,Yes
4716,Advaith Krishnan,Female,30,Kolkata,2021-09-05,32,Standard,868,27776,Monthly,Wallet,6,3.5,No
4717,Neel Rau,Male,50,Pune,2022-03-11,52,Basic,565,29380,Monthly,Net Banking,8,2.1,No
4718,Urmi Sule,Male,24,Kolkata,2024-06-18,46,Premium,1514,69644,Yearly,Debit Card,12,4.2,No
4719,Shivani Sharma,Female,46,Jaipur,2023-08-12,7,Basic,670,4690,Yearly,Net Banking,5,2.9,Yes
4720,Ayush Chana,Male,59,Ahmedabad,2025-04-10,7,Basic,469,3283,Yearly,Wallet,6,4.8,No
4721,Lekha Goda,Female,42,Mumbai,2025-12-30,50,Basic,640,32000,Monthly,Wallet,9,4.3,Yes
4722,Jacob Goda,Male,27,Mumbai,2023-03-30,54,Standard,748,40392,Two Year,UPI,12,2.4,Yes
4723,Pavani Bhalla,Female,51,Ahmedabad,2026-02-17,52,Basic,322,16744,Monthly,UPI,13,2.2,Yes
4724,Yutika Raj,Male,59,Kolkata,2024-03-03,50,Basic,361,18050,Yearly,Credit Card,10,1.9,Yes
4725,Jonathan Dhar,Female,56,Chennai,2025-11-23,7,Standard,701,4907,Monthly,Credit Card,6,4.5,Yes
4726,Turvi Batra,Female,36,Kolkata,2022-02-25,47,Standard,1024,48128,Yearly,Credit Card,5,3.8,No
4727,Vedhika Bawa,Male,22,Pune,2024-12-27,12,Basic,563,6756,Yearly,Credit Card,15,2.3,No
4728,Ishwar Ravi,Male,46,Pune,2025-11-14,43,Basic,405,17415,Yearly,Net Banking,4,4.4,No
4729,Joshua Balasubramanian,Female,25,Lucknow,2024-06-13,39,Basic,349,13611,Monthly,Wallet,9,2.0,Yes
4730,Ekalinga Chand,Female,60,Chennai,2024-09-11,25,Standard,861,21525,Two Year,Wallet,12,1.7,Yes
4731,Brijesh Mohanty,Female,60,Mumbai,2025-05-08,18,Basic,594,10692,Two Year,Debit Card,4,4.1,No
4732,Falak Aurora,Male,59,Ahmedabad,2025-02-26,29,Premium,1668,48372,Yearly,UPI,13,3.1,Yes
4733,Ekansh Singh,Male,19,Chennai,2022-07-09,21,Standard,1158,24318,Yearly,UPI,11,1.4,No
4734,Aarnav Bansal,Male,35,Hyderabad,2025-10-08,42,Standard,931,39102,Monthly,Debit Card,0,2.9,No
4735,Warhi Bhasin,Female,61,Kolkata,2023-08-15,27,Standard,1166,31482,Monthly,UPI,13,4.2,Yes
4736,Rajeshri Kala,Male,23,Delhi,2022-10-23,6,Standard,727,4362,Yearly,Credit Card,7,2.1,Yes
4737,Anamika Chahal,Female,59,Kolkata,2025-05-18,26,Standard,875,22750,Monthly,Debit Card,9,2.8,Yes
4738,Eshana Saxena,Female,23,Delhi,2023-01-07,48,Standard,798,38304,Yearly,Debit Card,15,2.9,Yes
4739,Arunima Warrior,Male,57,Hyderabad,2025-05-29,1,Standard,866,866,Yearly,Net Banking,4,2.0,Yes
4740,Wakeeta Pai,Female,24,Kolkata,2025-01-07,49,Standard,760,37240,Monthly,Debit Card,15,3.5,No
4741,Mugdha Mistry,Female,28,Jaipur,2025-11-06,15,Premium,2147,32205,Monthly,Wallet,0,2.3,No
4742,Vincent Chander,Male,21,Lucknow,2021-09-24,1,Premium,2281,2281,Monthly,Net Banking,13,1.6,Yes
4743,Vasudha Johal,Male,43,Lucknow,2022-04-22,8,Basic,328,2624,Monthly,UPI,1,2.7,Yes
4744,Sneha Minhas,Female,25,Mumbai,2024-08-12,15,Standard,1145,17175,Monthly,Net Banking,10,3.3,No
4745,Hemal Banik,Male,56,Lucknow,2024-04-29,43,Premium,2161,92923,Monthly,Debit Card,13,3.7,Yes
4746,Abeer Balan,Female,35,Lucknow,2025-09-04,27,Standard,990,26730,Two Year,Net Banking,12,3.7,Yes
4747,Janani Sethi,Female,52,Jaipur,2021-09-13,53,Basic,376,19928,Monthly,Debit Card,7,1.1,Yes
4748,Chaman Sunder,Male,47,Pune,2021-08-03,46,Standard,1134,52164,Yearly,Wallet,4,2.0,Yes
4749,Kai Chada,Female,34,Jaipur,2025-03-20,26,Premium,2002,52052,Yearly,Credit Card,13,5.0,No
4750,Yashawini Sama,Female,34,Ahmedabad,2023-11-02,45,Basic,699,31455,Two Year,Debit Card,14,1.3,No
4751,Chaitanya Bhavsar,Male,42,Ahmedabad,2022-05-03,38,Premium,1232,46816,Monthly,Credit Card,6,4.4,No
4752,Maanav Kamdar,Male,35,Delhi,2022-05-02,47,Standard,733,34451,Two Year,Wallet,12,2.8,Yes
4753,Vamakshi Sandal,Male,59,Chennai,2022-08-01,11,Premium,1573,17303,Two Year,Net Banking,12,2.2,Yes
4754,Varenya Grover,Male,60,Chennai,2026-02-25,6,Standard,866,5196,Monthly,UPI,8,3.7,No
4755,Aarna Sunder,Male,32,Mumbai,2021-09-01,24,Premium,2036,48864,Yearly,Wallet,15,4.9,No
4756,Aishani Dube,Male,19,Hyderabad,2025-12-28,5,Basic,562,2810,Yearly,Net Banking,7,2.5,No
4757,Rachana Taneja,Male,40,Jaipur,2023-08-26,39,Basic,521,20319,Yearly,UPI,9,3.4,Yes
4758,Tanish Lal,Female,53,Lucknow,2025-12-07,22,Basic,689,15158,Monthly,UPI,8,4.6,No
4759,Watika Virk,Male,19,Lucknow,2024-01-15,56,Standard,1200,67200,Monthly,Wallet,5,2.7,Yes
4760,Aarnav Kota,Female,37,Mumbai,2024-03-30,55,Premium,1302,71610,Yearly,Net Banking,2,4.6,No
4761,Tanish Rama,Female,61,Bangalore,2023-11-02,58,Standard,1145,66410,Yearly,Wallet,3,1.4,No
4762,Chandresh Chandran,Male,39,Jaipur,2021-12-21,18,Basic,301,5418,Monthly,Debit Card,15,1.2,No
4763,Saksham Nazareth,Female,62,Ahmedabad,2024-08-02,36,Basic,647,23292,Monthly,Credit Card,15,2.9,Yes
4764,Xiti Mukherjee,Male,65,Jaipur,2024-01-26,19,Premium,1268,24092,Monthly,Net Banking,6,1.3,Yes
4765,Anya Bassi,Male,61,Hyderabad,2025-07-28,6,Standard,1001,6006,Yearly,Wallet,13,1.7,Yes
4766,Veer Kala,Female,50,Chennai,2025-05-24,20,Standard,939,18780,Monthly,Credit Card,3,3.4,No
4767,Darika Ghose,Female,32,Chennai,2026-05-07,24,Basic,593,14232,Monthly,Debit Card,0,1.5,No
4768,Anita Goyal,Female,62,Ahmedabad,2022-05-20,60,Standard,768,46080,Two Year,UPI,14,4.7,Yes
4769,Vamakshi Ram,Male,33,Lucknow,2022-06-14,35,Basic,456,15960,Two Year,Debit Card,5,2.7,No
4770,Kalpit Deshmukh,Male,23,Chennai,2025-03-03,48,Basic,401,19248,Yearly,Wallet,8,3.2,No
4771,Gaurika Swaminathan,Female,24,Pune,2023-08-03,41,Basic,361,14801,Monthly,UPI,10,2.9,Yes
4772,Faris Pal,Male,28,Chennai,2024-03-02,14,Standard,1090,15260,Two Year,Net Banking,11,4.2,No
4773,Shivansh Bhavsar,Female,38,Bangalore,2024-02-29,24,Basic,688,16512,Monthly,Debit Card,15,2.0,Yes
4774,Omaja Bakshi,Male,24,Chennai,2022-12-14,10,Standard,1067,10670,Monthly,Wallet,8,1.9,No
4775,Bachittar Gala,Female,28,Jaipur,2021-10-09,23,Standard,947,21781,Yearly,UPI,13,2.3,Yes
4776,Pavani Magar,Female,62,Pune,2023-12-03,32,Basic,414,13248,Monthly,Debit Card,0,2.7,No
4777,Jalsa Mohanty,Female,20,Ahmedabad,2025-12-24,47,Standard,1157,54379,Monthly,Wallet,5,3.5,Yes
4778,Praneel Natt,Male,54,Chennai,2022-08-10,11,Standard,795,8745,Monthly,Net Banking,11,3.1,Yes
4779,Tristan Hora,Female,64,Chennai,2023-07-06,2,Standard,1148,2296,Yearly,Net Banking,11,4.5,Yes
4780,Abdul Chahal,Male,44,Bangalore,2025-06-14,2,Standard,888,1776,Monthly,Credit Card,4,4.3,Yes
4781,Samarth Sandal,Male,22,Mumbai,2021-11-16,60,Standard,742,44520,Two Year,Debit Card,14,2.5,Yes
4782,Kalpit Anne,Male,36,Ahmedabad,2025-03-24,13,Premium,2120,27560,Yearly,Net Banking,6,4.3,No
4783,Liam Ramakrishnan,Female,23,Chennai,2023-10-12,60,Basic,494,29640,Two Year,Net Banking,13,1.8,No
4784,Unni Sami,Female,33,Jaipur,2023-06-09,38,Standard,941,35758,Monthly,Credit Card,0,4.4,No
4785,Chameli D’Alia,Male,59,Chennai,2023-05-01,35,Premium,2327,81445,Yearly,Wallet,2,4.2,No
4786,Niharika Bath,Female,42,Hyderabad,2024-10-03,25,Premium,1876,46900,Monthly,Debit Card,11,4.4,Yes
4787,Wahab Desai,Male,27,Delhi,2026-03-04,22,Basic,620,13640,Monthly,Wallet,12,1.6,No
4788,Triya Choudhry,Female,26,Lucknow,2023-01-08,57,Standard,1101,62757,Monthly,Wallet,13,4.3,No
4789,Eshana Batta,Female,20,Kolkata,2023-01-24,44,Standard,762,33528,Monthly,Wallet,1,2.8,Yes
4790,Laksh Atwal,Male,42,Jaipur,2023-04-02,38,Standard,803,30514,Yearly,Credit Card,8,2.4,No
4791,Ayaan Ghosh,Female,18,Hyderabad,2026-05-20,34,Standard,1015,34510,Monthly,Credit Card,12,1.6,Yes
4792,Chandran Chander,Male,44,Chennai,2025-06-10,32,Standard,1058,33856,Monthly,UPI,3,4.0,No
4793,Deepa Prashad,Female,58,Delhi,2024-12-08,24,Basic,470,11280,Yearly,Wallet,13,4.7,Yes
4794,Dominic Issac,Male,61,Jaipur,2024-01-20,25,Standard,737,18425,Monthly,Wallet,10,1.7,Yes
4795,Maya Kapoor,Male,18,Ahmedabad,2023-08-04,49,Standard,1179,57771,Monthly,UPI,0,3.1,No
4796,Aadhya Contractor,Male,33,Kolkata,2023-04-18,19,Standard,789,14991,Two Year,Wallet,6,3.8,No
4797,Ranbir Cherian,Female,31,Ahmedabad,2025-03-21,2,Standard,870,1740,Two Year,Credit Card,9,2.0,Yes
4798,Tanveer Parmar,Female,31,Jaipur,2023-05-14,50,Basic,401,20050,Monthly,Credit Card,15,5.0,No
4799,Sarthak Sandal,Male,50,Hyderabad,2026-06-18,50,Premium,2402,120100,Monthly,Credit Card,1,4.2,Yes
4800,Banjeet Manda,Female,50,Hyderabad,2021-12-02,3,Standard,940,2820,Yearly,Credit Card,15,2.3,Yes
4801,Rishi Sankaran,Female,35,Ahmedabad,2025-06-15,8,Standard,984,7872,Yearly,Credit Card,1,1.3,Yes
4802,Samaksh Dhar,Female,40,Lucknow,2023-11-15,39,Basic,654,25506,Two Year,Net Banking,3,1.5,Yes
4803,Luke Date,Male,49,Jaipur,2025-08-04,20,Basic,411,8220,Monthly,UPI,6,1.4,No
4804,Nisha Vaidya,Female,38,Jaipur,2023-05-09,29,Standard,708,20532,Monthly,Wallet,7,4.5,Yes
4805,Hemangini Kata,Male,19,Hyderabad,2023-08-18,36,Basic,340,12240,Yearly,UPI,5,1.1,No
4806,Gopal Pradhan,Male,18,Lucknow,2025-09-25,25,Basic,532,13300,Monthly,Debit Card,12,1.4,Yes
4807,Nakul Dhawan,Male,38,Mumbai,2023-06-07,15,Basic,321,4815,Monthly,Credit Card,2,2.8,Yes
4808,Elijah Padmanabhan,Female,20,Bangalore,2023-04-14,26,Premium,1547,40222,Monthly,UPI,0,1.3,No
4809,Chameli Ben,Female,18,Mumbai,2022-07-06,55,Standard,1154,63470,Yearly,Debit Card,2,4.3,No
4810,Wishi Lata,Male,47,Ahmedabad,2025-10-24,25,Standard,742,18550,Two Year,Credit Card,7,4.3,No
4811,Chandran Tella,Male,45,Chennai,2026-02-24,58,Standard,718,41644,Yearly,Debit Card,9,2.5,Yes
4812,Balvan Keer,Male,44,Bangalore,2024-10-01,15,Basic,405,6075,Monthly,Debit Card,3,4.8,No
4813,Triya Datta,Male,41,Mumbai,2022-08-01,5,Basic,595,2975,Monthly,Debit Card,3,2.9,Yes
4814,Oeshi Bhasin,Male,55,Bangalore,2022-10-15,7,Basic,636,4452,Monthly,Debit Card,12,2.8,Yes
4815,Fariq Srinivas,Female,44,Pune,2021-09-09,1,Standard,747,747,Yearly,Credit Card,6,2.4,No
4816,Laban Kakar,Female,48,Hyderabad,2023-10-19,16,Standard,813,13008,Yearly,Credit Card,7,3.6,No
4817,Orinder Nanda,Male,53,Hyderabad,2022-07-13,15,Standard,1001,15015,Monthly,UPI,0,3.8,No
4818,Indira Puri,Female,45,Jaipur,2024-06-09,26,Basic,493,12818,Monthly,Credit Card,1,1.4,No
4819,Rachit Kapadia,Female,58,Pune,2021-10-22,42,Basic,500,21000,Monthly,Debit Card,0,1.9,No
4820,Hemal Modi,Female,59,Bangalore,2021-10-09,33,Standard,1071,35343,Yearly,UPI,9,2.6,Yes
4821,Upkaar Kant,Male,18,Mumbai,2022-05-25,7,Standard,1090,7630,Yearly,Net Banking,0,1.6,Yes
4822,Lakshmi Rau,Male,56,Mumbai,2021-10-29,23,Basic,567,13041,Yearly,Net Banking,0,2.6,Yes
4823,Finn Bajwa,Male,42,Ahmedabad,2025-10-22,50,Basic,533,26650,Two Year,Net Banking,3,4.7,No
4824,Udant Brahmbhatt,Male,60,Bangalore,2023-07-02,41,Basic,310,12710,Monthly,Wallet,3,4.5,No
4825,Fiyaz Bhatt,Female,28,Delhi,2023-03-30,41,Premium,1601,65641,Yearly,Credit Card,13,2.4,Yes
4826,Hritik Bhattacharyya,Male,42,Pune,2024-06-30,57,Basic,584,33288,Two Year,Credit Card,2,4.6,No
4827,Zansi Sinha,Male,64,Ahmedabad,2022-05-18,19,Standard,1085,20615,Monthly,UPI,8,2.2,No
4828,Pallavi Golla,Female,41,Lucknow,2023-04-14,44,Premium,2096,92224,Two Year,Debit Card,10,1.9,Yes
4829,Abhiram Soman,Male,45,Lucknow,2023-04-03,23,Basic,586,13478,Two Year,Debit Card,1,1.6,No
4830,Aditya Bala,Female,62,Bangalore,2021-11-09,20,Standard,1198,23960,Monthly,Wallet,8,1.5,Yes
4831,Jatin Krishnan,Male,34,Pune,2022-01-17,17,Basic,622,10574,Monthly,UPI,0,3.3,No
4832,Sara Sha,Male,30,Kolkata,2026-04-15,42,Standard,835,35070,Yearly,UPI,9,2.8,No
4833,Falan Rattan,Male,41,Bangalore,2023-11-20,29,Basic,551,15979,Monthly,Debit Card,13,1.1,Yes
4834,Atharv Naidu,Male,46,Kolkata,2024-11-16,21,Premium,1614,33894,Yearly,Credit Card,2,1.8,Yes
4835,Ojasvi Varughese,Female,41,Hyderabad,2021-12-06,12,Standard,1164,13968,Yearly,UPI,9,4.7,No
4836,Lucky Sarin,Female,53,Bangalore,2024-04-20,7,Basic,529,3703,Yearly,Wallet,11,4.1,Yes
4837,Devansh Raj,Male,19,Jaipur,2025-03-01,8,Standard,1014,8112,Monthly,Credit Card,12,3.5,Yes
4838,Tanay Gaba,Male,26,Delhi,2024-03-24,52,Standard,1033,53716,Yearly,Net Banking,11,2.7,Yes
4839,Sachi Thakkar,Female,53,Pune,2023-12-14,19,Basic,669,12711,Monthly,Net Banking,15,2.5,Yes
4840,Prisha Bath,Male,59,Hyderabad,2022-03-24,11,Basic,324,3564,Yearly,Credit Card,11,1.2,Yes
4841,Aayush Patel,Male,55,Lucknow,2023-01-10,51,Premium,2374,121074,Yearly,Credit Card,4,2.4,No
4842,Oscar Saran,Male,34,Chennai,2022-11-20,33,Standard,704,23232,Monthly,Wallet,11,3.5,No
4843,Neelima Kade,Male,61,Jaipur,2022-05-03,44,Premium,1860,81840,Yearly,Net Banking,4,1.0,No
4844,Oeshi Parikh,Male,40,Bangalore,2024-04-11,22,Premium,1441,31702,Yearly,Wallet,3,4.4,No
4845,Lucky Raja,Female,30,Delhi,2024-08-25,55,Basic,609,33495,Yearly,Net Banking,1,4.4,No
4846,Theodore Puri,Male,53,Jaipur,2025-03-19,32,Basic,307,9824,Yearly,Debit Card,7,4.2,No
4847,Tristan Sankaran,Male,62,Mumbai,2025-11-15,2,Basic,520,1040,Yearly,Wallet,14,4.2,No
4848,Anika Jha,Male,55,Ahmedabad,2022-04-14,56,Standard,1076,60256,Monthly,UPI,0,4.4,Yes
4849,Yadavi Dhawan,Female,19,Kolkata,2023-04-21,39,Basic,548,21372,Monthly,Wallet,9,2.4,Yes
4850,Mitali Majumdar,Female,33,Mumbai,2023-06-26,8,Premium,1706,13648,Yearly,Debit Card,13,2.9,Yes
4851,Andrew Vyas,Female,57,Bangalore,2026-06-06,48,Premium,2046,98208,Monthly,Wallet,10,3.4,No
4852,Diya Chad,Female,32,Ahmedabad,2025-08-05,25,Basic,509,12725,Monthly,UPI,15,1.9,Yes
4853,Januja Bahl,Female,38,Mumbai,2023-10-30,13,Standard,1024,13312,Yearly,Debit Card,1,2.3,No
4854,Saumya Narang,Male,27,Lucknow,2023-06-12,5,Standard,857,4285,Monthly,Wallet,14,2.6,Yes
4855,Krishna Singh,Female,64,Mumbai,2026-02-15,29,Basic,655,18995,Yearly,Wallet,13,1.1,No
4856,Aarna Tiwari,Male,45,Chennai,2025-04-19,7,Standard,703,4921,Monthly,Net Banking,8,1.7,Yes
4857,Avni Bawa,Male,51,Hyderabad,2023-02-05,17,Standard,810,13770,Monthly,Credit Card,1,1.3,Yes
4858,Jai Singh,Female,65,Jaipur,2024-11-12,19,Basic,476,9044,Two Year,Credit Card,15,3.9,No
4859,Vamakshi Dass,Male,19,Ahmedabad,2022-09-03,27,Basic,355,9585,Yearly,Credit Card,9,2.8,No
4860,Mason Balan,Female,25,Hyderabad,2023-02-24,17,Standard,946,16082,Two Year,Debit Card,7,3.9,No
4861,Yashawini Oza,Male,22,Mumbai,2023-03-23,60,Basic,513,30780,Two Year,Net Banking,14,4.6,No
4862,Vedant Chhabra,Male,18,Jaipur,2023-08-06,33,Standard,1003,33099,Monthly,Wallet,12,1.9,No
4863,Sarthak Comar,Female,48,Jaipur,2021-10-15,57,Standard,814,46398,Yearly,UPI,1,1.5,Yes
4864,Yasti Bajaj,Female,22,Jaipur,2026-02-26,26,Basic,521,13546,Monthly,Wallet,1,4.6,No
4865,Megha Sarma,Male,53,Jaipur,2025-04-27,3,Standard,1043,3129,Monthly,Credit Card,9,4.8,Yes
4866,Zilmil Anne,Female,31,Kolkata,2024-06-11,28,Basic,405,11340,Monthly,Credit Card,12,1.1,Yes
4867,Alka Raja,Male,27,Lucknow,2024-12-20,6,Basic,399,2394,Yearly,Credit Card,2,1.8,Yes
4868,Vedika Goel,Male,59,Jaipur,2021-08-27,34,Standard,703,23902,Monthly,Credit Card,0,3.6,Yes
4869,Raagini Ghosh,Female,55,Bangalore,2022-05-19,18,Standard,1035,18630,Monthly,Net Banking,9,3.0,No
4870,Neelima Dayal,Male,64,Ahmedabad,2024-07-01,13,Standard,1198,15574,Monthly,Credit Card,3,1.8,No
4871,Abhiram Saxena,Female,40,Chennai,2023-02-23,57,Standard,1025,58425,Monthly,Wallet,3,3.2,No
4872,Lila Tandon,Male,30,Kolkata,2022-12-18,12,Basic,557,6684,Yearly,Net Banking,1,4.7,No
4873,Naveen Lal,Female,51,Ahmedabad,2022-10-27,5,Standard,1033,5165,Monthly,Net Banking,9,1.3,Yes
4874,Damyanti Puri,Female,62,Hyderabad,2026-04-06,1,Basic,552,552,Monthly,Wallet,0,2.9,Yes
4875,Arin Dugal,Female,48,Jaipur,2025-04-11,33,Basic,473,15609,Yearly,UPI,7,3.4,No
4876,Priya Wable,Female,58,Lucknow,2024-11-13,12,Standard,1042,12504,Monthly,Credit Card,7,3.4,No
4877,Suhani Garde,Male,35,Kolkata,2021-08-16,49,Premium,2339,114611,Two Year,Wallet,5,4.1,No
4878,Rishi Bhattacharyya,Male,33,Bangalore,2025-01-14,23,Basic,462,10626,Monthly,UPI,13,3.4,No
4879,Vrinda Patla,Male,39,Kolkata,2025-07-05,29,Basic,453,13137,Two Year,Credit Card,13,1.4,Yes
4880,Alexander Chandran,Female,42,Ahmedabad,2023-12-28,15,Premium,1996,29940,Monthly,UPI,0,1.3,No
4881,Rayaan Goyal,Female,24,Bangalore,2022-10-04,6,Basic,339,2034,Two Year,UPI,0,2.0,Yes
4882,Ethan Chakrabarti,Female,43,Bangalore,2025-12-31,36,Basic,514,18504,Monthly,Credit Card,14,2.2,Yes
4883,Garima Kala,Female,32,Bangalore,2023-11-03,53,Standard,1031,54643,Two Year,Net Banking,13,3.8,No
4884,Ekapad Sachdeva,Female,58,Mumbai,2026-01-22,30,Premium,1251,37530,Yearly,Credit Card,6,3.4,No
4885,Meghana Deol,Female,36,Mumbai,2024-09-14,27,Standard,1140,30780,Yearly,Net Banking,13,2.4,Yes
4886,Kritika Dutta,Male,61,Chennai,2025-10-06,38,Standard,1029,39102,Monthly,Net Banking,13,2.6,No
4887,Sara Basu,Female,40,Chennai,2024-10-05,48,Premium,1960,94080,Monthly,Debit Card,2,4.6,No
4888,Radhika Saini,Female,39,Jaipur,2025-07-15,31,Standard,1065,33015,Monthly,Credit Card,11,3.3,No
4889,Tristan Brar,Female,52,Lucknow,2024-08-01,27,Basic,648,17496,Two Year,Credit Card,6,2.8,Yes
4890,Dhruv Goda,Female,35,Pune,2023-07-16,13,Standard,1153,14989,Two Year,UPI,1,2.1,No
4891,Nidhi Chada,Female,51,Bangalore,2024-01-09,12,Basic,499,5988,Monthly,Wallet,1,1.6,Yes
4892,Aditya Dar,Male,64,Delhi,2022-12-07,22,Standard,1000,22000,Yearly,Credit Card,2,4.7,No
4893,Pallavi Sama,Male,37,Chennai,2023-11-05,29,Standard,806,23374,Yearly,Net Banking,9,1.0,No
4894,Yashodhara Dugar,Female,38,Pune,2022-08-16,17,Basic,380,6460,Monthly,UPI,0,3.1,Yes
4895,Alexander Ganguly,Male,49,Jaipur,2021-10-09,1,Standard,1097,1097,Two Year,Credit Card,14,4.7,Yes
4896,Odika Vyas,Male,28,Ahmedabad,2023-10-02,40,Standard,1047,41880,Monthly,Debit Card,4,3.5,Yes
4897,Wriddhish De,Female,41,Ahmedabad,2026-04-08,38,Basic,483,18354,Two Year,Debit Card,2,4.5,No
4898,Widisha Nagy,Male,18,Ahmedabad,2026-01-31,24,Basic,454,10896,Yearly,UPI,6,3.5,No
4899,Ekaraj Uppal,Female,31,Jaipur,2025-04-26,51,Basic,330,16830,Two Year,Debit Card,10,5.0,Yes
4900,Mugdha Dutta,Female,25,Kolkata,2025-01-10,8,Basic,507,4056,Monthly,UPI,0,4.0,No
4901,Akshay Seth,Male,36,Hyderabad,2021-09-27,43,Basic,340,14620,Monthly,Debit Card,12,1.1,Yes
4902,Hema Manne,Male,62,Kolkata,2023-11-22,25,Standard,1059,26475,Yearly,Wallet,2,2.2,No
4903,Mekhala Srinivas,Male,42,Jaipur,2021-09-15,29,Basic,470,13630,Two Year,Credit Card,11,2.1,Yes
4904,Samaksh Bhargava,Male,58,Hyderabad,2025-03-15,18,Standard,792,14256,Monthly,Wallet,11,1.8,Yes
4905,Xavier Baral,Male,50,Ahmedabad,2021-07-06,46,Standard,922,42412,Yearly,Debit Card,12,3.9,No
4906,Anmol Parmar,Male,37,Jaipur,2025-04-23,34,Standard,847,28798,Monthly,Net Banking,0,1.8,Yes
4907,Yadavi Divan,Male,46,Lucknow,2022-02-20,17,Basic,370,6290,Two Year,UPI,12,1.5,No
4908,Varenya Natt,Female,36,Chennai,2024-03-01,56,Basic,635,35560,Yearly,UPI,6,4.5,No
4909,Aishani Om,Female,56,Lucknow,2025-12-26,44,Basic,401,17644,Monthly,Wallet,10,2.3,Yes
4910,Urmi Khare,Female,26,Chennai,2025-04-26,2,Premium,2173,4346,Monthly,UPI,12,2.5,Yes
4911,Chaaya Sridhar,Male,46,Mumbai,2022-01-02,25,Standard,1181,29525,Monthly,Debit Card,14,4.5,No
4912,Dayita Rege,Female,48,Kolkata,2022-06-26,7,Premium,1307,9149,Monthly,Net Banking,7,2.6,Yes
4913,Dominic Choudhary,Male,35,Lucknow,2022-11-05,39,Basic,596,23244,Yearly,Net Banking,6,4.0,No
4914,Abdul Saraf,Female,55,Mumbai,2022-04-23,31,Basic,340,10540,Yearly,Credit Card,15,2.3,Yes
4915,Faqid Tata,Female,37,Chennai,2022-02-18,2,Premium,1826,3652,Monthly,Wallet,0,4.7,Yes
4916,Vansha Sarkar,Female,25,Chennai,2026-05-23,60,Standard,770,46200,Monthly,Net Banking,14,2.6,No
4917,Indrajit Varkey,Female,56,Delhi,2024-02-01,25,Standard,1092,27300,Yearly,Wallet,13,4.4,No
4918,Nimrat Jayaraman,Female,25,Jaipur,2023-02-28,50,Standard,917,45850,Monthly,Credit Card,2,4.9,No
4919,Tripti Grover,Female,36,Hyderabad,2023-05-20,21,Standard,1081,22701,Yearly,Net Banking,9,3.4,No
4920,Saumya More,Female,64,Bangalore,2024-10-25,18,Basic,327,5886,Monthly,Net Banking,11,2.2,Yes
4921,William Murthy,Male,53,Ahmedabad,2025-09-04,36,Standard,731,26316,Yearly,Debit Card,8,2.8,No
4922,Sathvik Iyer,Female,42,Delhi,2024-11-22,58,Basic,462,26796,Two Year,Credit Card,7,3.4,No
4923,Dalbir Nigam,Female,51,Lucknow,2021-09-07,29,Standard,986,28594,Two Year,Wallet,0,1.9,No
4924,Ranveer Sehgal,Female,47,Delhi,2022-08-30,45,Basic,309,13905,Yearly,Net Banking,11,3.1,No
4925,Yashodhara Kant,Male,38,Kolkata,2023-03-01,23,Basic,397,9131,Yearly,Net Banking,6,4.4,No
4926,Mohini Sachdev,Female,33,Mumbai,2021-12-07,54,Standard,944,50976,Yearly,Net Banking,9,4.1,No
4927,Naveen Chaudhari,Female,65,Jaipur,2022-06-03,50,Standard,965,48250,Monthly,Net Banking,13,2.6,Yes
4928,Darika Sawhney,Male,33,Delhi,2021-07-19,5,Standard,819,4095,Yearly,Credit Card,12,1.8,Yes
4929,Jagat Lad,Female,43,Kolkata,2024-03-07,10,Standard,909,9090,Monthly,Debit Card,13,2.2,Yes
4930,Ishani Prasad,Male,43,Hyderabad,2022-07-26,52,Premium,2361,122772,Monthly,Debit Card,0,4.1,No
4931,Gaurangi Madan,Male,24,Ahmedabad,2025-05-21,52,Basic,431,22412,Two Year,Net Banking,10,2.1,Yes
4932,Mitesh Wagle,Male,34,Jaipur,2021-08-01,11,Basic,576,6336,Yearly,Credit Card,2,3.8,No
4933,Andrew Mallick,Female,33,Kolkata,2026-06-06,35,Basic,312,10920,Yearly,Debit Card,5,4.3,No
4934,George Arya,Male,20,Mumbai,2023-02-02,2,Basic,481,962,Monthly,Wallet,13,3.5,Yes
4935,Vritti Chaudhari,Female,18,Hyderabad,2025-09-27,11,Premium,1585,17435,Monthly,UPI,10,1.5,Yes
4936,Warda Chaudhry,Male,47,Kolkata,2022-07-19,60,Basic,533,31980,Monthly,Wallet,8,3.8,No
4937,Anamika Bava,Male,33,Chennai,2021-07-18,27,Premium,1390,37530,Yearly,Credit Card,5,2.9,No
4938,Dominic Patla,Female,34,Pune,2021-12-28,54,Basic,615,33210,Monthly,Net Banking,4,1.1,No
4939,Adya Chander,Female,21,Kolkata,2026-03-28,26,Premium,1371,35646,Monthly,Debit Card,5,4.5,No
4940,Guneet Barad,Female,33,Bangalore,2024-03-09,5,Basic,339,1695,Yearly,Net Banking,2,3.5,No
4941,Elijah Chatterjee,Female,36,Kolkata,2026-02-19,24,Premium,1634,39216,Monthly,UPI,13,2.5,Yes
4942,Pahal Lala,Female,47,Bangalore,2021-08-31,9,Premium,1326,11934,Monthly,Net Banking,8,3.9,No
4943,Lipika Gandhi,Male,37,Chennai,2025-08-28,17,Basic,326,5542,Monthly,Debit Card,5,3.8,No
4944,Liam Nanda,Female,26,Jaipur,2026-05-27,14,Basic,627,8778,Monthly,Net Banking,5,2.4,Yes
4945,Indali Om,Male,50,Hyderabad,2024-07-06,52,Standard,701,36452,Monthly,Net Banking,2,4.3,No
4946,Saksham Tata,Female,61,Hyderabad,2025-06-28,51,Basic,337,17187,Monthly,Wallet,8,4.1,No
4947,Indali Raval,Male,60,Hyderabad,2024-10-05,6,Standard,1076,6456,Monthly,UPI,11,3.8,Yes
4948,Bahadurjit Merchant,Male,26,Delhi,2021-09-19,49,Basic,461,22589,Yearly,Net Banking,13,3.8,No
4949,Gayathri Jha,Female,55,Ahmedabad,2023-07-14,40,Basic,621,24840,Yearly,Credit Card,3,1.4,No
4950,Isha Rai,Female,52,Hyderabad,2026-05-07,41,Standard,868,35588,Monthly,Net Banking,0,1.9,No
4951,Lekha Chad,Male,53,Delhi,2025-12-28,20,Basic,691,13820,Yearly,Debit Card,8,2.1,No
4952,Udyati Lalla,Male,24,Lucknow,2024-12-15,17,Standard,731,12427,Yearly,Debit Card,5,4.1,No
4953,Ekaraj Pingle,Female,61,Chennai,2022-05-05,60,Premium,2167,130020,Yearly,Wallet,7,1.1,No
4954,Warhi Dada,Male,42,Bangalore,2023-08-25,2,Premium,1691,3382,Yearly,UPI,6,4.8,No
4955,Zansi Goswami,Female,27,Jaipur,2022-10-15,58,Basic,486,28188,Yearly,Debit Card,11,3.8,No
4956,Varenya Venkataraman,Male,32,Lucknow,2023-08-30,39,Standard,896,34944,Yearly,Credit Card,14,3.2,No
4957,Sachi Walia,Female,23,Jaipur,2024-11-07,39,Standard,848,33072,Monthly,Wallet,0,3.3,No
4958,Bahadurjit Parmar,Male,61,Lucknow,2023-07-31,33,Basic,527,17391,Yearly,Debit Card,5,4.1,No
4959,Arunima Dhillon,Male,61,Mumbai,2026-03-22,31,Basic,560,17360,Monthly,Wallet,14,3.1,Yes
4960,Devika Kar,Male,46,Hyderabad,2022-08-24,39,Standard,1116,43524,Monthly,Debit Card,9,2.6,Yes
4961,Elijah Ghose,Male,31,Bangalore,2021-08-28,56,Standard,1042,58352,Monthly,Net Banking,12,3.6,No
4962,Devika Divan,Male,55,Jaipur,2025-07-03,7,Premium,2239,15673,Monthly,UPI,14,4.3,Yes
4963,Quincy Badami,Female,55,Delhi,2023-02-11,43,Basic,548,23564,Monthly,Net Banking,4,1.2,Yes
4964,Aditya Minhas,Female,48,Ahmedabad,2025-03-16,19,Basic,310,5890,Yearly,Credit Card,8,4.7,No
4965,Isaiah Hora,Female,18,Ahmedabad,2024-03-04,40,Basic,376,15040,Monthly,Credit Card,8,4.3,No
4966,Teerth Vora,Male,21,Chennai,2021-07-15,41,Basic,547,22427,Monthly,Net Banking,0,1.5,Yes
4967,Kevin Mand,Female,26,Kolkata,2025-08-03,32,Premium,2450,78400,Yearly,UPI,2,3.9,No
4968,Viraj Loke,Male,19,Ahmedabad,2026-01-04,41,Standard,900,36900,Monthly,Wallet,13,2.1,Yes
4969,Shravya Misra,Male,52,Chennai,2024-06-27,15,Basic,526,7890,Monthly,UPI,11,1.5,No
4970,Zinal Kapadia,Female,23,Jaipur,2023-07-28,44,Premium,1594,70136,Monthly,Credit Card,0,1.3,Yes
4971,Maya Cheema,Female,36,Mumbai,2026-01-10,12,Basic,381,4572,Two Year,Net Banking,1,1.2,No
4972,Aryan Sane,Male,36,Bangalore,2022-06-30,57,Basic,656,37392,Monthly,Wallet,1,3.2,No
4973,Gavin Sibal,Female,42,Hyderabad,2026-05-05,55,Standard,749,41195,Monthly,Debit Card,4,1.8,Yes
4974,Ishaan Zacharia,Female,59,Chennai,2022-01-14,31,Basic,494,15314,Monthly,Net Banking,12,1.2,Yes
4975,Ansh Khanna,Male,52,Mumbai,2022-07-21,59,Standard,972,57348,Two Year,UPI,5,1.3,Yes
4976,Vyanjana Kala,Male,64,Mumbai,2022-11-11,4,Standard,1112,4448,Yearly,UPI,8,2.9,Yes
4977,Vanya Agate,Female,65,Pune,2025-04-09,30,Basic,476,14280,Yearly,Wallet,8,2.9,Yes
4978,Madhav Sunder,Male,43,Ahmedabad,2023-08-13,41,Basic,687,28167,Monthly,Debit Card,0,4.5,Yes
4979,Aahana Choudhary,Male,19,Lucknow,2021-12-11,41,Standard,1072,43952,Two Year,Wallet,15,4.7,Yes
4980,Caleb Seshadri,Female,38,Bangalore,2025-06-20,46,Standard,1129,51934,Yearly,Credit Card,15,3.1,Yes
4981,Mugdha Nagar,Male,19,Hyderabad,2025-11-26,50,Basic,302,15100,Monthly,Wallet,6,1.8,No
4982,Karan Sawhney,Male,43,Ahmedabad,2024-10-23,53,Standard,713,37789,Yearly,Debit Card,1,1.0,Yes
4983,Falak Raghavan,Male,45,Chennai,2022-06-29,22,Basic,477,10494,Monthly,Wallet,13,4.2,No
4984,Charan Modi,Male,21,Chennai,2022-11-20,9,Basic,353,3177,Monthly,Debit Card,4,4.3,No
4985,Udant Bahl,Male,61,Chennai,2023-08-30,33,Basic,543,17919,Two Year,UPI,5,4.9,No
4986,Arjun Dhar,Male,52,Jaipur,2022-01-08,35,Standard,727,25445,Yearly,Net Banking,8,3.2,No
4987,Harinakshi Lata,Female,37,Chennai,2026-05-05,57,Standard,754,42978,Monthly,UPI,11,3.0,No
4988,Arin Sehgal,Male,46,Mumbai,2024-03-25,26,Premium,2151,55926,Two Year,Net Banking,4,1.4,No
4989,Kavya Kibe,Female,44,Kolkata,2024-01-16,34,Basic,589,20026,Yearly,Credit Card,3,4.9,No
4990,Nilima Purohit,Female,25,Mumbai,2022-05-03,59,Basic,343,20237,Monthly,UPI,13,2.9,Yes
4991,Aarnav Tata,Female,35,Kolkata,2023-10-31,29,Standard,1179,34191,Monthly,Debit Card,13,3.1,No
4992,Charan Kara,Female,30,Ahmedabad,2025-04-09,7,Basic,420,2940,Monthly,Debit Card,9,2.7,Yes
4993,Ishaan Bhakta,Female,63,Ahmedabad,2024-06-01,12,Basic,462,5544,Monthly,Credit Card,12,3.2,Yes
4994,Advik Devi,Male,60,Chennai,2024-07-03,44,Premium,1965,86460,Monthly,Net Banking,12,1.1,Yes
4995,Sneha Lata,Female,63,Delhi,2026-05-11,48,Premium,1404,67392,Monthly,Net Banking,0,4.5,Yes
4996,Tara Rege,Female,64,Chennai,2025-03-06,51,Standard,739,37689,Monthly,Credit Card,3,3.5,No
4997,Ekavir Pathak,Female,22,Mumbai,2026-04-11,15,Basic,457,6855,Monthly,Debit Card,15,1.6,Yes
4998,Aarini Virk,Male,32,Jaipur,2025-08-26,41,Premium,2446,100286,Two Year,Debit Card,11,3.7,No
4999,Darsh Nagi,Male,38,Kolkata,2025-01-09,6,Basic,687,4122,Two Year,Net Banking,0,2.7,No
5000,Hamsini Sha,Male,40,Mumbai,2023-10-09,4,Standard,1105,4420,Two Year,Wallet,0,4.9,No
